{
  "timestamp": "20251021_005501",
  "episodes": 1000,
  "learning_rate": 9.3e-05,
  "gamma": 0.9514,
  "epsilon_decay": 0.993,
  "batch_size": 128,
  "final_epsilon": 0.01,
  "training_steps": 23873,
  "best_eval_reward": 810.5000942773695,
  "final_eval": {
    "avg_reward": 707.2490844011932,
    "std_reward": 286.1211412381572,
    "min_reward": -126.5748784310336,
    "max_reward": 1433.805139375515,
    "avg_steps": 24.0,
    "avg_assignments": 10.45,
    "avg_late_pickups": 4.38
  },
  "episode_rewards": [
    594.3990603529636,
    439.8139358647898,
    927.1704013138362,
    381.2118390008677,
    989.2793617167017,
    901.4769831318662,
    1006.5974448024733,
    790.4184615693566,
    738.8938563472577,
    662.1016745260334,
    999.0851694593232,
    854.6807538756643,
    909.5744175281889,
    676.4765065559711,
    -65.77131571644638,
    603.4464741152459,
    503.1076997338778,
    567.283477214401,
    309.12322791166935,
    398.0535862976485,
    707.0460862819914,
    403.70650006638596,
    625.7688011230774,
    1122.6760409129367,
    738.1807348416221,
    334.871741551248,
    1297.2451136846375,
    670.9435667610352,
    985.5610889097801,
    590.9281176221616,
    247.41476351907954,
    1030.3842173173928,
    -75.40360816232497,
    827.0968267663865,
    768.6877180941376,
    1096.727897907039,
    472.9138038501319,
    644.5850518609814,
    1037.3878305270296,
    613.5458868474241,
    990.5592572352643,
    967.3341604267667,
    414.77249694953366,
    572.7790965124307,
    1109.60509445175,
    493.41275724879324,
    944.7099794945597,
    635.2043384807639,
    504.34193000090454,
    914.7858107054362,
    601.6750231172481,
    649.4873022232883,
    833.2855466315932,
    944.7604842694924,
    777.5045859915837,
    726.6716195695132,
    1151.6830214350948,
    885.175819443601,
    248.3751743757862,
    448.7067374622806,
    830.9597380229716,
    575.9595630703232,
    369.6563658466144,
    562.999398017671,
    920.887472455767,
    733.0594880646846,
    1330.1068290586873,
    5.247064497455071,
    583.0630815138954,
    678.724779105771,
    691.3259548861403,
    523.0135161668429,
    701.852394186178,
    883.9896019691383,
    678.6311128086624,
    979.4205387365489,
    900.51024450861,
    436.08111002356543,
    509.93659465870155,
    915.3939418768117,
    1108.9213998950786,
    800.6080515713329,
    527.4363372529272,
    1014.7769466654837,
    887.1349533737937,
    839.8410640384493,
    415.6366392739021,
    847.4417455862454,
    870.125462831098,
    463.85910535251134,
    490.4935130695179,
    645.4661331000392,
    1175.6995764447104,
    624.3336958148531,
    536.481066954819,
    1040.8354715949708,
    509.8575714615521,
    664.8075839627588,
    1007.5566845638357,
    536.3394055573777
  ]
}