{
  "timestamp": "20251021_040804",
  "episodes": 100,
  "learning_rate": 0.001,
  "gamma": 0.99,
  "epsilon_decay": 0.995,
  "batch_size": 64,
  "final_epsilon": 0.6057704364907278,
  "training_steps": 9537,
  "best_eval_reward": -12.513753096594973,
  "final_eval": {
    "avg_reward": -109.20822294349699,
    "std_reward": 381.5373072937114,
    "min_reward": -1358.598601370097,
    "max_reward": 730.89398548355,
    "avg_steps": 96.0,
    "avg_assignments": 17.17,
    "avg_late_pickups": 7.12
  },
  "episode_rewards": [
    -999.6775509059142,
    -1490.1692392185162,
    -1205.0818338472777,
    -822.7368178321574,
    -1099.6987532285152,
    -770.5359450824262,
    -948.2319478805539,
    -1231.2433696309786,
    -522.828087154876,
    -1179.994535746657,
    -902.1098440798648,
    -809.5697402407618,
    -1226.6994702102345,
    -512.9427183778799,
    -1286.4532307465938,
    -443.6466584243033,
    359.0388371388796,
    84.23001694200757,
    -573.0678056981887,
    -795.1517481618259,
    -1053.3449854537669,
    -812.3307640884626,
    -1694.0180058785913,
    -777.3389509042731,
    -670.9820034813658,
    -842.7504585039394,
    -193.44350313425616,
    -409.96213036695303,
    -235.11008074647532,
    -662.554554798742,
    -747.0524009235488,
    -1149.6402441759294,
    -813.2077823031456,
    -283.0435983590977,
    -568.0580764722959,
    -247.72940814669965,
    -1113.277339888379,
    -1025.6826145214593,
    -700.213728006752,
    -763.4349230683372,
    -1350.8981351502653,
    -857.2210234714471,
    -663.2427171470771,
    -918.1426576627966,
    -853.1573975884426,
    -731.3901590556067,
    -1065.7847017569948,
    -140.4796477395056,
    -61.301058902965664,
    -708.3236101114563,
    -733.8500037178294,
    -451.06341674095614,
    -768.5403162516052,
    361.8479613428731,
    -732.4136328879932,
    -855.0626695894218,
    -452.48225037070824,
    -1291.162774673154,
    -1597.1378925141353,
    -564.3563929755187,
    144.89391148264104,
    331.03702594332384,
    -382.998659404224,
    -643.4052914645072,
    -683.0375354147116,
    -709.8929808381532,
    -578.0365557521362,
    -289.44745310226284,
    -1018.1534022416106,
    -156.92816693398532,
    738.9148537176953,
    57.40748320916133,
    -114.25288753882708,
    -70.16888650360907,
    -833.3269138103653,
    -502.38546668420133,
    153.52197336787685,
    -813.098206864927,
    -1403.8259318299856,
    -339.5739367195504,
    -38.539493039895305,
    -452.932115543775,
    -601.0905934368581,
    -18.516098702317635,
    -268.718720914953,
    -391.5328259186471,
    -277.5544578668412,
    -563.6632694387393,
    -235.57878390032695,
    -64.74048161914581,
    -397.51486095234446,
    -835.7369997930414,
    478.2093169568955,
    -1088.227032472094,
    -427.30088247144147,
    134.3478284015778,
    -331.64297369114047,
    -247.89698611963723,
    445.69035071519033,
    -109.00964753571229
  ]
}