{
  "timestamp": "20251021_040930",
  "episodes": 100,
  "learning_rate": 0.001,
  "gamma": 0.99,
  "epsilon_decay": 0.995,
  "batch_size": 64,
  "final_epsilon": 0.6057704364907278,
  "training_steps": 9537,
  "best_eval_reward": -105.16660798179323,
  "final_eval": {
    "avg_reward": -48.85076350011075,
    "std_reward": 450.9538917713784,
    "min_reward": -1298.3576539805904,
    "max_reward": 926.3602560909138,
    "avg_steps": 96.0,
    "avg_assignments": 17.78,
    "avg_late_pickups": 7.33
  },
  "episode_rewards": [
    -252.19069186460482,
    -1668.56166577655,
    -686.9735888459268,
    -432.4880419884595,
    -1011.2576736307599,
    -1101.1127826427855,
    -1769.052679508498,
    -602.349174716858,
    -1179.1420053524826,
    -784.8123133028914,
    -399.78535771070915,
    -1087.7448501023487,
    -468.91492283063775,
    -387.0029423989846,
    -490.77080520129743,
    -1111.842547618075,
    -1146.3408783512696,
    -560.7606439958911,
    -881.9064597718401,
    -1067.640110787146,
    -1113.3535281756183,
    -824.6470883544314,
    -1209.886203019492,
    -442.65300530799175,
    -990.2229720762612,
    -415.19954192401997,
    -484.1550279191555,
    -326.4858084807744,
    -852.8734172943942,
    -452.31369139474924,
    -419.72008854730916,
    -464.77500542909644,
    -987.34334331432,
    -657.6384970573541,
    132.28060854325372,
    -3.7603859992950674,
    -1797.5446063728211,
    -1038.287810262328,
    -123.90702681861721,
    -145.42888515497043,
    -682.7833940264356,
    -954.3685672198012,
    -226.77206054428785,
    -627.0140464223141,
    -1140.6579148693745,
    1.4455195988430916,
    -696.0802443428253,
    -275.7958219853654,
    -322.29948987969533,
    -939.2195453480274,
    -238.54687400449825,
    -662.4423830820012,
    -920.9458863966576,
    101.63919594577621,
    -285.82821073307025,
    -375.2361743422603,
    -305.6869177177122,
    127.7052946668755,
    -868.8288332807383,
    -879.1250970108988,
    -787.9687893302569,
    -672.100958165383,
    -441.68178443238486,
    -141.60923196308764,
    75.16857405449913,
    -527.3314171199156,
    303.2490242523319,
    -918.7455378305921,
    -798.525428254828,
    -464.15390442587903,
    -375.15376762212986,
    564.9692797268208,
    -701.2680927952069,
    688.7443789632914,
    -853.7344179324159,
    115.12576942640008,
    -716.8610143984517,
    -296.33602112237514,
    -534.253443834667,
    -1222.8566576611786,
    55.39792371106222,
    -874.773811354388,
    -390.33339990292586,
    -617.2231295697117,
    -128.43270385900433,
    -981.7154142692626,
    -307.9175768032992,
    -375.54957665544373,
    143.24082228278593,
    24.872694986154528,
    -326.5153226899223,
    -292.56116664914384,
    46.53066365726353,
    -256.7099565437617,
    -230.5791056914279,
    -482.3508187628291,
    331.41780433942125,
    117.78676626958655,
    81.1278507188868,
    -553.925368513461
  ]
}