{
  "timestamp": "20251020_231935",
  "episodes": 100,
  "learning_rate": 0.001,
  "gamma": 0.99,
  "epsilon_decay": 0.995,
  "batch_size": 64,
  "final_epsilon": 0.6057704364907278,
  "training_steps": 2337,
  "best_eval_reward": -1561.256994621392,
  "final_eval": {
    "avg_reward": -1862.120498119476,
    "std_reward": 570.938501129247,
    "min_reward": -3701.6643696162255,
    "max_reward": -793.6280782821738,
    "avg_steps": 24.0,
    "avg_assignments": 5.75,
    "avg_late_pickups": 2.29
  },
  "episode_rewards": [
    -1506.7554178020284,
    -1714.3038446977293,
    -2210.517303789149,
    -1556.068550285367,
    -1862.584221480285,
    -2270.2132579729277,
    -1206.7250028912226,
    -2880.7200802887733,
    -1649.7362374329027,
    -1591.9175098861092,
    -1936.1069043322989,
    -2359.5112402988025,
    -2198.696711948489,
    -1232.9075274720465,
    -1298.6002246893247,
    -1931.4226095196502,
    -2179.2173823171397,
    -2412.099321389733,
    -1500.5984456728613,
    -2560.446035847297,
    -2092.1014024402484,
    -1006.8757248388482,
    -1254.0097418247103,
    -2009.163514829552,
    -1344.9476424365037,
    -2271.0,
    -1556.856466617815,
    -2196.99107714112,
    -1192.2430983547024,
    -2292.3939067551796,
    -1226.2327191981688,
    -2009.904330610715,
    -2285.8969874357717,
    -2847.274588378453,
    -1933.8960638556903,
    -2022.7157676887855,
    -2679.9512423070096,
    -2802.5921539620863,
    -2202.8958346704662,
    -2146.979031850329,
    -1129.805381748692,
    -1591.3757187271506,
    -2187.6223580668593,
    -1592.7055860290009,
    -1930.1045135957922,
    -2507.667232801647,
    -1556.8016248227414,
    -1699.3552759801325,
    -2240.633468882151,
    -2069.275729451157,
    -997.9854831337441,
    -1641.3848767246134,
    -2599.932167005891,
    -1536.8056745300814,
    -1259.5948462090314,
    -2110.50123617761,
    -1699.9777691563395,
    -3179.5487698332977,
    -1354.749776674349,
    -975.2803324921495,
    -2083.2483401017853,
    -1661.5651096882377,
    -3417.9392617854937,
    -1530.416572804871,
    -2195.9102606288243,
    -1380.5003634485877,
    -2053.5624210212122,
    -2034.5548487227052,
    -2886.514211373931,
    -2709.6251716830416,
    -2237.91557427278,
    -2348.372414929394,
    -1560.1949194270878,
    -2719.8539426807274,
    -748.8560685750779,
    -861.8113811471154,
    -2144.837565556172,
    -2121.03112654999,
    -1665.9943070285035,
    -3385.8712142098034,
    -2447.633942074791,
    -1008.2739323241312,
    -1025.6935635632753,
    -2348.15717970813,
    -2449.1330420790164,
    -3206.61426964057,
    -2357.356123178255,
    -2017.4846975921362,
    -1607.900528629632,
    -1481.9502376507496,
    -2648.956717988892,
    -2329.0465793455583,
    -2163.222138119413,
    -2286.5352033590625,
    -1015.6521522994617,
    -2526.589970044641,
    -1222.7162293545575,
    -1910.3615881537105,
    -869.6606080063273,
    -2767.154063022708
  ]
}