{
  "timestamp": "20251021_131414",
  "episodes": 1000,
  "learning_rate": 0.00674,
  "gamma": 0.9392,
  "epsilon_decay": 0.9971,
  "batch_size": 64,
  "final_epsilon": 0.05479188678322685,
  "training_steps": 95937,
  "best_eval_reward": -2200.61682605829,
  "final_eval": {
    "avg_reward": -8436.678783702228,
    "std_reward": 1567.717862289017,
    "min_reward": -12224.502299022215,
    "max_reward": -4075.5867885153034,
    "avg_steps": 96.0,
    "avg_assignments": 7.72,
    "avg_late_pickups": 2.45
  },
  "episode_rewards": [
    -8048.804917351624,
    -7628.22123851821,
    -6045.78412589769,
    -9414.506397460696,
    -8270.597988132904,
    -9840.786147787483,
    -9353.335224521326,
    -8912.218248959629,
    -5327.038129594909,
    -7707.311264212658,
    -6659.561344343374,
    -8160.759072028037,
    -6403.917891638614,
    -3317.2384011617214,
    -4611.105913254069,
    -9675.559303980135,
    -8180.9247461373325,
    -6628.923423096867,
    -6490.995049189304,
    -8561.695103004324,
    -6868.735565344936,
    -8651.625776294706,
    -8256.124838838237,
    -9563.461872831585,
    -6613.68667018511,
    -5883.401114768826,
    -7108.368338092452,
    -6380.921535442115,
    -8299.285332080794,
    -6184.313489857027,
    -7384.8106707370425,
    -6980.964213489113,
    -7611.830556922679,
    -8259.364504491887,
    -9404.207552974562,
    -3980.6287394663395,
    -7237.662983620465,
    -7689.601095406639,
    -7279.2171911449,
    -8754.311655615707,
    -8237.568355069914,
    -7538.401889449484,
    -8639.777109267314,
    -9480.378699988596,
    -7543.967109726937,
    -6013.535038687396,
    -8440.78354965497,
    -7956.35651283404,
    -10347.516036556708,
    -8026.332996526244,
    -11137.122862979155,
    -6234.196664658758,
    -8372.725103349312,
    -7667.498880540034,
    -6370.856635479285,
    -11201.286202192736,
    -8853.610390400108,
    -5660.882336159403,
    -10256.359733535242,
    -4404.729821002316,
    -7122.448933351232,
    -2653.3191064081284,
    -8044.983983055185,
    -7661.717659429547,
    -8316.875334531418,
    -9334.545750450576,
    -8144.968790231992,
    -5321.88529235601,
    -7888.650083655852,
    -7872.49066696043,
    -8039.8687470651985,
    -6763.677048072963,
    -5782.248878273926,
    -5480.467806224352,
    -6791.77766389397,
    -4026.7846296555713,
    -7605.570620803314,
    -7956.900861903112,
    -9406.607814254621,
    -8598.062165401918,
    -6219.396189001306,
    -8681.432987847724,
    -7465.4242460632295,
    -11299.156586075787,
    -7625.060499600891,
    -5028.166240450397,
    -8308.997842269724,
    -5085.3621920318055,
    -6902.297704892748,
    -7942.771962109469,
    -8400.833078206217,
    -9487.371872759677,
    -7701.646944221178,
    -5887.403437363793,
    -9558.181217490843,
    -6313.4561361732995,
    -3726.941944452522,
    -7283.28033720341,
    -5351.821886388727,
    -5821.586775600792
  ]
}