{
  "timestamp": "20251021_002735",
  "episodes": 1000,
  "learning_rate": 7.7e-05,
  "gamma": 0.9805,
  "epsilon_decay": 0.99,
  "batch_size": 64,
  "final_epsilon": 0.01,
  "training_steps": 23937,
  "best_eval_reward": -518.1883628677472,
  "final_eval": {
    "avg_reward": -664.9055088075063,
    "std_reward": 344.7320607145571,
    "min_reward": -1619.8383213847515,
    "max_reward": 53.58553588992142,
    "avg_steps": 24.0,
    "avg_assignments": 8.42,
    "avg_late_pickups": 3.02
  },
  "episode_rewards": [
    -839.6414248151422,
    -1675.479241351316,
    -900.0481189938087,
    -1350.4703349818833,
    -827.7283771439961,
    -2042.0386577626555,
    -956.8443131411861,
    -1241.270035342709,
    -1020.7603934114624,
    -861.262979966895,
    -1226.288777674159,
    -999.7598804631828,
    -801.6940711862436,
    -1015.8397184162175,
    -191.41536203439392,
    -450.5725762044026,
    -790.7907294864922,
    -541.8689014045308,
    -515.6681411747655,
    -713.3761726803355,
    -9.003117983056072,
    -1100.7485127973673,
    -763.4789615376698,
    -511.1412178567127,
    -1248.9735513861767,
    -796.7442204901133,
    -23.078772439960716,
    -680.5366552565582,
    -546.7948498292355,
    -570.5347087005714,
    -540.4214801708448,
    -714.6573699769747,
    -1704.1362299929287,
    -1617.8336127951538,
    -527.590172437468,
    -1531.4132109412037,
    -722.4766631309376,
    -887.6666666666666,
    -308.2480901224932,
    -707.0139061740405,
    -1425.8705284340592,
    -1247.389521281209,
    -639.6958174949488,
    -867.3512147601105,
    -792.0380158016523,
    -499.56787349168275,
    246.0605775349186,
    -902.1219543366825,
    -569.8614128143147,
    -1081.3716450147117,
    -1037.5412619025547,
    -941.7124981200152,
    -1673.2491396236787,
    -459.33572694096006,
    -1575.5605281134815,
    -890.3153791077187,
    -1761.0939852010495,
    -551.5298801285679,
    -934.8708732339928,
    -1125.6641154058643,
    -728.0398984258862,
    -487.1000425485617,
    -1463.153592425762,
    -1274.0232826052709,
    -670.9134359926959,
    -482.0689563830126,
    -1238.61460705853,
    -589.6782510683518,
    -794.344990334597,
    -887.1952068969792,
    -722.1914088371043,
    -931.3286739673931,
    -27.71046055386418,
    -950.3752833217416,
    -1321.970462884609,
    -561.0514749973847,
    -517.4732456764095,
    -602.8114531073085,
    -1528.4274248807335,
    -706.879377597744,
    -308.8524405177008,
    -506.5899748247098,
    -401.55169062412983,
    -1434.1719680321457,
    -1070.6839785757606,
    -1078.0116905824868,
    -1889.8381073605512,
    -1587.0519587396932,
    -181.80357561290896,
    -1397.0374937128818,
    -696.8972336481461,
    -1066.9328713347459,
    -872.2396330615991,
    -458.803652257726,
    -454.3969824388637,
    -252.14088979410047,
    -596.3233123372931,
    249.82456348507557,
    -1114.4785499889335,
    -937.5506823964195
  ]
}