{
  "timestamp": "20251020_231734",
  "episodes": 10,
  "learning_rate": 0.001,
  "gamma": 0.99,
  "epsilon_decay": 0.995,
  "batch_size": 64,
  "final_epsilon": 0.9511101304657719,
  "training_steps": 177,
  "best_eval_reward": -1919.8176094417308,
  "final_eval": {
    "avg_reward": -1923.5077642552462,
    "std_reward": 542.3548866077297,
    "min_reward": -3385.5528057789315,
    "max_reward": -480.25785376833875,
    "avg_steps": 24.0,
    "avg_assignments": 5.22,
    "avg_late_pickups": 2.29
  },
  "episode_rewards": [
    -2013.612516250888,
    -2177.3071779377296,
    -1252.7980308646656,
    -1152.5007974595899,
    -1812.1800700707042,
    -1303.4710971278346,
    -2187.792239232099,
    -1675.6916100096873,
    -1968.9694095846708,
    -2700.730642648809
  ]
}