{
  "timestamp": "20251020_232310",
  "episodes": 1000,
  "learning_rate": 0.001,
  "gamma": 0.99,
  "epsilon_decay": 0.995,
  "batch_size": 64,
  "final_epsilon": 0.01,
  "training_steps": 23937,
  "best_eval_reward": -1628.6762960392193,
  "final_eval": {
    "avg_reward": -2203.886873437646,
    "std_reward": 624.1190092365554,
    "min_reward": -3938.2628373636644,
    "max_reward": -931.6632733759528,
    "avg_steps": 24.0,
    "avg_assignments": 4.16,
    "avg_late_pickups": 1.46
  },
  "episode_rewards": [
    -986.1492763440846,
    -2380.7924130296174,
    -1473.9713638303438,
    -1596.279327781197,
    -861.0566212061727,
    -1749.6606881727632,
    -2171.6963682251726,
    -2352.7835398692027,
    -1374.7589877316084,
    -3069.934325045849,
    -1518.9069011392633,
    -1431.952577085951,
    -2132.746016167855,
    -3197.981070361677,
    -1885.2975268439022,
    -1806.3468349300954,
    -1647.1918799377606,
    -1434.3181139702922,
    -1870.0,
    -1341.3498881191454,
    -1541.8223950718689,
    -1122.5386778094305,
    -2708.3792248900722,
    -3065.2170733641788,
    -1845.8933271212627,
    -1568.395902968411,
    -2652.1007215397813,
    -2699.2057944648764,
    -1981.94501521578,
    -2519.0009136592494,
    -2323.2855579821744,
    -1232.9238087578442,
    -942.904849877315,
    -1344.6123387883472,
    -2875.235641566211,
    -1231.602389343837,
    -2042.0065337285082,
    -1535.7088559640638,
    -2399.838842607197,
    -1669.810333051912,
    -2683.0204713587873,
    -2282.614728837698,
    -2371.0139894727968,
    -2116.874259606935,
    -3417.353798468919,
    -1725.105136872952,
    -1068.7779949199407,
    -1822.372356132013,
    -994.5725947853434,
    -761.7004625294647,
    -1452.5425838205028,
    -1366.8446349985097,
    -1873.5476547466021,
    -2334.199186831883,
    -1137.7272727272727,
    -1646.493512169829,
    -2214.9895947860155,
    -3185.5108686570748,
    -1804.3528904160742,
    -1386.419054708653,
    -2765.7481918055673,
    -727.3314069468935,
    -2584.4197170251323,
    -1883.951038979871,
    -2132.9215593770614,
    -2222.8652853125286,
    -1978.9496853138783,
    -1594.8520552448788,
    -1030.1283856311186,
    -745.8767294883938,
    -1861.809951763062,
    -1501.277263190016,
    -2642.868767471958,
    -2266.448722399124,
    -2546.6867997856234,
    -1721.9603900449256,
    -1828.8041969834928,
    -1339.379922119475,
    -1883.7150937289116,
    -2474.7419062041013,
    -2233.3617468868497,
    -2569.147279382897,
    -2693.3400074703977,
    -2599.6036866071377,
    -1422.738473605139,
    -2403.1288489576737,
    -2238.429057440666,
    -3221.4995165427413,
    -1185.9261641518203,
    -1913.2229210030237,
    -2294.861304528744,
    -2473.109688327922,
    -1636.0964021088862,
    -1354.359163932556,
    -1680.3264232252834,
    -2600.418403129988,
    -2281.147417383999,
    -2510.926010253307,
    -1771.8382816303913,
    -1265.2860565797687
  ]
}