{
  "timestamp": "20251021_122415",
  "episodes": 100,
  "learning_rate": 0.001,
  "gamma": 0.99,
  "epsilon_decay": 0.995,
  "batch_size": 64,
  "final_epsilon": 0.6057704364907278,
  "training_steps": 9537,
  "best_eval_reward": -1023.7301230123136,
  "final_eval": {
    "avg_reward": -1870.4904297762353,
    "std_reward": 1481.5013330418935,
    "min_reward": -5732.994829791675,
    "max_reward": 1158.7865157953452,
    "avg_steps": 96.0,
    "avg_assignments": 17.93,
    "avg_late_pickups": 4.39
  },
  "episode_rewards": [
    -6125.540080657883,
    -4998.690697446585,
    -5082.401134732444,
    -7596.231911512787,
    -3645.5526512125875,
    -3887.0062762374073,
    -5048.224051132428,
    -5822.648140718021,
    -434.90291051653526,
    -3994.8227079324256,
    -5629.951411744042,
    -2839.291944347927,
    -4637.616671239104,
    -2780.2294755528465,
    -3065.0006457239424,
    -4322.195987962118,
    -6517.277458168695,
    -3671.7810897206646,
    -2413.898882239914,
    -3774.171977993597,
    -5684.581882129789,
    -4641.753165700542,
    -4824.948080889323,
    -4565.960948896369,
    -4646.660009069802,
    -5917.001900259976,
    -4851.696833340104,
    -4003.6716397811724,
    -4366.889500498303,
    -4376.482642917497,
    -3449.1429027666754,
    -1713.5981605756833,
    -6070.255277775525,
    -4250.8245810948765,
    -4144.586684509938,
    -5382.889643465757,
    -3176.941272863619,
    -3423.618399682593,
    -6773.932054858871,
    -4130.554695825324,
    -5620.50678549317,
    -2566.7203335926492,
    -4883.669353736597,
    -5146.146925306912,
    -2371.2587221036547,
    -3684.6333528032765,
    -2679.8115401315868,
    -6086.766951098054,
    -2834.0632778977497,
    -3575.1919519760513,
    -4340.6783888888285,
    -7116.384632389354,
    -2004.1752329353328,
    -4959.327854218341,
    -2251.5500460776616,
    -3897.4553507190662,
    -2071.877444424561,
    -2485.636413238116,
    -6834.943532550884,
    -2520.977392296999,
    -3193.6854239602894,
    -1101.3111503855393,
    -4317.465950265722,
    -1020.6493191990726,
    -3569.4241233485186,
    -5387.770683614649,
    -1910.2499831754208,
    -1947.560042943819,
    -4384.376317734219,
    -4036.5441986036612,
    545.8501741919304,
    -2966.0159667960993,
    -2582.9736369463435,
    -3326.487804052004,
    -2930.479654257151,
    -5365.18792996635,
    -2111.5488732280446,
    -3846.1599195225517,
    -3994.216478648709,
    -642.5625812181229,
    -3945.286498815217,
    -3001.660272492062,
    -1134.0723207083033,
    -3105.391120317761,
    -1580.6041882076156,
    -4345.155200230292,
    -3798.5922122793872,
    -3252.192334679463,
    -3014.072366768321,
    -5841.479374194445,
    -4620.652045223083,
    32.27287560977038,
    -1791.5662399776977,
    -4476.043331700224,
    -2966.6994746348228,
    -800.181228458368,
    -3887.6157588549627,
    -3281.84687664795,
    -3096.2952405845517,
    -1310.1114779238733
  ]
}