{
  "timestamp": "20251021_122118",
  "episodes": 100,
  "learning_rate": 0.001,
  "gamma": 0.99,
  "epsilon_decay": 0.995,
  "batch_size": 64,
  "final_epsilon": 0.6057704364907278,
  "training_steps": 9537,
  "best_eval_reward": -19380.888622900893,
  "final_eval": {
    "avg_reward": -19613.04166776704,
    "std_reward": 3857.357797262676,
    "min_reward": -28349.09904976951,
    "max_reward": -10311.238323551403,
    "avg_steps": 96.0,
    "avg_assignments": 14.2,
    "avg_late_pickups": 3.48
  },
  "episode_rewards": [
    -24019.625509564798,
    -17995.887665495447,
    -16818.287756512662,
    -25061.48165550625,
    -16523.93205593497,
    -22262.040823716878,
    -20333.32857572986,
    -20496.33994266073,
    -24193.899705165182,
    -13334.097985415436,
    -17365.060763818634,
    -27159.615017610024,
    -11740.341581404937,
    -17046.94971002457,
    -12993.46078979675,
    -23032.14694249888,
    -17699.524924307552,
    -14148.938331153766,
    -16996.18198234629,
    -22382.765064986692,
    -26147.261384275647,
    -22126.335324851174,
    -21382.979405601163,
    -23432.6889112726,
    -14576.418555734148,
    -15664.513368459859,
    -21909.53123129181,
    -18416.50530417136,
    -20726.0001626448,
    -23558.63613490061,
    -26181.563357306197,
    -15839.058146222194,
    -17376.975475542396,
    -23319.745800098754,
    -24949.203668705897,
    -27445.83985733986,
    -21613.92192133543,
    -16913.67619427349,
    -16341.218783334889,
    -14775.593202628075,
    -18194.643181020216,
    -15395.589473052401,
    -19708.990366378577,
    -14218.289692157588,
    -19011.85909907789,
    -20075.389239945813,
    -18929.840122773643,
    -17261.925238701573,
    -19631.259999266178,
    -20533.94171850372,
    -17732.080256952213,
    -17977.23669262229,
    -26384.814871350492,
    -20002.02875297416,
    -26938.546063364633,
    -22794.811309856806,
    -19490.630503769586,
    -20821.988825181972,
    -28700.630069848437,
    -16738.319035891112,
    -22508.826773808596,
    -15613.879025419785,
    -20143.017736845144,
    -21577.384434268104,
    -18163.227211512116,
    -12680.88686961323,
    -20943.065310235055,
    -13160.919859987698,
    -15961.267110297358,
    -20061.44779816063,
    -19032.94288310033,
    -15160.370045715119,
    -19376.68967041927,
    -21551.143202640123,
    -16408.502569812663,
    -13651.280057325534,
    -23863.70664262456,
    -21660.572140602962,
    -14867.068752777992,
    -24894.57700865574,
    -17144.481858272353,
    -15922.381217271539,
    -19780.63270201294,
    -17871.45285201317,
    -24268.479703925226,
    -16205.755932144144,
    -20053.290469964704,
    -20737.821408563606,
    -18132.514420154057,
    -12905.561917274605,
    -20514.166033714566,
    -16021.64254068182,
    -14604.969573389235,
    -23934.93664882864,
    -25983.062890672278,
    -13473.066533000723,
    -24764.28162001389,
    -15221.534207619326,
    -17660.086620325696,
    -22698.18262576864
  ]
}