{
  "timestamp": "20251021_130828",
  "episodes": 100,
  "learning_rate": 0.00674,
  "gamma": 0.9392,
  "epsilon_decay": 0.9971,
  "batch_size": 64,
  "final_epsilon": 0.7479483795102521,
  "training_steps": 9537,
  "best_eval_reward": -4151.458251534764,
  "final_eval": {
    "avg_reward": -4043.761384734217,
    "std_reward": 1482.2140542490636,
    "min_reward": -7176.378389892837,
    "max_reward": -1159.0499740737496,
    "avg_steps": 96.0,
    "avg_assignments": 16.65,
    "avg_late_pickups": 4.86
  },
  "episode_rewards": [
    -4956.841224618281,
    -7259.485290186311,
    -7099.01869978192,
    -7647.828538270245,
    -4873.850215920635,
    -7707.931313512348,
    -6319.97661518925,
    -5773.6995707762,
    -5356.721854462504,
    -4358.902934139403,
    -6772.893486234452,
    -3038.5423456916405,
    -5559.26262322287,
    -4360.335792366002,
    -6621.300072610287,
    -5052.437443473012,
    -4953.989723904472,
    -8707.397949031336,
    -7638.277311935233,
    -7880.955211285259,
    -5560.073766197453,
    -7615.559474137863,
    -5283.488706379324,
    -6436.372314569776,
    -5213.250544651297,
    -7613.301079423458,
    -5206.678680314379,
    -5067.266456697668,
    -5098.933411579252,
    -4684.750648261288,
    -4436.537593198974,
    -5192.392353045614,
    -7510.540145321399,
    -7020.307192423076,
    -2534.7555614177077,
    -7271.359958182877,
    -6622.510173384952,
    -1663.4032036295175,
    -5224.218431440325,
    -5813.666978557662,
    -3972.8913571274443,
    -7778.128294013761,
    -6474.784242135222,
    -4778.800401205074,
    -4892.451114441609,
    -3817.8759151706445,
    -5458.456936758549,
    -4859.482377400152,
    -4223.971883039467,
    -7391.687469874807,
    -8966.426427077437,
    -4299.318217600681,
    -1590.4255835841022,
    -4491.703209858767,
    -3641.036569575403,
    -7453.450371153587,
    -7050.338966658939,
    -6212.591006312635,
    -4695.770466893359,
    -5961.159484070732,
    -7751.56023489285,
    -6091.9095800857285,
    -4682.750851504294,
    -8285.98006717495,
    -7059.437000016329,
    -1987.0737475311362,
    -2752.0710626011405,
    -5362.847924999232,
    -5700.9647887432775,
    -3449.430981028787,
    -2663.7122984954844,
    -5876.841232061697,
    -4859.980905889422,
    -4199.248698589464,
    -7911.306547597753,
    -4710.906387477788,
    -4952.530291926025,
    -6871.789932657023,
    -6336.427122383244,
    -1090.1781438131493,
    -3029.27402171685,
    -6781.795480179465,
    -5856.708779070978,
    -3536.9552747344683,
    -5092.555907875507,
    -1838.1177006335674,
    -6446.714671516239,
    -2819.694258873104,
    -2125.1899719616554,
    -5068.8369764817835,
    -6638.735057652068,
    -5734.7197133275195,
    -5594.432515394816,
    -4229.041743024194,
    -3713.0942876412682,
    -4104.140941535838,
    -5116.451411663802,
    -6019.833498517801,
    -6592.565492572087,
    -3308.227776984212
  ]
}