{
  "timestamp": "20251021_124223",
  "episodes": 1000,
  "learning_rate": 0.00674,
  "gamma": 0.9392,
  "epsilon_decay": 0.9971,
  "batch_size": 64,
  "final_epsilon": 0.05479188678322685,
  "training_steps": 95937,
  "best_eval_reward": -232.96452667248977,
  "final_eval": {
    "avg_reward": -5824.62466962762,
    "std_reward": 1711.183217186467,
    "min_reward": -13051.772211384778,
    "max_reward": -329.8100536676043,
    "avg_steps": 96.0,
    "avg_assignments": 12.72,
    "avg_late_pickups": 3.06
  },
  "episode_rewards": [
    -5353.6254733554915,
    -4197.904055743178,
    -4190.701740944864,
    -4017.958882532602,
    -3859.176396851147,
    -3271.709807342073,
    -3135.9769829662555,
    -5811.354069426199,
    -6051.7227068811435,
    -4551.916036384305,
    -2701.23866690066,
    -6232.49380139079,
    -7942.699756351223,
    -5176.397798808809,
    -2256.5680241891505,
    -8436.910778013063,
    -3603.3915835120324,
    -4141.766238848307,
    -5952.547135110129,
    -2696.222566724092,
    -1814.8389643589599,
    -4285.454617766625,
    -4984.511450958704,
    -4531.431548845734,
    -2442.493668722498,
    -5730.862146679645,
    -1632.6356642484475,
    -5010.414059281231,
    -2509.4476656049874,
    -3032.428171718076,
    -2564.433539558515,
    -6493.967946947268,
    -5124.2552549884385,
    -2538.9466384592642,
    -4057.749756157914,
    -3435.9634944672516,
    -10118.146852150681,
    -5289.873631579214,
    -5109.700403596759,
    -4677.987094887819,
    -1929.4523474358082,
    -7913.913019497593,
    -3633.8501107893135,
    -5726.983045127504,
    -5552.790238614346,
    -4040.8973475493613,
    -3850.355239501668,
    -8511.658636042772,
    -5683.562279366848,
    -5467.309305444056,
    -7349.8501574517095,
    -6399.628376363138,
    -6713.181151048982,
    -1876.259578050962,
    -2921.4165904257356,
    -6333.625840642286,
    -4658.945523487633,
    -4287.877743254198,
    -4796.328309644657,
    -1923.6159960726427,
    -3009.7564812044,
    -10046.657537977548,
    -8679.69278455093,
    -4912.625189935543,
    -10284.280737999947,
    -8186.738363764294,
    -2341.3017976322817,
    -6069.523377190228,
    -4951.644047988713,
    -5279.421634271863,
    -4620.111033951434,
    -3954.348122416057,
    -4282.293802252247,
    -8584.766557076895,
    -9605.955226746426,
    -9441.73035772352,
    -3215.8948659630028,
    -4727.720020701093,
    -191.6721931134589,
    -6650.555146367558,
    -6190.36555101785,
    -4871.569213058823,
    -3871.885190600953,
    -5694.38992005511,
    -5116.671161591159,
    -3872.708214247803,
    -4939.006935559047,
    -7415.080330402835,
    -7215.3918001060065,
    -6360.684170721761,
    -3917.9977605533463,
    -6518.484490745841,
    -6472.606833678785,
    -4718.712628806127,
    -5042.066974206124,
    -6352.086432103693,
    -4979.840043935464,
    -5600.989573612944,
    -4038.613601742448,
    -6008.249728483151
  ]
}