{
  "timestamp": "20251021_042441",
  "episodes": 5000,
  "learning_rate": 0.006487,
  "gamma": 0.9417,
  "epsilon_decay": 0.9923,
  "batch_size": 64,
  "final_epsilon": 0.01,
  "training_steps": 479937,
  "best_eval_reward": 330.9378905220231,
  "final_eval": {
    "avg_reward": -1715.5251685654782,
    "std_reward": 303.0731890041097,
    "min_reward": -2475.7485267363427,
    "max_reward": -856.2632330460617,
    "avg_steps": 96.0,
    "avg_assignments": 4.3,
    "avg_late_pickups": 1.93
  },
  "episode_rewards": [
    -2152.3181496658826,
    -2329.132424531005,
    -1378.3426951399765,
    -1230.0472599099467,
    -2138.066430096716,
    -2711.0608472161002,
    -2625.0649633837043,
    -972.2709828636775,
    -1831.4442727655417,
    -1961.5925779891393,
    -2500.0,
    -1428.3653363376363,
    -2414.0192378341308,
    -1882.397254752228,
    -1895.0026721434706,
    -1401.5435077097643,
    -1617.4634770243492,
    -2165.792897659832,
    -2239.01790445365,
    -1951.5562326852364,
    -1777.6975720885698,
    -1434.284446876958,
    -1232.03362849353,
    -2538.0020924958353,
    -1700.3191658736014,
    -1695.8737762099083,
    -1732.5660974442737,
    -2008.0754569642816,
    -1932.1073159109133,
    -2072.4292719490427,
    -1702.5365502605466,
    -1866.4556243492334,
    -1885.3234345037777,
    -1472.5572468759758,
    -1740.4030666187969,
    -1690.2794186304686,
    -1770.446744691459,
    -1785.680201786245,
    -1317.3045309789925,
    -1659.9484578707622,
    -2350.672446851068,
    -1432.0178048656214,
    -1473.079334356544,
    -2004.0548753675544,
    -1835.8812418932202,
    -1468.8977155622715,
    -1764.276233042926,
    -1629.2751368376273,
    -1688.9917797975434,
    -1367.8215731311368,
    -1884.626768768736,
    -1920.013790575715,
    -2154.900624121686,
    -1398.7594690618464,
    -1426.9921914425665,
    -1405.5833754467244,
    -1864.7543858439058,
    -1746.9073079621035,
    -2707.0,
    -2049.4771794296116,
    -3008.546507629125,
    -1357.883798970343,
    -1243.9954292257264,
    -1309.172428351399,
    -1547.6753656713017,
    -989.7415582938677,
    -2370.5598084731364,
    -1843.262371339889,
    -1898.430202519462,
    -1688.390070063741,
    -1761.294972362461,
    -1866.4097669361372,
    -1773.7787726037186,
    -1853.1191739573428,
    -1677.2829294930366,
    -1617.494735828706,
    -1460.2445961685373,
    -1580.8107033812423,
    -1774.377036708906,
    -1242.2558782587382,
    -1377.282260710567,
    -879.694872967555,
    -1532.547264032032,
    -1959.2938773217222,
    -1659.8188136566969,
    -1886.3749692608644,
    -1608.7480854987773,
    -1549.3557207426934,
    -1743.5622209272615,
    -2446.5717569503577,
    -1872.24109185791,
    -2048.71180227611,
    -2010.0936245927749,
    -1843.8386327444648,
    -1815.6652856508272,
    -1412.1747602897976,
    -1967.8355673331796,
    -1303.160274973198,
    -1442.571506568564,
    -2113.062856007257
  ]
}