{
  "timestamp": "20251021_121843",
  "episodes": 100,
  "learning_rate": 0.001,
  "gamma": 0.99,
  "epsilon_decay": 0.995,
  "batch_size": 64,
  "final_epsilon": 0.6057704364907278,
  "training_steps": 9537,
  "best_eval_reward": -19519.01033294791,
  "final_eval": {
    "avg_reward": -19020.291660293766,
    "std_reward": 3815.214590560223,
    "min_reward": -27690.76685734111,
    "max_reward": -10880.711762600042,
    "avg_steps": 96.0,
    "avg_assignments": 14.35,
    "avg_late_pickups": 3.77
  },
  "episode_rewards": [
    -21346.989554152464,
    -20890.70038076322,
    -18908.969864619696,
    -19954.12182309071,
    -15850.582652261955,
    -23113.143892409105,
    -19688.148807590973,
    -24596.911605662193,
    -18036.83655983326,
    -18069.92384355844,
    -19319.115951077976,
    -16614.00571851131,
    -18993.52529589676,
    -22065.866301665563,
    -15408.5616780407,
    -15006.242495530878,
    -19056.140990018208,
    -16536.047559839462,
    -15016.682869915241,
    -21678.494156059187,
    -27979.09380971647,
    -17563.119636081305,
    -19871.005648116934,
    -30737.29228772718,
    -22606.96568853552,
    -17170.43368511188,
    -20573.37382547201,
    -14871.3347585407,
    -18987.89674427752,
    -15643.037604123476,
    -24057.16169353625,
    -18674.97074061404,
    -19174.32525941785,
    -21861.970005350282,
    -23722.556973823695,
    -15248.444908639623,
    -27237.237750183864,
    -20946.406639621906,
    -20186.502458308547,
    -20924.397369539118,
    -21933.44169848838,
    -15876.432468631905,
    -17341.208967257484,
    -19110.01186723204,
    -17932.634593875104,
    -18534.90488109011,
    -19327.44386982728,
    -15782.825850804711,
    -15078.23045684213,
    -20165.61558781081,
    -21719.18017474164,
    -21117.91322436101,
    -17204.28147396111,
    -18571.917517366528,
    -22266.00183788047,
    -21386.82844673301,
    -19735.833743406565,
    -18551.978054554762,
    -16116.785527564021,
    -21594.9757033828,
    -16755.075516291574,
    -22190.945123695965,
    -18873.790030224853,
    -18450.724963237837,
    -18584.95653965546,
    -18423.597928340918,
    -18079.58338164187,
    -19260.811168877357,
    -16975.347819064657,
    -28239.57962891739,
    -23678.641637422475,
    -21220.894627808026,
    -14590.408643879236,
    -17463.39813633557,
    -19022.555685463412,
    -16909.391016570367,
    -19910.683802869895,
    -13065.672642279225,
    -22236.8706682209,
    -17463.772010492365,
    -16936.714352697796,
    -16540.2661646478,
    -18159.94193382253,
    -17887.154488506603,
    -18720.594302883823,
    -17887.61522803578,
    -16026.930214489765,
    -17399.303051648843,
    -20465.52443642506,
    -24001.258006368138,
    -13854.678005492537,
    -14966.42466971996,
    -16057.902461462358,
    -11813.446527511649,
    -16967.034204635434,
    -15748.539242337414,
    -16395.06721213849,
    -24604.36710514639,
    -20499.045258699894,
    -24099.732996302384
  ]
}