{
  "timestamp": "20251021_134454",
  "episodes": 100,
  "learning_rate": 0.00674,
  "gamma": 0.9392,
  "epsilon_decay": 0.9971,
  "batch_size": 64,
  "final_epsilon": 0.7479483795102521,
  "training_steps": 9537,
  "best_eval_reward": -700.7882415897611,
  "final_eval": {
    "avg_reward": -972.4614190502219,
    "std_reward": 1854.5301565778923,
    "min_reward": -5600.9826655116985,
    "max_reward": 3147.661024682944,
    "avg_steps": 96.0,
    "avg_assignments": 16.23,
    "avg_late_pickups": 4.43
  },
  "episode_rewards": [
    -5345.162617307529,
    -9467.12132442211,
    -6306.040381424228,
    -3622.9208817974554,
    -2969.726860989931,
    -3388.5319772980824,
    -8367.980724398109,
    -3109.4868008685326,
    -7311.532182688066,
    -5605.06207818576,
    -2616.0735930377336,
    -2384.3384389887915,
    -4294.883361449847,
    -3834.3230887391496,
    -7196.769444205565,
    -2682.5412731702645,
    -1860.0759111984694,
    -6065.886155681401,
    -3977.1219346651733,
    -7568.217997140404,
    -4041.2362120858834,
    -1820.478281931103,
    -3423.0156646088717,
    -4982.607558012978,
    -3168.505583601867,
    -5994.134881050071,
    -1043.0986405305161,
    -2028.1722976508715,
    1039.638922033947,
    -5198.282157691545,
    -1958.264391945302,
    -6297.165566974353,
    -4862.434697981536,
    -1563.2249734901943,
    -2471.222539581081,
    -3578.639868273035,
    -3840.8538141884824,
    -112.6973249801581,
    -2286.779677083253,
    -3478.3286811520925,
    -936.4321978473495,
    -2872.623604776166,
    -3411.534842409997,
    -945.9747104561166,
    -2120.2905219290037,
    -8106.649574979863,
    -1798.180131611738,
    -2295.1781440245,
    -1458.55005692724,
    -2346.425062015611,
    -3761.947599834418,
    -1040.8842778160306,
    -366.9657066202094,
    -1701.7362807623826,
    -5113.489142122092,
    -5406.662161705546,
    -1288.1570139173064,
    -1720.0616305488775,
    -2917.8863524156645,
    -5611.025122098925,
    -3936.9522821909886,
    -4055.2310476957446,
    2491.013037485007,
    3703.1362677048974,
    -5314.683766814684,
    -802.2745737232649,
    -1900.7018998861645,
    -2212.229310908676,
    -4126.862860426946,
    -311.7746955598868,
    -1609.915432368215,
    -4236.609122219322,
    1592.7402145651686,
    -5053.115583627512,
    -2320.7183915866517,
    1757.737252006018,
    -1791.349087957786,
    93.58291737649415,
    -1206.7519663641515,
    -231.98668264190565,
    -2526.4980251012407,
    723.8637901376678,
    -2790.3986853031515,
    -1053.2596835049844,
    -1055.1296040129364,
    -402.4050343697554,
    -804.8242099881131,
    -4242.950026571379,
    -2804.645714480551,
    3659.888331506573,
    -781.0353417135739,
    -4296.499876320104,
    38.35520868774938,
    -3753.706619094818,
    -1732.0222100298947,
    -2617.0856544190806,
    -1343.1481361529611,
    -3493.708186094546,
    -1012.804390521168,
    -1664.050501312926
  ]
}