{
  "timestamp": "20251021_135018",
  "episodes": 1000,
  "learning_rate": 0.00674,
  "gamma": 0.9392,
  "epsilon_decay": 0.9971,
  "batch_size": 64,
  "final_epsilon": 0.05479188678322685,
  "training_steps": 95937,
  "best_eval_reward": 1260.6756020099306,
  "final_eval": {
    "avg_reward": -4206.23392153271,
    "std_reward": 2145.2809990125875,
    "min_reward": -8818.050308560045,
    "max_reward": -408.86842817133265,
    "avg_steps": 96.0,
    "avg_assignments": 11.51,
    "avg_late_pickups": 2.72
  },
  "episode_rewards": [
    -1522.7469636479154,
    -1131.2132658554751,
    -2907.646443493766,
    -3215.686957319891,
    -4563.921814597381,
    -3932.8908674718205,
    -1451.5942043473578,
    -1667.4652251679327,
    -3264.5647430973113,
    -3534.781267235164,
    -3995.374487314186,
    -1380.8679274010603,
    -6947.194543250184,
    -2484.324783330556,
    -605.6904977102408,
    -3672.6969504928365,
    -3828.041942535203,
    -2206.9710878174733,
    -3099.305610386363,
    -2762.1938926131143,
    1130.178565684757,
    -2990.53485260123,
    -5359.592178632316,
    -648.3370247548128,
    -2998.755178412394,
    -2120.4155102020413,
    1287.203300780976,
    -2829.714361160879,
    -5701.006981730469,
    -2598.983302635733,
    -2184.17548963802,
    -366.86881932810047,
    -1838.4303157618597,
    -2321.8805872915514,
    -5238.494661724795,
    -881.912879439903,
    -4118.3620595454695,
    -3094.3828179853053,
    599.1920979106503,
    -1963.7430663434634,
    -3977.1310892615,
    -3588.9162635480216,
    -2246.3317500077583,
    -1840.4295099777455,
    -1318.0211431167136,
    -7757.103637486718,
    -844.5520939027906,
    -2234.874511903205,
    -2171.826958836562,
    -3372.936827946937,
    -1058.8117855551955,
    -4815.660200434641,
    -6251.913213394006,
    -1318.7123544168207,
    -4390.7432691929935,
    -2121.494602794779,
    -1986.4587072515287,
    31.05645711554962,
    -5176.732885956013,
    -579.8035622185491,
    -4612.333587438209,
    -4001.6510970845475,
    -2905.3394980249263,
    -5006.210297970318,
    -3247.4804711815304,
    -8844.532455752736,
    -1608.0191152031962,
    -3126.0825949329246,
    -2380.8837047513225,
    -6003.505411919716,
    -3571.564713881239,
    -1288.9499855329836,
    -3140.1121822866953,
    -1537.048983742904,
    -4786.459408498412,
    -4287.450242706036,
    -2898.345020837828,
    -658.1365229093471,
    -5629.841537636215,
    -2051.155962848637,
    -4056.569482431627,
    1951.8140043553904,
    -3176.3885940824803,
    -644.2052977430608,
    -3860.4055209263647,
    -2818.094117904546,
    -4473.519434069068,
    366.14372354168427,
    -1998.8904113015724,
    -3620.885886505177,
    -5768.234355759603,
    -2651.467322750758,
    -1648.415440383089,
    663.8473846772413,
    -1780.1916491326147,
    -5410.989911685745,
    -1390.3856317378018,
    -6489.218309892561,
    -3057.7243783500653,
    -3263.423560593408
  ]
}