
> lirie-unified-app@0.1.0 start
> expo start --dev-client --clear --port 8081

env: load .env.development
env: export EXPO_PUBLIC_API_BASE_URL EXPO_PUBLIC_DRIVER_SOCKET_URL EXPO_PUBLIC_RELEASE_SHA EXPO_PUBLIC_GOOGLE_MAPS_ANDROID_API_KEY EXPO_PUBLIC_GOOGLE_MAPS_IOS_API_KEY EXPO_PUBLIC_ENABLE_DRIVER_SOCKET EXPO_PUBLIC_ENABLE_REALTIME_AUTH_RECONNECT EXPO_PUBLIC_ENABLE_REALTIME_AUTH_EXHAUSTION_GUARD EXPO_PUBLIC_ENABLE_REALTIME_RECONNECT_CIRCUIT_BREAKER EXPO_PUBLIC_ENABLE_REALTIME_RESYNC_TRANSITION_GATE EXPO_PUBLIC_ENABLE_DRIVER_PUSH EXPO_PUBLIC_ENABLE_DRIVER_NOTIFICATION_ACTIONS EXPO_PUBLIC_ENABLE_DRIVER_FCM_NATIVE EXPO_PUBLIC_ENABLE_COMPANY_PUSH EXPO_PUBLIC_ENABLE_BG_LOCATION EXPO_PUBLIC_ENABLE_TRACKING_PERSISTENT_QUEUE EXPO_PUBLIC_ENABLE_TRACKING_HTTP_FALLBACK EXPO_PUBLIC_ENABLE_TRACKING_RESUME_RESYNC EXPO_PUBLIC_ENABLE_TRACKING_PRESENCE_MODE EXPO_PUBLIC_ENABLE_TRACKING_SAFE_STALE_FALLBACK EXPO_PUBLIC_ENABLE_TRACKING_ADAPTIVE_CADENCE EXPO_PUBLIC_ENABLE_TRACKING_REAL_ACK_SEMANTICS EXPO_PUBLIC_ENABLE_TRACKING_QUEUE_COMPACTION EXPO_PUBLIC_ENABLE_DRIVER_MISSION_BAR EXPO_PUBLIC_ENABLE_DRIVER_MESSAGES_HUB EXPO_PUBLIC_ENABLE_DRIVER_NETWORK_IDLE_GATING EXPO_PUBLIC_ENABLE_DRIVER_BACKGROUND_NETWORK_GATING EXPO_PUBLIC_ENABLE_DRIVER_SYNC_POLL_HARMONIZATION EXPO_PUBLIC_ENABLE_DRIVER_HTTP_ADAPTIVE_TIMEOUT EXPO_PUBLIC_ENABLE_DRIVER_NETWORK_2G_CADENCE EXPO_PUBLIC_ENABLE_DRIVER_TRANSITION_WINDOW_TUNING EXPO_PUBLIC_ENABLE_COMPANY_DISPATCH EXPO_PUBLIC_ENABLE_COMPANY_REALTIME EXPO_PUBLIC_ENABLE_COMPANY_MOBILE_CLIENTS_READONLY EXPO_PUBLIC_ENABLE_COMPANY_MOBILE_INVOICES_READONLY EXPO_PUBLIC_SENTRY_DSN SENTRY_ORG SENTRY_PROJECT
Starting project at C:\Users\jasiq\atmr.worktrees\gps-p0-g3-nn1\mobile\unified-app
Starting Metro Bundler
warning: Bundler cache is empty, rebuilding (this may take a minute)
Waiting on http://localhost:8081
Logs for your project will appear below.
Android .\index.js ░░░░░░░░░░░░░░░░  0.0% (0/1)
Android .\index.js ▓▓░░░░░░░░░░░░░░ 13.6% (  8/103)
Android .\index.js ▓▓░░░░░░░░░░░░░░ 13.6% ( 59/216)
Android .\index.js ▓▓▓▓▓░░░░░░░░░░░ 35.6% (258/451)
Android .\index.js ▓▓▓▓▓▓▓▓▓░░░░░░░ 60.6% (488/641)
Android .\index.js ▓▓▓▓▓▓▓▓▓▓░░░░░░ 63.8% (606/876)
Android .\index.js ▓▓▓▓▓▓▓▓▓▓░░░░░░ 63.8% ( 773/1316)
Android .\index.js ▓▓▓▓▓▓▓▓▓▓░░░░░░ 63.8% ( 937/1501)
Android .\index.js ▓▓▓▓▓▓▓▓▓▓░░░░░░ 63.8% (1244/1671)
Android .\index.js ▓▓▓▓▓▓▓▓▓▓░░░░░░ 63.8% (1365/1850)
Android .\index.js ▓▓▓▓▓▓▓▓▓▓░░░░░░ 63.8% (1623/2075)
Android .\index.js ▓▓▓▓▓▓▓▓▓▓░░░░░░ 64.3% (1807/2262)
Android .\index.js ▓▓▓▓▓▓▓▓▓▓▓▓░░░░ 79.0% (2170/2441)
Android .\index.js ▓▓▓▓▓▓▓▓▓▓▓▓▓░░░ 86.4% (2392/2573)
Android .\index.js ▓▓▓▓▓▓▓▓▓▓▓▓▓▓░░ 90.8% (2609/2788)
Android .\index.js ▓▓▓▓▓▓▓▓▓▓▓▓▓▓▓░ 97.9% (2944/2975)
Android Bundled 54450ms index.js (3039 modules)
 WARN  [Reanimated] Reduced motion setting is enabled on this device. This warning is visible only in the development mode. Some animations will be disabled by default. You can override the behavior for individual animations, see https://docs.swmansion.com/react-native-reanimated/docs/guides/troubleshooting#reduced-motion-setting-is-enabled-on-this-device.
 INFO  [driver-telemetry] tracking.background.task.registration_status {"bg_flag_enabled": true, "runtime": "dev_client_or_standalone", "source": "driver.services.backgroundLocationTask", "task_defined": true, "task_name": "background-location-task", "task_started": false}
 LOG  [BootSplash] state {"status":"idle","introState":"loading","animFinished":false,"showLottieLayer":false,"showOverlay":true,"overlayMounted":true,"elapsedMs":91}
 INFO  [perf-kpi] perf.boot.milestone {"milestone": "APP_JS_READY", "since_cold_start_ms": 1142, "source": "boot.milestones", "timestamp_client": "2026-08-16T09:47:03.718Z"}
 LOG  [BootSplash] status transition idle -> bootstrapping
 LOG  [BootSplash] state {"status":"bootstrapping","introState":"loading","animFinished":false,"showLottieLayer":false,"showOverlay":true,"overlayMounted":true,"elapsedMs":134}
 LOG  [BootSplash] state {"status":"bootstrapping","introState":"skip","animFinished":false,"showLottieLayer":false,"showOverlay":false,"overlayMounted":true,"elapsedMs":152}
 INFO  [perf-kpi] perf.boot.milestone {"milestone": "SESSION_RESTORED", "since_cold_start_ms": 1260, "source": "boot.milestones", "timestamp_client": "2026-08-16T09:47:03.836Z"}
 INFO  [FCM-GATE] DriverNotificationsBridge state {"contextType": "driver", "driverId": 19, "enabled": false, "fcmEnabled": true, "pushEnabled": true, "status": "bootstrapping"}
 INFO  [driver-telemetry] driver_push.bridge_mounted {"context_type": "driver", "driver_id": 19, "enabled": false, "fcm_enabled": true, "source": "driver.notifications.bridge"}
 INFO  [perf-kpi] perf.runtime.context_switch_total {"from_context": null, "source": "perf.runtime_stability", "timestamp_client": "2026-08-16T09:47:03.859Z", "to_context": "driver:driver:19", "total": 1}
 INFO  [driver-telemetry] driver.network.profile {"network_profile_active": "normal", "recommended_sync_interval_ms": 10000, "source": "core.api.client"}
 INFO  [driver-telemetry] driver.http.timeout {"endpoint": "/driver/me/telemetry/push", "network_profile_active": "normal", "source": "core.api.client", "timeout_ms": 15000}
 INFO  [driver-telemetry] driver.push.fcm.token {"source": "driver.firebaseMessaging", "token_present": true}
 LOG  [BootSplash] overlay hidden after 644 ms
 LOG  [BootSplash] state {"status":"bootstrapping","introState":"skip","animFinished":false,"showLottieLayer":false,"showOverlay":false,"overlayMounted":false,"elapsedMs":651}
 INFO  [driver-telemetry] auth.refresh.endpoint_used {"endpoint": "refresh-token", "source": "core.api.client"}
 INFO  [driver-telemetry] driver.network.profile {"network_profile_active": "normal", "recommended_sync_interval_ms": 10000, "source": "core.api.client"}
 INFO  [driver-telemetry] driver.http.timeout {"endpoint": "/driver/me/telemetry/push", "network_profile_active": "normal", "source": "core.api.client", "timeout_ms": 15000}
 INFO  [driver-telemetry] tracking.session.readiness {"readiness": "ABSENT", "reason": "load_expired_or_missing", "session_generation": null, "source": "driver.tracking.queue", "tracking_session_id": null}
 INFO  [driver-telemetry] tracking.queue.resume_after_auth {"auth_session_changed": false, "pending_count": 0, "preserve_pending": true, "source": "driver.tracking.queue"}
 INFO  [perf-kpi] perf.boot.milestone {"milestone": "SESSION_READY", "since_cold_start_ms": 5282, "source": "boot.milestones", "timestamp_client": "2026-08-16T09:47:07.858Z"}
 INFO  [driver-telemetry] realtime.transport.state {"actual_transport": "polling", "connected": true, "mode": "socket", "source": "core.realtime.manager", "transport_authority": "polling"}
 INFO  [perf-kpi] perf.realtime.notify {"duration_ms": 0, "listener_count": 0, "role": "unknown", "screen": "app.root", "source": "perf.instrumentation", "timestamp_client": "2026-08-16T09:47:07.863Z"}
 LOG  [DriverSocket] {"contextId": "driver:19", "hasToken": true, "path": "/socket.io", "socketUrl": "http://127.0.0.1:15100", "surface": "driver", "transports": ["websocket", "polling"], "urlEnvSource": "EXPO_PUBLIC_DRIVER_SOCKET_URL"}
 INFO  [driver-telemetry] tracking.context.lease.updated {"from_driver": undefined, "lease_state": "inactive", "source": "driver.services.trackingContextLease"}
 INFO  [FCM-GATE] register effect start {"enabled": true, "fcmEnabled": true, "source": "driver.notifications.bridge", "stage": "session_ready"}
 INFO  [FCM-GATE] DriverNotificationsBridge state {"contextType": "driver", "driverId": 19, "enabled": true, "fcmEnabled": true, "pushEnabled": true, "status": "ready"}
 INFO  [driver-telemetry] driver_push.bridge_mounted {"context_type": "driver", "driver_id": 19, "enabled": true, "fcm_enabled": true, "source": "driver.notifications.bridge"}
 LOG  [BootSplash] status transition bootstrapping -> ready
 LOG  [BootSplash] state {"status":"ready","introState":"skip","animFinished":false,"showLottieLayer":false,"showOverlay":false,"overlayMounted":false,"elapsedMs":4294}
 INFO  [driver-telemetry] driver.network.profile {"network_profile_active": "normal", "recommended_sync_interval_ms": 10000, "source": "core.api.client"}
 INFO  [driver-telemetry] driver.http.timeout {"endpoint": "/driver/me/telemetry/push", "network_profile_active": "normal", "source": "core.api.client", "timeout_ms": 15000}
 INFO  [driver-telemetry] tracking.context.lease.updated {"from_driver": undefined, "lease_state": "driver_active", "source": "driver.services.trackingContextLease"}
 INFO  [driver-telemetry] driver.push.fcm.token {"source": "driver.firebaseMessaging", "token_present": true}
 INFO  [driver-telemetry] tracking.queue.resume_after_auth {"auth_session_changed": false, "pending_count": 0, "preserve_pending": true, "source": "driver.tracking.queue"}
 INFO  [driver-telemetry] tracking.presence_context.updated {"driver_available": true, "mission_id": null, "presence_window_open": true, "source": "driver.tracking.bridge"}
 INFO  [driver-telemetry] driver.gate.unified_evaluated {"allowed": true, "enabled": true, "option": "C", "source": "DriverUnifiedGateGuard"}
 INFO  [driver-telemetry] driver.network.profile {"network_profile_active": "normal", "recommended_sync_interval_ms": 10000, "source": "core.api.client"}
 INFO  [driver-telemetry] driver.http.timeout {"endpoint": "/driver/me/bookings", "network_profile_active": "normal", "source": "core.api.client", "timeout_ms": 15000}
 INFO  [driver-telemetry] driver.network.profile {"network_profile_active": "normal", "recommended_sync_interval_ms": 10000, "source": "core.api.client"}
 INFO  [driver-telemetry] driver.http.timeout {"endpoint": "/driver/me/bookings/since", "network_profile_active": "normal", "source": "core.api.client", "timeout_ms": 15000}
 INFO  [driver-telemetry] driver.network.profile {"network_profile_active": "normal", "recommended_sync_interval_ms": 10000, "source": "core.api.client"}
 INFO  [driver-telemetry] driver.http.timeout {"endpoint": "/driver/me/company-bookings/today", "network_profile_active": "normal", "source": "core.api.client", "timeout_ms": 15000}
 INFO  [driver-telemetry] tracking.session.readiness {"readiness": "CREATING", "reason": "session_conflict", "session_generation": null, "source": "driver.tracking.queue", "tracking_session_id": null}
 INFO  [perf-kpi] perf.js_long_task {"duration_ms": 583.1821869984269, "role": "driver", "screen": "/", "source": "perf.instrumentation", "timestamp_client": "2026-08-16T09:47:08.458Z"}
 INFO  [driver-telemetry] tracking.auth.presence.published {"driver_id": 19, "kind": "SESSION_AVAILABLE", "session_generation_id": 0, "tracking_identity_id": "driver:19:company:unknown"}
 INFO  [driver-telemetry] driver.network.profile {"network_profile_active": "normal", "recommended_sync_interval_ms": 10000, "source": "core.api.client"}
 INFO  [driver-telemetry] driver.http.timeout {"endpoint": "/driver/me/device-health", "network_profile_active": "normal", "source": "core.api.client", "timeout_ms": 15000}
 INFO  [driver-telemetry] tracking.queue.flush {"backend_acked": 0, "dropped": 0, "flush_path": "http_fallback", "network_profile_active": "normal", "oldest_item_age_ms": null, "queue_depth": 0, "retried": 0, "sent": 0, "socket_emitted": 0, "source": "driver.tracking.queue", "tracking_queue_oldest_age_ms": null}
 INFO  [driver-telemetry] tracking.flush.transport {"backend_acked": 0, "sent": 0, "socket_emitted": 0, "source": "driver.tracking.queue", "transport": "http"}
 INFO  [driver-telemetry] driver.runtime.reconcile {"background_enabled": true, "background_permission": "undetermined", "context_id": "driver:19", "mission_id": null, "services_enabled": false, "source": "driver.tracking.reconcile", "tracking_mode": "off"}
 INFO  [driver-telemetry] tracking.session.readiness {"readiness": "REGISTERING", "reason": "session_conflict", "session_generation": null, "source": "driver.tracking.queue", "tracking_session_id": "trk_sess_1786873628455_92bm3him"}
 INFO  [driver-telemetry] tracking.session.readiness {"readiness": "REGISTERING", "reason": "register_start", "session_generation": null, "source": "driver.tracking.queue", "tracking_session_id": "trk_sess_1786873628455_92bm3him"}
 INFO  [driver-telemetry] driver.network.profile {"network_profile_active": "offline", "recommended_sync_interval_ms": 30000, "source": "core.api.client"}
 INFO  [driver-telemetry] driver.http.timeout {"endpoint": "/driver/me/tracking/sessions", "network_profile_active": "offline", "source": "core.api.client", "timeout_ms": 2500}
 INFO  [driver-telemetry] driver.network.profile {"network_profile_active": "offline", "recommended_sync_interval_ms": 30000, "source": "core.api.client"}
 INFO  [driver-telemetry] driver.http.timeout {"endpoint": "/driver/me/profile", "network_profile_active": "offline", "source": "core.api.client", "timeout_ms": 2500}
 INFO  [driver-telemetry] tracking.background.task.stopped {"reason": "ineligible_tracking_state", "source": "driver.services.backgroundLocationTask", "task_name": "background-location-task"}
 INFO  [driver-telemetry] driver.network.profile {"network_profile_active": "offline", "recommended_sync_interval_ms": 30000, "source": "core.api.client"}
 INFO  [driver-telemetry] driver.http.timeout {"endpoint": "/driver/me/profile", "network_profile_active": "offline", "source": "core.api.client", "timeout_ms": 2500}
 INFO  [driver-telemetry] driver.network.profile {"network_profile_active": "offline", "recommended_sync_interval_ms": 30000, "source": "core.api.client"}
 INFO  [driver-telemetry] driver.http.timeout {"endpoint": "/driver/me/profile", "network_profile_active": "offline", "source": "core.api.client", "timeout_ms": 2500}
 INFO  [driver-telemetry] driver.network.profile {"network_profile_active": "offline", "recommended_sync_interval_ms": 30000, "source": "core.api.client"}
 INFO  [driver-telemetry] driver.http.timeout {"endpoint": "/driver/me/profile", "network_profile_active": "offline", "source": "core.api.client", "timeout_ms": 2500}
 INFO  [driver-telemetry] driver.network.profile {"network_profile_active": "offline", "recommended_sync_interval_ms": 30000, "source": "core.api.client"}
 INFO  [driver-telemetry] driver.http.timeout {"endpoint": "/driver/save-push-token", "network_profile_active": "offline", "source": "core.api.client", "timeout_ms": 2500}
 INFO  [driver-telemetry] tracking.background.task.stopped {"reason": "tracking_bridge_stopped", "source": "driver.services.backgroundLocationTask", "task_name": "background-location-task"}
 INFO  [perf-kpi] perf.motion.animation {"duration_expected_ms": 150, "duration_ratio": 2.2866666666666666, "duration_real_ms": 343, "kind": "data_reveal", "layer": "data", "screen": "driver.inbox", "source": "motion.data", "timestamp_client": "2026-08-16T09:47:08.699Z"}
 INFO  [perf-kpi] perf.js_long_task {"duration_ms": 241.18833300471306, "role": "driver", "screen": "/", "source": "perf.instrumentation", "timestamp_client": "2026-08-16T09:47:08.700Z"}
 INFO  [perf-kpi] perf.motion.animation {"duration_expected_ms": 180, "duration_ratio": 0.5277777777777778, "duration_real_ms": 95, "kind": "indicator_slide", "layer": "inbox_indicator", "screen": "messages.inbox", "source": "motion.inbox_indicator", "timestamp_client": "2026-08-16T09:47:08.798Z"}
 INFO  [perf-kpi] perf.motion.animation {"duration_expected_ms": 150, "duration_ratio": 1.0333333333333334, "duration_real_ms": 155, "kind": "data_reveal", "layer": "data", "screen": "driver.inbox", "source": "motion.data", "timestamp_client": "2026-08-16T09:47:08.858Z"}
 INFO  [driver-telemetry] realtime.degraded.entered {"degraded_hysteresis_ms": 8000, "source": "core.realtime.manager"}
 INFO  [driver-telemetry] realtime.transport.state {"actual_transport": "polling", "connected": true, "mode": "socket", "source": "core.realtime.manager", "transport_authority": "degraded"}
 INFO  [perf-kpi] perf.realtime.notify {"duration_ms": 1, "listener_count": 3, "role": "driver", "screen": "/", "source": "perf.instrumentation", "timestamp_client": "2026-08-16T09:47:15.880Z"}
 INFO  [perf-kpi] perf.runtime.socket_reconnect_failed_total {"context_id": "driver:19", "source": "perf.runtime_stability", "timestamp_client": "2026-08-16T09:47:17.884Z", "total": 1}
 INFO  [driver-telemetry] realtime.transport.state {"actual_transport": "polling", "connected": false, "mode": "polling", "source": "core.realtime.manager", "transport_authority": "degraded"}
 INFO  [perf-kpi] perf.realtime.notify {"duration_ms": 1, "listener_count": 3, "role": "driver", "screen": "/", "source": "perf.instrumentation", "timestamp_client": "2026-08-16T09:47:17.891Z"}
 INFO  [driver-telemetry] realtime.socket.disconnect {"context_id": "driver:19", "reason": "timeout", "source": "core.realtime.manager"}
 INFO  [driver-telemetry] realtime.transport.mismatch {"actual_transport": "polling", "context_id": "driver:19", "desired_transport": "socket", "source": "core.realtime.manager"}
 INFO  [perf-kpi] perf.realtime.notify {"duration_ms": 1, "listener_count": 3, "role": "driver", "screen": "/", "source": "perf.instrumentation", "timestamp_client": "2026-08-16T09:47:17.897Z"}
 INFO  [driver-telemetry] tracking.queue.flush {"backend_acked": 0, "dropped": 0, "flush_path": "http_fallback", "network_profile_active": "normal", "oldest_item_age_ms": null, "queue_depth": 0, "retried": 0, "sent": 0, "socket_emitted": 0, "source": "driver.tracking.queue", "tracking_queue_oldest_age_ms": null}
 INFO  [driver-telemetry] tracking.flush.transport {"backend_acked": 0, "sent": 0, "socket_emitted": 0, "source": "driver.tracking.queue", "transport": "http"}
 INFO  [driver-telemetry] driver.network.tick {"app_state": "active", "context_id": "driver:19", "driver_network_tick_total": 1, "mission_presence": "none", "network_activity_authority": "idle_loop", "network_profile_active": "offline", "source": "driver.realtime"}
 INFO  [driver-telemetry] driver.network.profile {"context_id": "driver:19", "network_profile_active": "offline", "recommended_sync_interval_ms": 30000, "source": "driver.realtime"}
 INFO  [driver-telemetry] driver.network.wake {"context_id": "driver:19", "driver_network_wake_cause": "polling_tick", "network_activity_authority": "idle_loop", "source": "driver.realtime"}
 INFO  [driver-telemetry] driver.network.profile {"network_profile_active": "offline", "recommended_sync_interval_ms": 30000, "source": "core.api.client"}
 INFO  [driver-telemetry] driver.http.timeout {"endpoint": "/driver/me/bookings", "network_profile_active": "offline", "source": "core.api.client", "timeout_ms": 2500}
 INFO  [driver-telemetry] driver.network.profile {"network_profile_active": "offline", "recommended_sync_interval_ms": 30000, "source": "core.api.client"}
 INFO  [driver-telemetry] driver.http.timeout {"endpoint": "/driver/me/bookings", "network_profile_active": "offline", "source": "core.api.client", "timeout_ms": 2500}
 INFO  [driver-telemetry] driver.network.profile {"network_profile_active": "offline", "recommended_sync_interval_ms": 30000, "source": "core.api.client"}
 INFO  [driver-telemetry] driver.http.timeout {"endpoint": "/driver/me/bookings/since", "network_profile_active": "offline", "source": "core.api.client", "timeout_ms": 2500}
 INFO  [driver-telemetry] driver.http.fail_fast_offline {"connected": false, "endpoint": "/driver/me/bookings/since", "internet_reachable": false, "network_type": "fallback", "source": "core.api.client"}
 INFO  [driver-telemetry] driver.network.profile {"network_profile_active": "offline", "recommended_sync_interval_ms": 30000, "source": "core.api.client"}
 INFO  [driver-telemetry] driver.http.timeout {"endpoint": "/driver/me/company-bookings/today", "network_profile_active": "offline", "source": "core.api.client", "timeout_ms": 2500}
 INFO  [perf-kpi] perf.thread_runtime {"company_id": 3, "duration_ms": 0, "message_count": 0, "path": "hub_thread", "phase": "perf.thread.normalize_done", "row_count": 0, "source": "thread.messages.normalize", "thread_id": "team", "timestamp_client": "2026-08-16T09:47:30.842Z"}
 INFO  [perf-kpi] perf.thread_runtime {"company_id": 3, "duration_ms": 0, "message_count": 0, "path": "hub_thread", "phase": "perf.thread.normalize_done", "row_count": 0, "source": "thread.messages.normalize", "thread_id": "dispatch", "timestamp_client": "2026-08-16T09:47:30.907Z"}
 INFO  [perf-kpi] perf.thread_runtime {"company_id": 3, "duration_ms": 0, "message_count": 0, "path": "hub_thread", "phase": "perf.thread.normalize_done", "row_count": 0, "source": "thread.messages.normalize", "thread_id": "support", "timestamp_client": "2026-08-16T09:47:31.560Z"}
 INFO  [driver-telemetry] tracking.session.readiness {"readiness": "READY", "reason": "register_ok", "session_generation": 900, "source": "driver.tracking.queue", "tracking_session_id": "trk_sess_1786873628455_92bm3him"}
 INFO  [driver-telemetry] tracking.session.reconciled {"previous_session_id": "", "readiness": "READY", "rebound_count": 0, "released_socket_count": 0, "source": "driver.tracking.queue", "tracking_session_id": "trk_sess_1786873628455_92bm3him"}
 INFO  [driver-telemetry] tracking.queue.flush {"backend_acked": 0, "dropped": 0, "flush_path": "http_fallback", "network_profile_active": "normal", "oldest_item_age_ms": null, "queue_depth": 0, "retried": 0, "sent": 0, "socket_emitted": 0, "source": "driver.tracking.queue", "tracking_queue_oldest_age_ms": null}
 INFO  [driver-telemetry] tracking.flush.transport {"backend_acked": 0, "sent": 0, "socket_emitted": 0, "source": "driver.tracking.queue", "transport": "http"}
 INFO  [driver-telemetry] tracking.device_health.sent {"battery_optimized": false, "constraint_reason": "fgs_not_running", "fgs_running": false, "kind": "tracking_health", "source": "driver.device_health", "trigger_reason": null}
 INFO  [driver-telemetry] driver.network.profile {"network_profile_active": "offline", "recommended_sync_interval_ms": 30000, "source": "core.api.client"}
 INFO  [driver-telemetry] driver.http.timeout {"endpoint": "/driver/me/bookings/since", "network_profile_active": "offline", "source": "core.api.client", "timeout_ms": 2500}
 INFO  [driver-telemetry] driver.http.fail_fast_offline {"connected": false, "endpoint": "/driver/me/bookings/since", "internet_reachable": false, "network_type": "fallback", "source": "core.api.client"}
 INFO  [driver-telemetry] driver.runtime.reconcile.failure {"context_id": "driver:19", "reason": "reconcile_failed", "source": "driver.sync.orchestrator", "trigger": "reconnect"}
 INFO  [FCM-GATE] requesting token {"source": "driver.notifications.bridge", "stage": "session_ready"}
 INFO  [driver-telemetry] driver.push.fcm.get_token_start {"platform": "android", "source": "driver.firebaseMessaging"}
 INFO  [FCM-GATE] getDriverFcmToken start {"platform": "android"}
 INFO  [FCM-GATE] getToken success {"tokenLength": 142}
 INFO  [driver-telemetry] driver.push.fcm.token {"source": "driver.firebaseMessaging", "token_present": true}
 INFO  [FCM-GATE] token received {"source": "driver.notifications.bridge", "stage": "session_ready", "tokenLength": 142}
 INFO  [driver-telemetry] driver_push.token_acquired {"provider": "fcm", "source": "driver.notifications.bridge", "stage": "session_ready", "token_length": 142}
 INFO  [FCM-GATE] posting token {"provider": "fcm", "source": "driver.notifications.bridge", "stage": "session_ready"}
 INFO  [driver-telemetry] driver.network.profile {"network_profile_active": "offline", "recommended_sync_interval_ms": 30000, "source": "core.api.client"}
 INFO  [driver-telemetry] driver.http.timeout {"endpoint": "/driver/me/telemetry/push", "network_profile_active": "offline", "source": "core.api.client", "timeout_ms": 2500}
 INFO  [driver-telemetry] driver.network.profile {"network_profile_active": "offline", "recommended_sync_interval_ms": 30000, "source": "core.api.client"}
 INFO  [driver-telemetry] driver.http.timeout {"endpoint": "/driver/save-push-token", "network_profile_active": "offline", "source": "core.api.client", "timeout_ms": 2500}
 INFO  [driver-telemetry] realtime.transport.state {"actual_transport": "polling", "connected": false, "mode": "polling", "source": "core.realtime.manager", "transport_authority": "polling"}
 INFO  [perf-kpi] perf.realtime.notify {"duration_ms": 0, "listener_count": 3, "role": "driver", "screen": "/", "source": "perf.instrumentation", "timestamp_client": "2026-08-16T09:47:32.799Z"}
 INFO  [driver-telemetry] realtime.transport.authority {"reason": "full_polling_tick", "source": "core.realtime.manager", "transport_authority": "polling"}
 INFO  [driver-telemetry] realtime.polling.full_refetch {"context_id": "driver:19", "driver_http_calls_per_hour": 1, "mission_poll_full_refetch_total": 1, "network_activity_authority": "idle_loop", "source": "driver.realtime"}
 INFO  [perf-kpi] perf.page_load {"duration_ms": 24575, "role": "driver", "screen": "driver.hub", "screen_tag": "/", "source": "driver.hub.data_ready", "timestamp_client": "2026-08-16T09:47:32.926Z"}
 INFO  [perf-kpi] perf.page_load {"duration_ms": 24574, "role": "driver", "screen": "driver.missions", "screen_tag": "/", "source": "driver.missions.data_ready", "timestamp_client": "2026-08-16T09:47:32.929Z"}
 INFO  [perf-kpi] perf.js_long_task {"duration_ms": 106.40630199760199, "role": "driver", "screen": "/", "source": "perf.instrumentation", "timestamp_client": "2026-08-16T09:47:32.932Z"}
 INFO  [perf-kpi] perf.page_load {"duration_ms": 24739, "role": "driver", "screen": "driver.inbox", "screen_tag": "/", "source": "driver.messages.inbox.data_ready", "timestamp_client": "2026-08-16T09:47:33.098Z"}
 INFO  [driver-telemetry] push.token.registered {"provider": "fcm", "source": "driver.notifications.bridge"}
 INFO  [driver-telemetry] driver_push.register_success {"provider": "fcm", "source": "driver.notifications.bridge"}
 INFO  [driver-telemetry] driver.network.profile {"network_profile_active": "offline", "recommended_sync_interval_ms": 30000, "source": "core.api.client"}
 INFO  [driver-telemetry] driver.http.timeout {"endpoint": "/driver/me/telemetry/push", "network_profile_active": "offline", "source": "core.api.client", "timeout_ms": 2500}
 INFO  [perf-kpi] perf.thread_runtime {"company_id": 3, "duration_ms": 2, "message_count": 1, "path": "hub_thread", "phase": "perf.thread.normalize_done", "row_count": 1, "source": "thread.messages.normalize", "thread_id": "mission:25", "timestamp_client": "2026-08-16T09:47:33.247Z"}
 INFO  [driver-telemetry] auth.refresh.endpoint_used {"endpoint": "refresh-token", "source": "core.api.client"}
 INFO  [perf-kpi] perf.thread_runtime {"company_id": 3, "duration_ms": 0, "message_count": 0, "path": "hub_thread", "phase": "perf.thread.normalize_done", "row_count": 0, "source": "thread.messages.normalize", "thread_id": "direct:21", "timestamp_client": "2026-08-16T09:47:33.310Z"}
 LOG  [DriverSocket] {"contextId": "driver:19", "hasToken": true, "path": "/socket.io", "socketUrl": "http://127.0.0.1:15100", "surface": "driver", "transports": ["websocket", "polling"], "urlEnvSource": "EXPO_PUBLIC_DRIVER_SOCKET_URL"}
 INFO  [perf-kpi] perf.runtime.socket_reconnect_failed_total {"context_id": "driver:19", "source": "perf.runtime_stability", "timestamp_client": "2026-08-16T09:47:33.380Z", "total": 2}
 INFO  [driver-telemetry] realtime.transport.state {"actual_transport": "polling", "connected": false, "mode": "polling", "source": "core.realtime.manager", "transport_authority": "degraded"}
 INFO  [perf-kpi] perf.realtime.notify {"duration_ms": 2, "listener_count": 4, "role": "driver", "screen": "/", "source": "perf.instrumentation", "timestamp_client": "2026-08-16T09:47:33.386Z"}
 INFO  [driver-telemetry] realtime.socket.disconnect {"context_id": "driver:19", "reason": "websocket error", "source": "core.realtime.manager"}
 INFO  [driver-telemetry] realtime.transport.mismatch {"actual_transport": "polling", "context_id": "driver:19", "desired_transport": "socket", "source": "core.realtime.manager"}
 INFO  [perf-kpi] perf.realtime.notify {"duration_ms": 1, "listener_count": 4, "role": "driver", "screen": "/", "source": "perf.instrumentation", "timestamp_client": "2026-08-16T09:47:33.390Z"}
 INFO  [driver-telemetry] auth.refresh.endpoint_used {"endpoint": "refresh-token", "source": "core.api.client"}
 INFO  [driver-telemetry] driver.network.tick {"app_state": "active", "context_id": "driver:19", "driver_network_tick_total": 1, "mission_presence": "none", "network_activity_authority": "idle_loop", "network_profile_active": "offline", "source": "driver.realtime"}
 INFO  [driver-telemetry] driver.network.profile {"context_id": "driver:19", "network_profile_active": "offline", "recommended_sync_interval_ms": 30000, "source": "driver.realtime"}
 INFO  [driver-telemetry] driver.network.wake {"context_id": "driver:19", "driver_network_wake_cause": "polling_tick", "network_activity_authority": "idle_loop", "source": "driver.realtime"}
 INFO  [driver-telemetry] driver.network.tick.skipped {"context_id": "driver:19", "driver_network_tick_skipped_total": 1, "network_activity_authority": "idle_loop", "reason": "idle_rate_limit", "source": "driver.realtime"}
 INFO  [driver-telemetry] auth.refresh.endpoint_used {"endpoint": "refresh-token", "source": "core.api.client"}
 LOG  [DriverSocket] {"contextId": "driver:19", "hasToken": true, "path": "/socket.io", "socketUrl": "http://127.0.0.1:15100", "surface": "driver", "transports": ["websocket", "polling"], "urlEnvSource": "EXPO_PUBLIC_DRIVER_SOCKET_URL"}
 INFO  [perf-kpi] perf.runtime.socket_reconnect_failed_total {"context_id": "driver:19", "source": "perf.runtime_stability", "timestamp_client": "2026-08-16T09:47:38.930Z", "total": 3}
 INFO  [perf-kpi] perf.realtime.notify {"duration_ms": 0, "listener_count": 4, "role": "driver", "screen": "/", "source": "perf.instrumentation", "timestamp_client": "2026-08-16T09:47:38.938Z"}
 INFO  [driver-telemetry] realtime.socket.disconnect {"context_id": "driver:19", "reason": "websocket error", "source": "core.realtime.manager"}
 INFO  [driver-telemetry] realtime.transport.mismatch {"actual_transport": "polling", "context_id": "driver:19", "desired_transport": "socket", "source": "core.realtime.manager"}
 INFO  [perf-kpi] perf.realtime.notify {"duration_ms": 0, "listener_count": 4, "role": "driver", "screen": "/", "source": "perf.instrumentation", "timestamp_client": "2026-08-16T09:47:38.941Z"}
 INFO  [driver-telemetry] auth.refresh.endpoint_used {"endpoint": "refresh-token", "source": "core.api.client"}
 INFO  [driver-telemetry] auth.refresh.endpoint_used {"endpoint": "refresh-token", "source": "core.api.client"}
 LOG  [DriverSocket] {"contextId": "driver:19", "hasToken": true, "path": "/socket.io", "socketUrl": "http://127.0.0.1:15100", "surface": "driver", "transports": ["websocket", "polling"], "urlEnvSource": "EXPO_PUBLIC_DRIVER_SOCKET_URL"}
 INFO  [perf-kpi] perf.runtime.socket_reconnect_failed_total {"context_id": "driver:19", "source": "perf.runtime_stability", "timestamp_client": "2026-08-16T09:47:46.912Z", "total": 4}
 INFO  [perf-kpi] perf.realtime.notify {"duration_ms": 0, "listener_count": 4, "role": "driver", "screen": "/", "source": "perf.instrumentation", "timestamp_client": "2026-08-16T09:47:46.915Z"}
 INFO  [driver-telemetry] realtime.socket.disconnect {"context_id": "driver:19", "reason": "websocket error", "source": "core.realtime.manager"}
 INFO  [driver-telemetry] realtime.transport.mismatch {"actual_transport": "polling", "context_id": "driver:19", "desired_transport": "socket", "source": "core.realtime.manager"}
 INFO  [perf-kpi] perf.realtime.notify {"duration_ms": 0, "listener_count": 4, "role": "driver", "screen": "/", "source": "perf.instrumentation", "timestamp_client": "2026-08-16T09:47:46.919Z"}
 INFO  [driver-telemetry] auth.refresh.endpoint_used {"endpoint": "refresh-token", "source": "core.api.client"}
 INFO  [driver-telemetry] driver.network.tick {"app_state": "active", "context_id": "driver:19", "driver_network_tick_total": 1, "mission_presence": "none", "network_activity_authority": "idle_loop", "network_profile_active": "offline", "source": "driver.realtime"}
 INFO  [driver-telemetry] driver.network.profile {"context_id": "driver:19", "network_profile_active": "offline", "recommended_sync_interval_ms": 30000, "source": "driver.realtime"}
 INFO  [driver-telemetry] driver.network.wake {"context_id": "driver:19", "driver_network_wake_cause": "polling_tick", "network_activity_authority": "idle_loop", "source": "driver.realtime"}
 INFO  [driver-telemetry] driver.network.tick.skipped {"context_id": "driver:19", "driver_network_tick_skipped_total": 1, "network_activity_authority": "idle_loop", "reason": "idle_rate_limit", "source": "driver.realtime"}
 INFO  [driver-telemetry] auth.refresh.endpoint_used {"endpoint": "refresh-token", "source": "core.api.client"}
 LOG  [DriverSocket] {"contextId": "driver:19", "hasToken": true, "path": "/socket.io", "socketUrl": "http://127.0.0.1:15100", "surface": "driver", "transports": ["websocket", "polling"], "urlEnvSource": "EXPO_PUBLIC_DRIVER_SOCKET_URL"}
 INFO  [perf-kpi] perf.runtime.socket_reconnect_failed_total {"context_id": "driver:19", "source": "perf.runtime_stability", "timestamp_client": "2026-08-16T09:48:03.479Z", "total": 5}
 INFO  [perf-kpi] perf.realtime.notify {"duration_ms": 0, "listener_count": 4, "role": "driver", "screen": "/", "source": "perf.instrumentation", "timestamp_client": "2026-08-16T09:48:03.482Z"}
 INFO  [driver-telemetry] realtime.socket.disconnect {"context_id": "driver:19", "reason": "websocket error", "source": "core.realtime.manager"}
 INFO  [driver-telemetry] realtime.transport.mismatch {"actual_transport": "polling", "context_id": "driver:19", "desired_transport": "socket", "source": "core.realtime.manager"}
 INFO  [perf-kpi] perf.realtime.notify {"duration_ms": 1, "listener_count": 4, "role": "driver", "screen": "/", "source": "perf.instrumentation", "timestamp_client": "2026-08-16T09:48:03.487Z"}
 INFO  [driver-telemetry] auth.refresh.endpoint_used {"endpoint": "refresh-token", "source": "core.api.client"}
 INFO  [perf-kpi] perf.instrumentation.aggregate {"notify_listeners_peak": 4, "row_count": 29, "source": "perf.instrumentation", "tier": "dev", "timestamp_client": "2026-08-16T09:48:03.765Z", "top_by_count": [{"avg_ms": 43.10231632458993, "category": "js_long_task", "count": 1220, "max_ms": 583.1821869984269, "p50_ms": 41.76791600137949, "p95_ms": 43.76343800127506, "role": "driver", "screen": "/", "sub_key": "frame_budget", "sum_ms": 52584.82591599971}, {"avg_ms": 42.101012349966915, "category": "js_long_task", "count": 80, "max_ms": 76.65093699842691, "p50_ms": 41.68348999321461, "p95_ms": 44.44812499731779, "role": "unknown", "screen": "app.root", "sub_key": "frame_budget", "sum_ms": 3368.080987997353}, {"avg_ms": 0.5833333333333334, "category": "notify", "count": 12, "max_ms": 2, "p50_ms": 1, "p95_ms": 2, "role": "driver", "screen": "/", "sub_key": "lifecycle", "sum_ms": 7}, {"avg_ms": 0, "category": "http", "count": 8, "max_ms": 0, "p50_ms": 0, "p95_ms": 0, "role": "driver", "screen": "/", "sub_key": "/auth/refresh-token", "sum_ms": 0}, {"avg_ms": 0, "category": "http", "count": 4, "max_ms": 0, "p50_ms": 0, "p95_ms": 0, "role": "driver", "screen": "/", "sub_key": "/messages/3", "sum_ms": 0}, {"avg_ms": 0, "category": "http", "count": 4, "max_ms": 0, "p50_ms": 0, "p95_ms": 0, "role": "driver", "screen": "/", "sub_key": "/driver/me/profile", "sum_ms": 0}, {"avg_ms": 0, "category": "http", "count": 3, "max_ms": 0, "p50_ms": 0, "p95_ms": 0, "role": "unknown", "screen": "app.root", "sub_key": "/driver/me/telemetry/push", "sum_ms": 0}, {"avg_ms": 0, "category": "http", "count": 3, "max_ms": 0, "p50_ms": 0, "p95_ms": 0, "role": "driver", "screen": "/", "sub_key": "/driver/me/bookings", "sum_ms": 0}, {"avg_ms": 0, "category": "http", "count": 3, "max_ms": 0, "p50_ms": 0, "p95_ms": 0, "role": "driver", "screen": "/", "sub_key": "/driver/me/bookings/since", "sum_ms": 0}, {"avg_ms": 0, "category": "http", "count": 3, "max_ms": 0, "p50_ms": 0, "p95_ms": 0, "role": "driver", "screen": "/", "sub_key": "/messages/3/hub/unread-count", "sum_ms": 0}], "top_by_sum_ms": [{"avg_ms": 43.10231632458993, "category": "js_long_task", "count": 1220, "max_ms": 583.1821869984269, "p50_ms": 41.76791600137949, "p95_ms": 43.76343800127506, "role": "driver", "screen": "/", "sub_key": "frame_budget", "sum_ms": 52584.82591599971}, {"avg_ms": 24739, "category": "page_load", "count": 1, "max_ms": 24739, "p50_ms": 24739, "p95_ms": 24739, "role": "driver", "screen": "/", "sub_key": "driver.inbox", "sum_ms": 24739}, {"avg_ms": 24575, "category": "page_load", "count": 1, "max_ms": 24575, "p50_ms": 24575, "p95_ms": 24575, "role": "driver", "screen": "/", "sub_key": "driver.hub", "sum_ms": 24575}, {"avg_ms": 24574, "category": "page_load", "count": 1, "max_ms": 24574, "p50_ms": 24574, "p95_ms": 24574, "role": "driver", "screen": "/", "sub_key": "driver.missions", "sum_ms": 24574}, {"avg_ms": 42.101012349966915, "category": "js_long_task", "count": 80, "max_ms": 76.65093699842691, "p50_ms": 41.68348999321461, "p95_ms": 44.44812499731779, "role": "unknown", "screen": "app.root", "sub_key": "frame_budget", "sum_ms": 3368.080987997353}, {"avg_ms": 0.5833333333333334, "category": "notify", "count": 12, "max_ms": 2, "p50_ms": 1, "p95_ms": 2, "role": "driver", "screen": "/", "sub_key": "lifecycle", "sum_ms": 7}, {"avg_ms": 0, "category": "http", "count": 3, "max_ms": 0, "p50_ms": 0, "p95_ms": 0, "role": "unknown", "screen": "app.root", "sub_key": "/driver/me/telemetry/push", "sum_ms": 0}, {"avg_ms": 0, "category": "http", "count": 1, "max_ms": 0, "p50_ms": 0, "p95_ms": 0, "role": "unknown", "screen": "app.root", "sub_key": "/auth/csrf-token", "sum_ms": 0}, {"avg_ms": 0, "category": "http", "count": 1, "max_ms": 0, "p50_ms": 0, "p95_ms": 0, "role": "unknown", "screen": "app.root", "sub_key": "/auth/refresh-token", "sum_ms": 0}, {"avg_ms": 0, "category": "http", "count": 1, "max_ms": 0, "p50_ms": 0, "p95_ms": 0, "role": "unknown", "screen": "app.root", "sub_key": "/auth/bootstrap", "sum_ms": 0}]}
 INFO  [driver-telemetry] driver.runtime.heartbeat {"app_state": "active", "context_id": "driver:19", "feature_flags_version": null, "mission_runtime_in_flight": 0, "mission_runtime_known": 0, "session_valid": true, "socket_connected": false, "source": "driver.hooks.realtime", "tracking_active": false, "tracking_queue_depth": 0}
 INFO  [driver-telemetry] driver.network.tick {"app_state": "active", "context_id": "driver:19", "driver_network_tick_total": 1, "mission_presence": "none", "network_activity_authority": "idle_loop", "network_profile_active": "offline", "source": "driver.realtime"}
 INFO  [driver-telemetry] driver.network.profile {"context_id": "driver:19", "network_profile_active": "offline", "recommended_sync_interval_ms": 30000, "source": "driver.realtime"}
 INFO  [driver-telemetry] driver.network.wake {"context_id": "driver:19", "driver_network_wake_cause": "polling_tick", "network_activity_authority": "idle_loop", "source": "driver.realtime"}
 INFO  [driver-telemetry] driver.network.tick.skipped {"context_id": "driver:19", "driver_network_tick_skipped_total": 1, "network_activity_authority": "idle_loop", "reason": "idle_rate_limit", "source": "driver.realtime"}
 INFO  [driver-telemetry] driver.network.tick {"app_state": "active", "context_id": "driver:19", "driver_network_tick_total": 1, "mission_presence": "none", "network_activity_authority": "idle_loop", "network_profile_active": "offline", "source": "driver.realtime"}
 INFO  [driver-telemetry] driver.network.profile {"context_id": "driver:19", "network_profile_active": "offline", "recommended_sync_interval_ms": 30000, "source": "driver.realtime"}
 INFO  [driver-telemetry] driver.network.wake {"context_id": "driver:19", "driver_network_wake_cause": "polling_tick", "network_activity_authority": "idle_loop", "source": "driver.realtime"}
 INFO  [driver-telemetry] driver.network.tick.skipped {"context_id": "driver:19", "driver_network_tick_skipped_total": 1, "network_activity_authority": "idle_loop", "reason": "idle_rate_limit", "source": "driver.realtime"}
 INFO  [driver-telemetry] auth.refresh.endpoint_used {"endpoint": "refresh-token", "source": "core.api.client"}
 LOG  [DriverSocket] {"contextId": "driver:19", "hasToken": true, "path": "/socket.io", "socketUrl": "http://127.0.0.1:15100", "surface": "driver", "transports": ["websocket", "polling"], "urlEnvSource": "EXPO_PUBLIC_DRIVER_SOCKET_URL"}
 INFO  [perf-kpi] perf.runtime.socket_reconnect_failed_total {"context_id": "driver:19", "source": "perf.runtime_stability", "timestamp_client": "2026-08-16T09:48:37.590Z", "total": 6}
 INFO  [perf-kpi] perf.realtime.notify {"duration_ms": 0, "listener_count": 4, "role": "driver", "screen": "/", "source": "perf.instrumentation", "timestamp_client": "2026-08-16T09:48:37.594Z"}
 INFO  [driver-telemetry] realtime.socket.disconnect {"context_id": "driver:19", "reason": "websocket error", "source": "core.realtime.manager"}
 INFO  [driver-telemetry] realtime.transport.mismatch {"actual_transport": "polling", "context_id": "driver:19", "desired_transport": "socket", "source": "core.realtime.manager"}
 INFO  [perf-kpi] perf.realtime.notify {"duration_ms": 1, "listener_count": 4, "role": "driver", "screen": "/", "source": "perf.instrumentation", "timestamp_client": "2026-08-16T09:48:37.601Z"}
 INFO  [driver-telemetry] auth.refresh.endpoint_used {"endpoint": "refresh-token", "source": "core.api.client"}
 INFO  [driver-telemetry] driver.network.tick {"app_state": "active", "context_id": "driver:19", "driver_network_tick_total": 1, "mission_presence": "none", "network_activity_authority": "idle_loop", "network_profile_active": "offline", "source": "driver.realtime"}
 INFO  [driver-telemetry] driver.network.profile {"context_id": "driver:19", "network_profile_active": "offline", "recommended_sync_interval_ms": 30000, "source": "driver.realtime"}
 INFO  [driver-telemetry] driver.network.wake {"context_id": "driver:19", "driver_network_wake_cause": "polling_tick", "network_activity_authority": "idle_loop", "source": "driver.realtime"}
 INFO  [driver-telemetry] driver.network.tick.skipped {"context_id": "driver:19", "driver_network_tick_skipped_total": 1, "network_activity_authority": "idle_loop", "reason": "idle_rate_limit", "source": "driver.realtime"}
 INFO  [driver-telemetry] driver.network.tick {"app_state": "active", "context_id": "driver:19", "driver_network_tick_total": 1, "mission_presence": "none", "network_activity_authority": "idle_loop", "network_profile_active": "offline", "source": "driver.realtime"}
 INFO  [driver-telemetry] driver.network.profile {"context_id": "driver:19", "network_profile_active": "offline", "recommended_sync_interval_ms": 30000, "source": "driver.realtime"}
 INFO  [driver-telemetry] driver.network.wake {"context_id": "driver:19", "driver_network_wake_cause": "polling_tick", "network_activity_authority": "idle_loop", "source": "driver.realtime"}
 INFO  [driver-telemetry] driver.network.tick.skipped {"context_id": "driver:19", "driver_network_tick_skipped_total": 1, "network_activity_authority": "idle_loop", "reason": "idle_rate_limit", "source": "driver.realtime"}
 INFO  [perf-kpi] perf.instrumentation.aggregate {"notify_listeners_peak": 4, "row_count": 29, "source": "perf.instrumentation", "tier": "dev", "timestamp_client": "2026-08-16T09:49:03.772Z", "top_by_count": [{"avg_ms": 42.543991722203806, "category": "js_long_task", "count": 2599, "max_ms": 583.1821869984269, "p50_ms": 41.76791600137949, "p95_ms": 43.76343800127506, "role": "driver", "screen": "/", "sub_key": "frame_budget", "sum_ms": 110571.83448600769}, {"avg_ms": 42.101012349966915, "category": "js_long_task", "count": 80, "max_ms": 76.65093699842691, "p50_ms": 41.68348999321461, "p95_ms": 44.44812499731779, "role": "unknown", "screen": "app.root", "sub_key": "frame_budget", "sum_ms": 3368.080987997353}, {"avg_ms": 0.5714285714285714, "category": "notify", "count": 14, "max_ms": 2, "p50_ms": 1, "p95_ms": 2, "role": "driver", "screen": "/", "sub_key": "lifecycle", "sum_ms": 8}, {"avg_ms": 0, "category": "http", "count": 10, "max_ms": 0, "p50_ms": 0, "p95_ms": 0, "role": "driver", "screen": "/", "sub_key": "/messages/3", "sum_ms": 0}, {"avg_ms": 0, "category": "http", "count": 10, "max_ms": 0, "p50_ms": 0, "p95_ms": 0, "role": "driver", "screen": "/", "sub_key": "/auth/refresh-token", "sum_ms": 0}, {"avg_ms": 0, "category": "http", "count": 7, "max_ms": 0, "p50_ms": 0, "p95_ms": 0, "role": "driver", "screen": "/", "sub_key": "/messages/3/hub/unread-count", "sum_ms": 0}, {"avg_ms": 0, "category": "http", "count": 4, "max_ms": 0, "p50_ms": 0, "p95_ms": 0, "role": "driver", "screen": "/", "sub_key": "/driver/me/profile", "sum_ms": 0}, {"avg_ms": 0, "category": "http", "count": 3, "max_ms": 0, "p50_ms": 0, "p95_ms": 0, "role": "unknown", "screen": "app.root", "sub_key": "/driver/me/telemetry/push", "sum_ms": 0}, {"avg_ms": 0, "category": "http", "count": 3, "max_ms": 0, "p50_ms": 0, "p95_ms": 0, "role": "driver", "screen": "/", "sub_key": "/driver/me/bookings", "sum_ms": 0}, {"avg_ms": 0, "category": "http", "count": 3, "max_ms": 0, "p50_ms": 0, "p95_ms": 0, "role": "driver", "screen": "/", "sub_key": "/driver/me/bookings/since", "sum_ms": 0}], "top_by_sum_ms": [{"avg_ms": 42.543991722203806, "category": "js_long_task", "count": 2599, "max_ms": 583.1821869984269, "p50_ms": 41.76791600137949, "p95_ms": 43.76343800127506, "role": "driver", "screen": "/", "sub_key": "frame_budget", "sum_ms": 110571.83448600769}, {"avg_ms": 24739, "category": "page_load", "count": 1, "max_ms": 24739, "p50_ms": 24739, "p95_ms": 24739, "role": "driver", "screen": "/", "sub_key": "driver.inbox", "sum_ms": 24739}, {"avg_ms": 24575, "category": "page_load", "count": 1, "max_ms": 24575, "p50_ms": 24575, "p95_ms": 24575, "role": "driver", "screen": "/", "sub_key": "driver.hub", "sum_ms": 24575}, {"avg_ms": 24574, "category": "page_load", "count": 1, "max_ms": 24574, "p50_ms": 24574, "p95_ms": 24574, "role": "driver", "screen": "/", "sub_key": "driver.missions", "sum_ms": 24574}, {"avg_ms": 42.101012349966915, "category": "js_long_task", "count": 80, "max_ms": 76.65093699842691, "p50_ms": 41.68348999321461, "p95_ms": 44.44812499731779, "role": "unknown", "screen": "app.root", "sub_key": "frame_budget", "sum_ms": 3368.080987997353}, {"avg_ms": 0.5714285714285714, "category": "notify", "count": 14, "max_ms": 2, "p50_ms": 1, "p95_ms": 2, "role": "driver", "screen": "/", "sub_key": "lifecycle", "sum_ms": 8}, {"avg_ms": 0, "category": "http", "count": 3, "max_ms": 0, "p50_ms": 0, "p95_ms": 0, "role": "unknown", "screen": "app.root", "sub_key": "/driver/me/telemetry/push", "sum_ms": 0}, {"avg_ms": 0, "category": "http", "count": 1, "max_ms": 0, "p50_ms": 0, "p95_ms": 0, "role": "unknown", "screen": "app.root", "sub_key": "/auth/csrf-token", "sum_ms": 0}, {"avg_ms": 0, "category": "http", "count": 1, "max_ms": 0, "p50_ms": 0, "p95_ms": 0, "role": "unknown", "screen": "app.root", "sub_key": "/auth/refresh-token", "sum_ms": 0}, {"avg_ms": 0, "category": "http", "count": 1, "max_ms": 0, "p50_ms": 0, "p95_ms": 0, "role": "unknown", "screen": "app.root", "sub_key": "/auth/bootstrap", "sum_ms": 0}]}
 INFO  [driver-telemetry] driver.network.profile {"network_profile_active": "offline", "recommended_sync_interval_ms": 30000, "source": "core.api.client"}
 INFO  [driver-telemetry] driver.http.timeout {"endpoint": "/driver/me/device-health", "network_profile_active": "offline", "source": "core.api.client", "timeout_ms": 2500}
 INFO  [driver-telemetry] tracking.device_health.sent {"battery_optimized": false, "constraint_reason": "fgs_not_running", "fgs_running": false, "kind": "tracking_health", "source": "driver.device_health", "trigger_reason": null}
 INFO  [driver-telemetry] auth.refresh.endpoint_used {"endpoint": "refresh-token", "source": "core.api.client"}
 INFO  [driver-telemetry] driver.runtime.heartbeat {"app_state": "active", "context_id": "driver:19", "feature_flags_version": null, "mission_runtime_in_flight": 0, "mission_runtime_known": 0, "session_valid": true, "socket_connected": false, "source": "driver.hooks.realtime", "tracking_active": false, "tracking_queue_depth": 0}
 LOG  [DriverSocket] {"contextId": "driver:19", "hasToken": true, "path": "/socket.io", "socketUrl": "http://127.0.0.1:15100", "surface": "driver", "transports": ["websocket", "polling"], "urlEnvSource": "EXPO_PUBLIC_DRIVER_SOCKET_URL"}
 INFO  [perf-kpi] perf.runtime.socket_reconnect_failed_total {"context_id": "driver:19", "source": "perf.runtime_stability", "timestamp_client": "2026-08-16T09:49:08.470Z", "total": 7}
 INFO  [perf-kpi] perf.realtime.notify {"duration_ms": 0, "listener_count": 4, "role": "driver", "screen": "/", "source": "perf.instrumentation", "timestamp_client": "2026-08-16T09:49:08.474Z"}
 INFO  [driver-telemetry] realtime.socket.disconnect {"context_id": "driver:19", "reason": "websocket error", "source": "core.realtime.manager"}
 INFO  [driver-telemetry] realtime.transport.mismatch {"actual_transport": "polling", "context_id": "driver:19", "desired_transport": "socket", "source": "core.realtime.manager"}
 INFO  [perf-kpi] perf.realtime.notify {"duration_ms": 0, "listener_count": 4, "role": "driver", "screen": "/", "source": "perf.instrumentation", "timestamp_client": "2026-08-16T09:49:08.480Z"}
 INFO  [driver-telemetry] driver.network.tick {"app_state": "active", "context_id": "driver:19", "driver_network_tick_total": 1, "mission_presence": "none", "network_activity_authority": "idle_loop", "network_profile_active": "offline", "source": "driver.realtime"}
 INFO  [driver-telemetry] driver.network.profile {"context_id": "driver:19", "network_profile_active": "offline", "recommended_sync_interval_ms": 30000, "source": "driver.realtime"}
 INFO  [driver-telemetry] driver.network.wake {"context_id": "driver:19", "driver_network_wake_cause": "polling_tick", "network_activity_authority": "idle_loop", "source": "driver.realtime"}
 INFO  [driver-telemetry] driver.network.tick.skipped {"context_id": "driver:19", "driver_network_tick_skipped_total": 1, "network_activity_authority": "idle_loop", "reason": "idle_rate_limit", "source": "driver.realtime"}
 INFO  [driver-telemetry] auth.refresh.endpoint_used {"endpoint": "refresh-token", "source": "core.api.client"}
 INFO  [driver-telemetry] driver.network.tick {"app_state": "active", "context_id": "driver:19", "driver_network_tick_total": 1, "mission_presence": "none", "network_activity_authority": "idle_loop", "network_profile_active": "offline", "source": "driver.realtime"}
 INFO  [driver-telemetry] driver.network.profile {"context_id": "driver:19", "network_profile_active": "offline", "recommended_sync_interval_ms": 30000, "source": "driver.realtime"}
 INFO  [driver-telemetry] driver.network.wake {"context_id": "driver:19", "driver_network_wake_cause": "polling_tick", "network_activity_authority": "idle_loop", "source": "driver.realtime"}
 INFO  [driver-telemetry] driver.network.profile {"network_profile_active": "offline", "recommended_sync_interval_ms": 30000, "source": "core.api.client"}
 INFO  [driver-telemetry] driver.http.timeout {"endpoint": "/driver/me/bookings", "network_profile_active": "offline", "source": "core.api.client", "timeout_ms": 2500}
 INFO  [driver-telemetry] realtime.transport.state {"actual_transport": "polling", "connected": false, "mode": "polling", "source": "core.realtime.manager", "transport_authority": "polling"}
 INFO  [perf-kpi] perf.realtime.notify {"duration_ms": 1, "listener_count": 4, "role": "driver", "screen": "/", "source": "perf.instrumentation", "timestamp_client": "2026-08-16T09:49:23.625Z"}
 INFO  [driver-telemetry] realtime.transport.authority {"reason": "full_polling_tick", "source": "core.realtime.manager", "transport_authority": "polling"}
 INFO  [driver-telemetry] realtime.polling.full_refetch {"context_id": "driver:19", "driver_http_calls_per_hour": 1, "mission_poll_full_refetch_total": 1, "network_activity_authority": "idle_loop", "source": "driver.realtime"}
 INFO  [driver-telemetry] driver.network.tick {"app_state": "active", "context_id": "driver:19", "driver_network_tick_total": 1, "mission_presence": "none", "network_activity_authority": "idle_loop", "network_profile_active": "offline", "source": "driver.realtime"}
 INFO  [driver-telemetry] driver.network.profile {"context_id": "driver:19", "network_profile_active": "offline", "recommended_sync_interval_ms": 30000, "source": "driver.realtime"}
 INFO  [driver-telemetry] driver.network.wake {"context_id": "driver:19", "driver_network_wake_cause": "polling_tick", "network_activity_authority": "idle_loop", "source": "driver.realtime"}
 INFO  [driver-telemetry] driver.network.tick.skipped {"context_id": "driver:19", "driver_network_tick_skipped_total": 1, "network_activity_authority": "idle_loop", "reason": "idle_rate_limit", "source": "driver.realtime"}
 INFO  [driver-telemetry] auth.refresh.endpoint_used {"endpoint": "refresh-token", "source": "core.api.client"}
 LOG  [DriverSocket] {"contextId": "driver:19", "hasToken": true, "path": "/socket.io", "socketUrl": "http://127.0.0.1:15100", "surface": "driver", "transports": ["websocket", "polling"], "urlEnvSource": "EXPO_PUBLIC_DRIVER_SOCKET_URL"}
 INFO  [perf-kpi] perf.runtime.socket_reconnect_failed_total {"context_id": "driver:19", "source": "perf.runtime_stability", "timestamp_client": "2026-08-16T09:49:38.760Z", "total": 8}
 INFO  [driver-telemetry] realtime.transport.state {"actual_transport": "polling", "connected": false, "mode": "polling", "source": "core.realtime.manager", "transport_authority": "degraded"}
 INFO  [perf-kpi] perf.realtime.notify {"duration_ms": 1, "listener_count": 4, "role": "driver", "screen": "/", "source": "perf.instrumentation", "timestamp_client": "2026-08-16T09:49:38.765Z"}
 INFO  [driver-telemetry] realtime.socket.disconnect {"context_id": "driver:19", "reason": "websocket error", "source": "core.realtime.manager"}
 INFO  [driver-telemetry] realtime.transport.mismatch {"actual_transport": "polling", "context_id": "driver:19", "desired_transport": "socket", "source": "core.realtime.manager"}
 INFO  [perf-kpi] perf.realtime.notify {"duration_ms": 0, "listener_count": 4, "role": "driver", "screen": "/", "source": "perf.instrumentation", "timestamp_client": "2026-08-16T09:49:38.771Z"}
 INFO  [driver-telemetry] auth.refresh.endpoint_used {"endpoint": "refresh-token", "source": "core.api.client"}
 INFO  [driver-telemetry] driver.network.tick {"app_state": "active", "context_id": "driver:19", "driver_network_tick_total": 1, "mission_presence": "none", "network_activity_authority": "idle_loop", "network_profile_active": "offline", "source": "driver.realtime"}
 INFO  [driver-telemetry] driver.network.profile {"context_id": "driver:19", "network_profile_active": "offline", "recommended_sync_interval_ms": 30000, "source": "driver.realtime"}
 INFO  [driver-telemetry] driver.network.wake {"context_id": "driver:19", "driver_network_wake_cause": "polling_tick", "network_activity_authority": "idle_loop", "source": "driver.realtime"}
 INFO  [driver-telemetry] driver.network.tick.skipped {"context_id": "driver:19", "driver_network_tick_skipped_total": 1, "network_activity_authority": "idle_loop", "reason": "idle_rate_limit", "source": "driver.realtime"}
 INFO  [perf-kpi] perf.instrumentation.aggregate {"notify_listeners_peak": 4, "row_count": 29, "source": "perf.instrumentation", "tier": "dev", "timestamp_client": "2026-08-16T09:50:03.800Z", "top_by_count": [{"avg_ms": 42.28669946115701, "category": "js_long_task", "count": 4016, "max_ms": 583.1821869984269, "p50_ms": 41.76791600137949, "p95_ms": 43.76343800127506, "role": "driver", "screen": "/", "sub_key": "frame_budget", "sum_ms": 169823.38503600657}, {"avg_ms": 42.101012349966915, "category": "js_long_task", "count": 80, "max_ms": 76.65093699842691, "p50_ms": 41.68348999321461, "p95_ms": 44.44812499731779, "role": "unknown", "screen": "app.root", "sub_key": "frame_budget", "sum_ms": 3368.080987997353}, {"avg_ms": 0.5263157894736842, "category": "notify", "count": 19, "max_ms": 2, "p50_ms": 1, "p95_ms": 2, "role": "driver", "screen": "/", "sub_key": "lifecycle", "sum_ms": 10}, {"avg_ms": 0, "category": "http", "count": 16, "max_ms": 0, "p50_ms": 0, "p95_ms": 0, "role": "driver", "screen": "/", "sub_key": "/messages/3", "sum_ms": 0}, {"avg_ms": 0, "category": "http", "count": 14, "max_ms": 0, "p50_ms": 0, "p95_ms": 0, "role": "driver", "screen": "/", "sub_key": "/auth/refresh-token", "sum_ms": 0}, {"avg_ms": 0, "category": "http", "count": 11, "max_ms": 0, "p50_ms": 0, "p95_ms": 0, "role": "driver", "screen": "/", "sub_key": "/messages/3/hub/unread-count", "sum_ms": 0}, {"avg_ms": 0, "category": "http", "count": 4, "max_ms": 0, "p50_ms": 0, "p95_ms": 0, "role": "driver", "screen": "/", "sub_key": "/driver/me/bookings", "sum_ms": 0}, {"avg_ms": 0, "category": "http", "count": 4, "max_ms": 0, "p50_ms": 0, "p95_ms": 0, "role": "driver", "screen": "/", "sub_key": "/driver/me/profile", "sum_ms": 0}, {"avg_ms": 0, "category": "http", "count": 3, "max_ms": 0, "p50_ms": 0, "p95_ms": 0, "role": "unknown", "screen": "app.root", "sub_key": "/driver/me/telemetry/push", "sum_ms": 0}, {"avg_ms": 0, "category": "http", "count": 3, "max_ms": 0, "p50_ms": 0, "p95_ms": 0, "role": "driver", "screen": "/", "sub_key": "/driver/me/bookings/since", "sum_ms": 0}], "top_by_sum_ms": [{"avg_ms": 42.28669946115701, "category": "js_long_task", "count": 4016, "max_ms": 583.1821869984269, "p50_ms": 41.76791600137949, "p95_ms": 43.76343800127506, "role": "driver", "screen": "/", "sub_key": "frame_budget", "sum_ms": 169823.38503600657}, {"avg_ms": 24739, "category": "page_load", "count": 1, "max_ms": 24739, "p50_ms": 24739, "p95_ms": 24739, "role": "driver", "screen": "/", "sub_key": "driver.inbox", "sum_ms": 24739}, {"avg_ms": 24575, "category": "page_load", "count": 1, "max_ms": 24575, "p50_ms": 24575, "p95_ms": 24575, "role": "driver", "screen": "/", "sub_key": "driver.hub", "sum_ms": 24575}, {"avg_ms": 24574, "category": "page_load", "count": 1, "max_ms": 24574, "p50_ms": 24574, "p95_ms": 24574, "role": "driver", "screen": "/", "sub_key": "driver.missions", "sum_ms": 24574}, {"avg_ms": 42.101012349966915, "category": "js_long_task", "count": 80, "max_ms": 76.65093699842691, "p50_ms": 41.68348999321461, "p95_ms": 44.44812499731779, "role": "unknown", "screen": "app.root", "sub_key": "frame_budget", "sum_ms": 3368.080987997353}, {"avg_ms": 0.5263157894736842, "category": "notify", "count": 19, "max_ms": 2, "p50_ms": 1, "p95_ms": 2, "role": "driver", "screen": "/", "sub_key": "lifecycle", "sum_ms": 10}, {"avg_ms": 0, "category": "http", "count": 3, "max_ms": 0, "p50_ms": 0, "p95_ms": 0, "role": "unknown", "screen": "app.root", "sub_key": "/driver/me/telemetry/push", "sum_ms": 0}, {"avg_ms": 0, "category": "http", "count": 1, "max_ms": 0, "p50_ms": 0, "p95_ms": 0, "role": "unknown", "screen": "app.root", "sub_key": "/auth/csrf-token", "sum_ms": 0}, {"avg_ms": 0, "category": "http", "count": 1, "max_ms": 0, "p50_ms": 0, "p95_ms": 0, "role": "unknown", "screen": "app.root", "sub_key": "/auth/refresh-token", "sum_ms": 0}, {"avg_ms": 0, "category": "http", "count": 1, "max_ms": 0, "p50_ms": 0, "p95_ms": 0, "role": "unknown", "screen": "app.root", "sub_key": "/auth/bootstrap", "sum_ms": 0}]}
 INFO  [driver-telemetry] auth.refresh.endpoint_used {"endpoint": "refresh-token", "source": "core.api.client"}
 LOG  [DriverSocket] {"contextId": "driver:19", "hasToken": true, "path": "/socket.io", "socketUrl": "http://127.0.0.1:15100", "surface": "driver", "transports": ["websocket", "polling"], "urlEnvSource": "EXPO_PUBLIC_DRIVER_SOCKET_URL"}
 INFO  [perf-kpi] perf.runtime.socket_reconnect_failed_total {"context_id": "driver:19", "source": "perf.runtime_stability", "timestamp_client": "2026-08-16T09:50:06.284Z", "total": 9}
 INFO  [perf-kpi] perf.realtime.notify {"duration_ms": 0, "listener_count": 4, "role": "driver", "screen": "/", "source": "perf.instrumentation", "timestamp_client": "2026-08-16T09:50:06.286Z"}
 INFO  [driver-telemetry] realtime.socket.disconnect {"context_id": "driver:19", "reason": "websocket error", "source": "core.realtime.manager"}
 INFO  [driver-telemetry] realtime.transport.mismatch {"actual_transport": "polling", "context_id": "driver:19", "desired_transport": "socket", "source": "core.realtime.manager"}
 INFO  [perf-kpi] perf.realtime.notify {"duration_ms": 1, "listener_count": 4, "role": "driver", "screen": "/", "source": "perf.instrumentation", "timestamp_client": "2026-08-16T09:50:06.291Z"}
 INFO  [driver-telemetry] auth.refresh.endpoint_used {"endpoint": "refresh-token", "source": "core.api.client"}
 INFO  [driver-telemetry] driver.runtime.heartbeat {"app_state": "active", "context_id": "driver:19", "feature_flags_version": null, "mission_runtime_in_flight": 0, "mission_runtime_known": 0, "session_valid": true, "socket_connected": false, "source": "driver.hooks.realtime", "tracking_active": false, "tracking_queue_depth": 0}
 INFO  [driver-telemetry] driver.network.tick {"app_state": "active", "context_id": "driver:19", "driver_network_tick_total": 1, "mission_presence": "none", "network_activity_authority": "idle_loop", "network_profile_active": "offline", "source": "driver.realtime"}
 INFO  [driver-telemetry] driver.network.profile {"context_id": "driver:19", "network_profile_active": "offline", "recommended_sync_interval_ms": 30000, "source": "driver.realtime"}
 INFO  [driver-telemetry] driver.network.wake {"context_id": "driver:19", "driver_network_wake_cause": "polling_tick", "network_activity_authority": "idle_loop", "source": "driver.realtime"}
 INFO  [driver-telemetry] driver.network.tick.skipped {"context_id": "driver:19", "driver_network_tick_skipped_total": 1, "network_activity_authority": "idle_loop", "reason": "idle_rate_limit", "source": "driver.realtime"}
 INFO  [driver-telemetry] driver.network.tick {"app_state": "active", "context_id": "driver:19", "driver_network_tick_total": 1, "mission_presence": "none", "network_activity_authority": "idle_loop", "network_profile_active": "offline", "source": "driver.realtime"}
 INFO  [driver-telemetry] driver.network.profile {"context_id": "driver:19", "network_profile_active": "offline", "recommended_sync_interval_ms": 30000, "source": "driver.realtime"}
 INFO  [driver-telemetry] driver.network.wake {"context_id": "driver:19", "driver_network_wake_cause": "polling_tick", "network_activity_authority": "idle_loop", "source": "driver.realtime"}
 INFO  [driver-telemetry] driver.network.tick.skipped {"context_id": "driver:19", "driver_network_tick_skipped_total": 1, "network_activity_authority": "idle_loop", "reason": "idle_rate_limit", "source": "driver.realtime"}
 INFO  [driver-telemetry] auth.refresh.endpoint_used {"endpoint": "refresh-token", "source": "core.api.client"}
 LOG  [DriverSocket] {"contextId": "driver:19", "hasToken": true, "path": "/socket.io", "socketUrl": "http://127.0.0.1:15100", "surface": "driver", "transports": ["websocket", "polling"], "urlEnvSource": "EXPO_PUBLIC_DRIVER_SOCKET_URL"}
 INFO  [perf-kpi] perf.runtime.socket_reconnect_failed_total {"context_id": "driver:19", "source": "perf.runtime_stability", "timestamp_client": "2026-08-16T09:50:35.478Z", "total": 10}
 INFO  [perf-kpi] perf.realtime.notify {"duration_ms": 0, "listener_count": 4, "role": "driver", "screen": "/", "source": "perf.instrumentation", "timestamp_client": "2026-08-16T09:50:35.480Z"}
 INFO  [driver-telemetry] realtime.socket.disconnect {"context_id": "driver:19", "reason": "websocket error", "source": "core.realtime.manager"}
 INFO  [driver-telemetry] realtime.transport.mismatch {"actual_transport": "polling", "context_id": "driver:19", "desired_transport": "socket", "source": "core.realtime.manager"}
 INFO  [perf-kpi] perf.realtime.notify {"duration_ms": 1, "listener_count": 4, "role": "driver", "screen": "/", "source": "perf.instrumentation", "timestamp_client": "2026-08-16T09:50:35.483Z"}
 INFO  [driver-telemetry] auth.refresh.endpoint_used {"endpoint": "refresh-token", "source": "core.api.client"}
 INFO  [FCM-GATE] register effect start {"enabled": true, "fcmEnabled": true, "source": "driver.notifications.bridge", "stage": "app_foreground"}
 INFO  [driver-telemetry] driver.foreground.resume.resync {"context_id": "driver:19", "foreground_resume_resync_total": 1, "source": "driver.sync_engine"}
 INFO  [driver-telemetry] driver.runtime.resume.start {"app_state": "active", "context_id": "driver:19", "resume_attempt_id": "driver:19:1786873837823:1", "source": "driver.runtime.resume"}
 INFO  [perf-kpi] perf.js_long_task {"duration_ms": 202.3074479997158, "role": "driver", "screen": "/", "source": "perf.instrumentation", "timestamp_client": "2026-08-16T09:50:37.825Z"}
 INFO  [driver-telemetry] driver.network.profile {"network_profile_active": "offline", "recommended_sync_interval_ms": 30000, "source": "core.api.client"}
 INFO  [driver-telemetry] driver.http.timeout {"endpoint": "/driver/me/device-health", "network_profile_active": "offline", "source": "core.api.client", "timeout_ms": 2500}
 INFO  [FCM-GATE] requesting token {"source": "driver.notifications.bridge", "stage": "app_foreground"}
 INFO  [driver-telemetry] driver.push.fcm.get_token_start {"platform": "android", "source": "driver.firebaseMessaging"}
 INFO  [FCM-GATE] getDriverFcmToken start {"platform": "android"}
 INFO  [driver-telemetry] tracking.device_health.sent {"battery_optimized": false, "constraint_reason": "fgs_not_running", "fgs_running": false, "kind": "tracking_health", "source": "driver.device_health", "trigger_reason": null}
 INFO  [FCM-GATE] getToken success {"tokenLength": 142}
 INFO  [driver-telemetry] driver.push.fcm.token {"source": "driver.firebaseMessaging", "token_present": true}
 INFO  [FCM-GATE] token received {"source": "driver.notifications.bridge", "stage": "app_foreground", "tokenLength": 142}
 INFO  [driver-telemetry] driver_push.token_acquired {"provider": "fcm", "source": "driver.notifications.bridge", "stage": "app_foreground", "token_length": 142}
 INFO  [FCM-GATE] posting token {"provider": "fcm", "source": "driver.notifications.bridge", "stage": "app_foreground"}
 INFO  [driver-telemetry] driver.network.profile {"network_profile_active": "offline", "recommended_sync_interval_ms": 30000, "source": "core.api.client"}
 INFO  [driver-telemetry] driver.http.timeout {"endpoint": "/driver/me/telemetry/push", "network_profile_active": "offline", "source": "core.api.client", "timeout_ms": 2500}
 INFO  [driver-telemetry] driver.network.profile {"network_profile_active": "offline", "recommended_sync_interval_ms": 30000, "source": "core.api.client"}
 INFO  [driver-telemetry] driver.http.timeout {"endpoint": "/driver/save-push-token", "network_profile_active": "offline", "source": "core.api.client", "timeout_ms": 2500}
 INFO  [FCM-GATE] register effect start {"enabled": true, "fcmEnabled": true, "source": "driver.notifications.bridge", "stage": "app_foreground"}
 INFO  [driver-telemetry] driver.foreground.resume.resync.coalesced {"context_id": "driver:19", "foreground_resume_resync_coalesced_total": 1, "source": "driver.sync_engine"}
 INFO  [driver-telemetry] tracking.device_health.send_skipped {"age_ms": 117, "reason": "throttled", "source": "driver.device_health", "trigger_reason": null}
 INFO  [driver-telemetry] tracking.background.start_requested {"app_state": "active", "bg_permission": "granted", "fg_permission": "granted", "mission_id": null, "reason": "presence_disclosure_accept", "source": "driver.services.backgroundLocationTask", "task_defined": true, "task_mode": "presence_window", "task_started": false}
 INFO  [driver-telemetry] tracking.background.start_success {"app_state": "active", "mission_id": null, "reason": "presence_disclosure_accept", "source": "driver.services.backgroundLocationTask", "task_defined": true, "task_mode": "presence_window", "task_started": true}
 INFO  [driver-telemetry] tracking.background.task.started {"battery_degrades_gps": false, "battery_level": 0.8600000143051147, "distance_m": 10, "interval_ms": 90000, "low_battery_mode": false, "mission_id": null, "source": "driver.services.backgroundLocationTask", "task_mode": "presence_window", "task_name": "background-location-task"}
 INFO  [driver-telemetry] tracking.background.task.registration_status {"bg_flag_enabled": true, "runtime": "dev_client_or_standalone", "source": "driver.services.backgroundLocationTask", "task_defined": true, "task_name": "background-location-task", "task_started": true}
 INFO  [FCM-GATE] requesting token {"source": "driver.notifications.bridge", "stage": "app_foreground"}
 INFO  [driver-telemetry] driver.push.fcm.get_token_start {"platform": "android", "source": "driver.firebaseMessaging"}
 INFO  [FCM-GATE] getDriverFcmToken start {"platform": "android"}
 INFO  [FCM-GATE] getToken success {"tokenLength": 142}
 INFO  [driver-telemetry] driver.push.fcm.token {"source": "driver.firebaseMessaging", "token_present": true}
 INFO  [FCM-GATE] token received {"source": "driver.notifications.bridge", "stage": "app_foreground", "tokenLength": 142}
 INFO  [driver-telemetry] driver_push.token_acquired {"provider": "fcm", "source": "driver.notifications.bridge", "stage": "app_foreground", "token_length": 142}
 INFO  [FCM-GATE] posting token {"provider": "fcm", "source": "driver.notifications.bridge", "stage": "app_foreground"}
 INFO  [driver-telemetry] driver.network.profile {"network_profile_active": "offline", "recommended_sync_interval_ms": 30000, "source": "core.api.client"}
 INFO  [driver-telemetry] driver.http.timeout {"endpoint": "/driver/me/telemetry/push", "network_profile_active": "offline", "source": "core.api.client", "timeout_ms": 2500}
 INFO  [driver-telemetry] push.token.registered {"provider": "fcm", "source": "driver.notifications.bridge"}
 INFO  [driver-telemetry] driver_push.register_success {"provider": "fcm", "source": "driver.notifications.bridge"}
 INFO  [driver-telemetry] driver.network.profile {"network_profile_active": "offline", "recommended_sync_interval_ms": 30000, "source": "core.api.client"}
 INFO  [driver-telemetry] driver.http.timeout {"endpoint": "/driver/me/telemetry/push", "network_profile_active": "offline", "source": "core.api.client", "timeout_ms": 2500}
 INFO  [driver-telemetry] auth.refresh.endpoint_used {"endpoint": "refresh-token", "source": "core.api.client"}
 INFO  [driver-telemetry] tracking.auth.presence.ensure_headless {"kind": "AUTH_TEMPORARILY_UNAVAILABLE", "path": "memory_temp"}
 INFO  [driver-telemetry] tracking.background.task.skipped {"reason": "missing_native_owner", "source": "driver.services.backgroundLocationTask", "task_name": "background-location-task"}
 INFO  [FCM-GATE] register effect start {"enabled": true, "fcmEnabled": true, "source": "driver.notifications.bridge", "stage": "app_foreground"}
 INFO  [driver-telemetry] driver.foreground.resume.resync.coalesced {"context_id": "driver:19", "foreground_resume_resync_coalesced_total": 1, "source": "driver.sync_engine"}
 INFO  [perf-kpi] perf.js_long_task {"duration_ms": 136.92921900004148, "role": "driver", "screen": "/", "source": "perf.instrumentation", "timestamp_client": "2026-08-16T09:50:38.176Z"}
 INFO  [driver-telemetry] driver.network.profile {"network_profile_active": "offline", "recommended_sync_interval_ms": 30000, "source": "core.api.client"}
 INFO  [driver-telemetry] driver.http.timeout {"endpoint": "/driver/me/device-health", "network_profile_active": "offline", "source": "core.api.client", "timeout_ms": 2500}
 INFO  [driver-telemetry] tracking.watch.started {"accuracy_tier": "balanced", "app_state": "background", "distance_m": 10, "mission_id": null, "source": "driver.tracking.bridge"}
 INFO  [driver-telemetry] tracking.watch.started {"accuracy_tier": "high", "app_state": "active", "distance_m": 10, "mission_id": null, "source": "driver.tracking.bridge"}
 INFO  [driver-telemetry] tracking.watch.started {"accuracy_tier": "high", "app_state": "active", "distance_m": 10, "mission_id": null, "source": "driver.tracking.bridge"}
 INFO  [driver-telemetry] driver.network.profile {"network_profile_active": "offline", "recommended_sync_interval_ms": 30000, "source": "core.api.client"}
 INFO  [driver-telemetry] driver.http.timeout {"endpoint": "/driver/me/bookings/since", "network_profile_active": "offline", "source": "core.api.client", "timeout_ms": 2500}
 INFO  [driver-telemetry] driver.http.fail_fast_offline {"connected": false, "endpoint": "/driver/me/bookings/since", "internet_reachable": false, "network_type": "fallback", "source": "core.api.client"}
 INFO  [driver-telemetry] driver.runtime.reconcile.failure {"context_id": "driver:19", "reason": "reconcile_failed", "source": "driver.sync.orchestrator", "trigger": "foreground"}
 INFO  [FCM-GATE] requesting token {"source": "driver.notifications.bridge", "stage": "app_foreground"}
 INFO  [driver-telemetry] driver.push.fcm.get_token_start {"platform": "android", "source": "driver.firebaseMessaging"}
 INFO  [FCM-GATE] getDriverFcmToken start {"platform": "android"}
 INFO  [driver-telemetry] tracking.device_health.sent {"battery_optimized": false, "constraint_reason": null, "fgs_running": true, "kind": "tracking_health", "source": "driver.device_health", "trigger_reason": null}
 INFO  [FCM-GATE] getToken success {"tokenLength": 142}
 INFO  [driver-telemetry] driver.push.fcm.token {"source": "driver.firebaseMessaging", "token_present": true}
 INFO  [FCM-GATE] token received {"source": "driver.notifications.bridge", "stage": "app_foreground", "tokenLength": 142}
 INFO  [driver-telemetry] driver_push.token_acquired {"provider": "fcm", "source": "driver.notifications.bridge", "stage": "app_foreground", "token_length": 142}
 INFO  [FCM-GATE] posting token {"provider": "fcm", "source": "driver.notifications.bridge", "stage": "app_foreground"}
 INFO  [driver-telemetry] driver.network.profile {"network_profile_active": "offline", "recommended_sync_interval_ms": 30000, "source": "core.api.client"}
 INFO  [driver-telemetry] driver.http.timeout {"endpoint": "/driver/me/telemetry/push", "network_profile_active": "offline", "source": "core.api.client", "timeout_ms": 2500}
 INFO  [perf-kpi] perf.realtime.notify {"duration_ms": 1, "listener_count": 4, "role": "driver", "screen": "/", "source": "perf.instrumentation", "timestamp_client": "2026-08-16T09:50:38.304Z"}
 INFO  [driver-telemetry] realtime.transport.state {"actual_transport": "polling", "connected": true, "mode": "socket", "source": "core.realtime.manager", "transport_authority": "polling"}
 INFO  [perf-kpi] perf.realtime.notify {"duration_ms": 0, "listener_count": 4, "role": "driver", "screen": "/", "source": "perf.instrumentation", "timestamp_client": "2026-08-16T09:50:38.306Z"}
 LOG  [DriverSocket] {"contextId": "driver:19", "hasToken": true, "path": "/socket.io", "socketUrl": "http://127.0.0.1:15100", "surface": "driver", "transports": ["websocket", "polling"], "urlEnvSource": "EXPO_PUBLIC_DRIVER_SOCKET_URL"}
 INFO  [driver-telemetry] tracking.session.readiness {"readiness": "CREATING", "reason": "session_conflict", "session_generation": 900, "source": "driver.tracking.queue", "tracking_session_id": "trk_sess_1786873628455_92bm3him"}
 INFO  [driver-telemetry] driver.network.profile {"network_profile_active": "offline", "recommended_sync_interval_ms": 30000, "source": "core.api.client"}
 INFO  [driver-telemetry] driver.http.timeout {"endpoint": "/driver/save-push-token", "network_profile_active": "offline", "source": "core.api.client", "timeout_ms": 2500}
 INFO  [driver-telemetry] tracking.session.readiness {"readiness": "REGISTERING", "reason": "session_conflict", "session_generation": null, "source": "driver.tracking.queue", "tracking_session_id": "trk_sess_1786873838309_xf2i34if"}
 INFO  [driver-telemetry] tracking.session.readiness {"readiness": "REGISTERING", "reason": "register_start", "session_generation": null, "source": "driver.tracking.queue", "tracking_session_id": "trk_sess_1786873838309_xf2i34if"}
 INFO  [driver-telemetry] driver.network.profile {"network_profile_active": "offline", "recommended_sync_interval_ms": 30000, "source": "core.api.client"}
 INFO  [driver-telemetry] driver.http.timeout {"endpoint": "/driver/me/tracking/sessions", "network_profile_active": "offline", "source": "core.api.client", "timeout_ms": 2500}
 INFO  [driver-telemetry] push.token.registered {"provider": "fcm", "source": "driver.notifications.bridge"}
 INFO  [driver-telemetry] driver_push.register_success {"provider": "fcm", "source": "driver.notifications.bridge"}
 INFO  [driver-telemetry] driver.network.profile {"network_profile_active": "offline", "recommended_sync_interval_ms": 30000, "source": "core.api.client"}
 INFO  [driver-telemetry] driver.http.timeout {"endpoint": "/driver/me/telemetry/push", "network_profile_active": "offline", "source": "core.api.client", "timeout_ms": 2500}
 INFO  [driver-telemetry] driver.network.profile {"network_profile_active": "offline", "recommended_sync_interval_ms": 30000, "source": "core.api.client"}
 INFO  [driver-telemetry] driver.http.timeout {"endpoint": "/driver/me/bookings/since", "network_profile_active": "offline", "source": "core.api.client", "timeout_ms": 2500}
 INFO  [driver-telemetry] driver.http.fail_fast_offline {"connected": false, "endpoint": "/driver/me/bookings/since", "internet_reachable": false, "network_type": "fallback", "source": "core.api.client"}
 INFO  [driver-telemetry] driver.runtime.resume.failure {"context_id": "driver:19", "reason": "resume_failed", "resume_attempt_id": "driver:19:1786873837823:1", "retry_count": 1, "source": "driver.runtime.resume", "will_retry": true}
 INFO  [perf-kpi] perf.runtime.socket_reconnect_failed_total {"context_id": "driver:19", "source": "perf.runtime_stability", "timestamp_client": "2026-08-16T09:50:38.437Z", "total": 11}
 INFO  [driver-telemetry] realtime.transport.state {"actual_transport": "polling", "connected": false, "mode": "polling", "source": "core.realtime.manager", "transport_authority": "degraded"}
 INFO  [perf-kpi] perf.realtime.notify {"duration_ms": 0, "listener_count": 4, "role": "driver", "screen": "/", "source": "perf.instrumentation", "timestamp_client": "2026-08-16T09:50:38.439Z"}
 INFO  [driver-telemetry] realtime.socket.disconnect {"context_id": "driver:19", "reason": "websocket error", "source": "core.realtime.manager"}
 INFO  [driver-telemetry] realtime.transport.mismatch {"actual_transport": "polling", "context_id": "driver:19", "desired_transport": "socket", "source": "core.realtime.manager"}
 INFO  [perf-kpi] perf.realtime.notify {"duration_ms": 1, "listener_count": 4, "role": "driver", "screen": "/", "source": "perf.instrumentation", "timestamp_client": "2026-08-16T09:50:38.443Z"}
 INFO  [driver-telemetry] tracking.queue.flush {"backend_acked": 0, "dropped": 0, "flush_path": "http_fallback", "network_profile_active": "offline", "oldest_item_age_ms": null, "queue_depth": 0, "retried": 0, "sent": 0, "socket_emitted": 0, "source": "driver.tracking.queue", "tracking_queue_oldest_age_ms": null}
 INFO  [driver-telemetry] tracking.flush.transport {"backend_acked": 0, "sent": 0, "socket_emitted": 0, "source": "driver.tracking.queue", "transport": "http"}
 INFO  [driver-telemetry] tracking.session.readiness {"readiness": "READY", "reason": "register_ok", "session_generation": 901, "source": "driver.tracking.queue", "tracking_session_id": "trk_sess_1786873838309_xf2i34if"}
 INFO  [driver-telemetry] tracking.session.reconciled {"previous_session_id": "trk_sess_1786873628455_92bm3him", "readiness": "READY", "rebound_count": 0, "released_socket_count": 0, "source": "driver.tracking.queue", "tracking_session_id": "trk_sess_1786873838309_xf2i34if"}
 INFO  [driver-telemetry] tracking.queue.flush {"backend_acked": 0, "dropped": 0, "flush_path": "http_fallback", "network_profile_active": "offline", "oldest_item_age_ms": null, "queue_depth": 0, "retried": 0, "sent": 0, "socket_emitted": 0, "source": "driver.tracking.queue", "tracking_queue_oldest_age_ms": null}
 INFO  [driver-telemetry] tracking.flush.transport {"backend_acked": 0, "sent": 0, "socket_emitted": 0, "source": "driver.tracking.queue", "transport": "http"}
 INFO  [driver-telemetry] auth.refresh.endpoint_used {"endpoint": "refresh-token", "source": "core.api.client"}
 INFO  [perf-kpi] perf.realtime.notify {"duration_ms": 1, "listener_count": 4, "role": "driver", "screen": "/", "source": "perf.instrumentation", "timestamp_client": "2026-08-16T09:50:38.582Z"}
 INFO  [driver-telemetry] realtime.transport.state {"actual_transport": "polling", "connected": true, "mode": "socket", "source": "core.realtime.manager", "transport_authority": "polling"}
 INFO  [perf-kpi] perf.realtime.notify {"duration_ms": 1, "listener_count": 4, "role": "driver", "screen": "/", "source": "perf.instrumentation", "timestamp_client": "2026-08-16T09:50:38.585Z"}
 LOG  [DriverSocket] {"contextId": "driver:19", "hasToken": true, "path": "/socket.io", "socketUrl": "http://127.0.0.1:15100", "surface": "driver", "transports": ["websocket", "polling"], "urlEnvSource": "EXPO_PUBLIC_DRIVER_SOCKET_URL"}
 INFO  [driver-telemetry] driver.network.tick {"app_state": "active", "context_id": "driver:19", "driver_network_tick_total": 1, "mission_presence": "none", "network_activity_authority": "idle_loop", "network_profile_active": "offline", "source": "driver.realtime"}
 INFO  [driver-telemetry] driver.network.profile {"context_id": "driver:19", "network_profile_active": "offline", "recommended_sync_interval_ms": 30000, "source": "driver.realtime"}
 INFO  [driver-telemetry] driver.network.wake {"context_id": "driver:19", "driver_network_wake_cause": "polling_tick", "network_activity_authority": "idle_loop", "source": "driver.realtime"}
 INFO  [driver-telemetry] driver.network.tick.skipped {"context_id": "driver:19", "driver_network_tick_skipped_total": 1, "network_activity_authority": "idle_loop", "reason": "idle_rate_limit", "source": "driver.realtime"}
 INFO  [perf-kpi] perf.runtime.socket_reconnect_failed_total {"context_id": "driver:19", "source": "perf.runtime_stability", "timestamp_client": "2026-08-16T09:50:38.615Z", "total": 12}
 INFO  [driver-telemetry] realtime.transport.state {"actual_transport": "polling", "connected": false, "mode": "polling", "source": "core.realtime.manager", "transport_authority": "degraded"}
 INFO  [perf-kpi] perf.realtime.notify {"duration_ms": 0, "listener_count": 4, "role": "driver", "screen": "/", "source": "perf.instrumentation", "timestamp_client": "2026-08-16T09:50:38.618Z"}
 INFO  [driver-telemetry] realtime.socket.disconnect {"context_id": "driver:19", "reason": "websocket error", "source": "core.realtime.manager"}
 INFO  [driver-telemetry] realtime.transport.mismatch {"actual_transport": "polling", "context_id": "driver:19", "desired_transport": "socket", "source": "core.realtime.manager"}
 INFO  [perf-kpi] perf.realtime.notify {"duration_ms": 0, "listener_count": 4, "role": "driver", "screen": "/", "source": "perf.instrumentation", "timestamp_client": "2026-08-16T09:50:38.620Z"}
 INFO  [driver-telemetry] driver.network.profile {"network_profile_active": "offline", "recommended_sync_interval_ms": 30000, "source": "core.api.client"}
 INFO  [driver-telemetry] driver.http.timeout {"endpoint": "/driver/me/bookings/since", "network_profile_active": "offline", "source": "core.api.client", "timeout_ms": 2500}
 INFO  [driver-telemetry] driver.http.fail_fast_offline {"connected": false, "endpoint": "/driver/me/bookings/since", "internet_reachable": false, "network_type": "fallback", "source": "core.api.client"}
 INFO  [driver-telemetry] driver.runtime.resume.failure {"context_id": "driver:19", "reason": "resume_failed", "resume_attempt_id": "driver:19:1786873837823:1", "retry_count": 2, "source": "driver.runtime.resume", "will_retry": false}
 INFO  [driver-telemetry] driver.network.profile {"network_profile_active": "offline", "recommended_sync_interval_ms": 30000, "source": "core.api.client"}
 INFO  [driver-telemetry] driver.http.timeout {"endpoint": "/driver/me/bookings/since", "network_profile_active": "offline", "source": "core.api.client", "timeout_ms": 2500}
 INFO  [driver-telemetry] driver.http.fail_fast_offline {"connected": false, "endpoint": "/driver/me/bookings/since", "internet_reachable": false, "network_type": "fallback", "source": "core.api.client"}
 INFO  [driver-telemetry] driver.runtime.reconcile.failure {"context_id": "driver:19", "reason": "reconcile_failed", "source": "driver.sync.orchestrator", "trigger": "reconnect"}
 INFO  [driver-telemetry] auth.refresh.endpoint_used {"endpoint": "refresh-token", "source": "core.api.client"}
 INFO  [driver-telemetry] tracking.queue.enqueued {"app_state": "active", "location_mode": "availability_presence", "mission_id": null, "oldest_item_age_ms": 42, "queue_depth": 1, "sequence_id": 1, "source": "driver.tracking.queue", "tracking_session_id": "trk_sess_1786873838309_xf2i34if"}
 INFO  [driver-telemetry] driver.network.profile {"network_profile_active": "offline", "recommended_sync_interval_ms": 30000, "source": "core.api.client"}
 INFO  [driver-telemetry] driver.http.timeout {"endpoint": "/driver/me/location", "network_profile_active": "offline", "source": "core.api.client", "timeout_ms": 28000}
 INFO  [driver-telemetry] tracking.ingest.ack {"accept_reason": "", "ack_status": "persisted", "durability": "persisted_sync", "flush_path": "http_fallback", "mission_id": null, "queue_item_id": "trk_1786873839755_s441oe82", "source": "driver.tracking.queue", "trace_id": "mob_msvmjquy_n6vk1yvq"}
 INFO  [driver-telemetry] tracking.queue.flush {"backend_acked": 1, "dropped": 0, "flush_path": "http_fallback", "network_profile_active": "offline", "oldest_item_age_ms": 444, "queue_depth": 0, "retried": 0, "sent": 1, "socket_emitted": 0, "source": "driver.tracking.queue", "tracking_queue_oldest_age_ms": 444}
 INFO  [driver-telemetry] tracking.flush.transport {"backend_acked": 1, "sent": 1, "socket_emitted": 0, "source": "driver.tracking.queue", "transport": "http"}
 INFO  [driver-telemetry] tracking.bridge.health {"backend_ack_latency_ms": 1838, "mission_id": null, "network_profile_active": "offline", "oldest_item_age_ms": 445, "queue_depth": 0, "socket_emit_without_backend_ack_total": 0, "source": "driver.tracking.bridge", "tracking_flush_batch_size": 1}
 INFO  [driver-telemetry] auth.refresh.endpoint_used {"endpoint": "refresh-token", "source": "core.api.client"}
 LOG  [DriverSocket] {"contextId": "driver:19", "hasToken": true, "path": "/socket.io", "socketUrl": "http://127.0.0.1:15100", "surface": "driver", "transports": ["websocket", "polling"], "urlEnvSource": "EXPO_PUBLIC_DRIVER_SOCKET_URL"}
 INFO  [perf-kpi] perf.runtime.socket_reconnect_failed_total {"context_id": "driver:19", "source": "perf.runtime_stability", "timestamp_client": "2026-08-16T09:50:40.857Z", "total": 13}
 INFO  [perf-kpi] perf.realtime.notify {"duration_ms": 0, "listener_count": 4, "role": "driver", "screen": "/", "source": "perf.instrumentation", "timestamp_client": "2026-08-16T09:50:40.859Z"}
 INFO  [driver-telemetry] realtime.socket.disconnect {"context_id": "driver:19", "reason": "websocket error", "source": "core.realtime.manager"}
 INFO  [driver-telemetry] realtime.transport.mismatch {"actual_transport": "polling", "context_id": "driver:19", "desired_transport": "socket", "source": "core.realtime.manager"}
 INFO  [perf-kpi] perf.realtime.notify {"duration_ms": 0, "listener_count": 4, "role": "driver", "screen": "/", "source": "perf.instrumentation", "timestamp_client": "2026-08-16T09:50:40.863Z"}
 INFO  [driver-telemetry] auth.refresh.endpoint_used {"endpoint": "refresh-token", "source": "core.api.client"}
 INFO  [driver-telemetry] auth.refresh.endpoint_used {"endpoint": "refresh-token", "source": "core.api.client"}
 LOG  [DriverSocket] {"contextId": "driver:19", "hasToken": true, "path": "/socket.io", "socketUrl": "http://127.0.0.1:15100", "surface": "driver", "transports": ["websocket", "polling"], "urlEnvSource": "EXPO_PUBLIC_DRIVER_SOCKET_URL"}
 INFO  [perf-kpi] perf.runtime.socket_reconnect_failed_total {"context_id": "driver:19", "source": "perf.runtime_stability", "timestamp_client": "2026-08-16T09:50:45.050Z", "total": 14}
 INFO  [perf-kpi] perf.realtime.notify {"duration_ms": 1, "listener_count": 4, "role": "driver", "screen": "/", "source": "perf.instrumentation", "timestamp_client": "2026-08-16T09:50:45.053Z"}
 INFO  [driver-telemetry] realtime.socket.disconnect {"context_id": "driver:19", "reason": "websocket error", "source": "core.realtime.manager"}
 INFO  [driver-telemetry] realtime.transport.mismatch {"actual_transport": "polling", "context_id": "driver:19", "desired_transport": "socket", "source": "core.realtime.manager"}
 INFO  [perf-kpi] perf.realtime.notify {"duration_ms": 0, "listener_count": 4, "role": "driver", "screen": "/", "source": "perf.instrumentation", "timestamp_client": "2026-08-16T09:50:45.058Z"}
 INFO  [driver-telemetry] auth.refresh.endpoint_used {"endpoint": "refresh-token", "source": "core.api.client"}
 INFO  [driver-telemetry] realtime.degraded.entered {"degraded_hysteresis_ms": 8000, "source": "core.realtime.manager"}
 INFO  [perf-kpi] perf.realtime.notify {"duration_ms": 5, "listener_count": 4, "role": "driver", "screen": "/", "source": "perf.instrumentation", "timestamp_client": "2026-08-16T09:50:46.599Z"}
 INFO  [driver-telemetry] driver.network.tick {"app_state": "active", "context_id": "driver:19", "driver_network_tick_total": 1, "mission_presence": "none", "network_activity_authority": "idle_loop", "network_profile_active": "offline", "source": "driver.realtime"}
 INFO  [driver-telemetry] driver.network.profile {"context_id": "driver:19", "network_profile_active": "offline", "recommended_sync_interval_ms": 30000, "source": "driver.realtime"}
 INFO  [driver-telemetry] driver.network.wake {"context_id": "driver:19", "driver_network_wake_cause": "polling_tick", "network_activity_authority": "idle_loop", "source": "driver.realtime"}
 INFO  [driver-telemetry] driver.network.tick.skipped {"context_id": "driver:19", "driver_network_tick_skipped_total": 1, "network_activity_authority": "idle_loop", "reason": "idle_rate_limit", "source": "driver.realtime"}
 INFO  [driver-telemetry] auth.refresh.endpoint_used {"endpoint": "refresh-token", "source": "core.api.client"}
 LOG  [DriverSocket] {"contextId": "driver:19", "hasToken": true, "path": "/socket.io", "socketUrl": "http://127.0.0.1:15100", "surface": "driver", "transports": ["websocket", "polling"], "urlEnvSource": "EXPO_PUBLIC_DRIVER_SOCKET_URL"}
 INFO  [perf-kpi] perf.runtime.socket_reconnect_failed_total {"context_id": "driver:19", "source": "perf.runtime_stability", "timestamp_client": "2026-08-16T09:50:54.307Z", "total": 15}
 INFO  [perf-kpi] perf.realtime.notify {"duration_ms": 0, "listener_count": 4, "role": "driver", "screen": "/", "source": "perf.instrumentation", "timestamp_client": "2026-08-16T09:50:54.309Z"}
 INFO  [driver-telemetry] realtime.socket.disconnect {"context_id": "driver:19", "reason": "websocket error", "source": "core.realtime.manager"}
 INFO  [driver-telemetry] realtime.transport.mismatch {"actual_transport": "polling", "context_id": "driver:19", "desired_transport": "socket", "source": "core.realtime.manager"}
 INFO  [perf-kpi] perf.realtime.notify {"duration_ms": 0, "listener_count": 4, "role": "driver", "screen": "/", "source": "perf.instrumentation", "timestamp_client": "2026-08-16T09:50:54.313Z"}
 INFO  [driver-telemetry] auth.refresh.endpoint_used {"endpoint": "refresh-token", "source": "core.api.client"}
 INFO  [perf-kpi] perf.instrumentation.aggregate {"notify_listeners_peak": 4, "row_count": 30, "source": "perf.instrumentation", "tier": "dev", "timestamp_client": "2026-08-16T09:51:03.797Z", "top_by_count": [{"avg_ms": 42.19818708720927, "category": "js_long_task", "count": 4839, "max_ms": 583.1821869984269, "p50_ms": 41.76791600137949, "p95_ms": 43.76343800127506, "role": "driver", "screen": "/", "sub_key": "frame_budget", "sum_ms": 204197.02731500566}, {"avg_ms": 42.101012349966915, "category": "js_long_task", "count": 80, "max_ms": 76.65093699842691, "p50_ms": 41.68348999321461, "p95_ms": 44.44812499731779, "role": "unknown", "screen": "app.root", "sub_key": "frame_budget", "sum_ms": 3368.080987997353}, {"avg_ms": 0.5789473684210527, "category": "notify", "count": 38, "max_ms": 5, "p50_ms": 1, "p95_ms": 5, "role": "driver", "screen": "/", "sub_key": "lifecycle", "sum_ms": 22}, {"avg_ms": 0, "category": "http", "count": 27, "max_ms": 0, "p50_ms": 0, "p95_ms": 0, "role": "driver", "screen": "/", "sub_key": "/auth/refresh-token", "sum_ms": 0}, {"avg_ms": 0, "category": "http", "count": 22, "max_ms": 0, "p50_ms": 0, "p95_ms": 0, "role": "driver", "screen": "/", "sub_key": "/messages/3", "sum_ms": 0}, {"avg_ms": 0, "category": "http", "count": 14, "max_ms": 0, "p50_ms": 0, "p95_ms": 0, "role": "driver", "screen": "/", "sub_key": "/messages/3/hub/unread-count", "sum_ms": 0}, {"avg_ms": 0, "category": "http", "count": 7, "max_ms": 0, "p50_ms": 0, "p95_ms": 0, "role": "driver", "screen": "/", "sub_key": "/driver/me/bookings/since", "sum_ms": 0}, {"avg_ms": 0, "category": "http", "count": 7, "max_ms": 0, "p50_ms": 0, "p95_ms": 0, "role": "driver", "screen": "/", "sub_key": "/driver/me/telemetry/push", "sum_ms": 0}, {"avg_ms": 0, "category": "http", "count": 4, "max_ms": 0, "p50_ms": 0, "p95_ms": 0, "role": "driver", "screen": "/", "sub_key": "/driver/me/bookings", "sum_ms": 0}, {"avg_ms": 0, "category": "http", "count": 4, "max_ms": 0, "p50_ms": 0, "p95_ms": 0, "role": "driver", "screen": "/", "sub_key": "/driver/me/device-health", "sum_ms": 0}], "top_by_sum_ms": [{"avg_ms": 42.19818708720927, "category": "js_long_task", "count": 4839, "max_ms": 583.1821869984269, "p50_ms": 41.76791600137949, "p95_ms": 43.76343800127506, "role": "driver", "screen": "/", "sub_key": "frame_budget", "sum_ms": 204197.02731500566}, {"avg_ms": 24739, "category": "page_load", "count": 1, "max_ms": 24739, "p50_ms": 24739, "p95_ms": 24739, "role": "driver", "screen": "/", "sub_key": "driver.inbox", "sum_ms": 24739}, {"avg_ms": 24575, "category": "page_load", "count": 1, "max_ms": 24575, "p50_ms": 24575, "p95_ms": 24575, "role": "driver", "screen": "/", "sub_key": "driver.hub", "sum_ms": 24575}, {"avg_ms": 24574, "category": "page_load", "count": 1, "max_ms": 24574, "p50_ms": 24574, "p95_ms": 24574, "role": "driver", "screen": "/", "sub_key": "driver.missions", "sum_ms": 24574}, {"avg_ms": 42.101012349966915, "category": "js_long_task", "count": 80, "max_ms": 76.65093699842691, "p50_ms": 41.68348999321461, "p95_ms": 44.44812499731779, "role": "unknown", "screen": "app.root", "sub_key": "frame_budget", "sum_ms": 3368.080987997353}, {"avg_ms": 0.5789473684210527, "category": "notify", "count": 38, "max_ms": 5, "p50_ms": 1, "p95_ms": 5, "role": "driver", "screen": "/", "sub_key": "lifecycle", "sum_ms": 22}, {"avg_ms": 0, "category": "http", "count": 3, "max_ms": 0, "p50_ms": 0, "p95_ms": 0, "role": "unknown", "screen": "app.root", "sub_key": "/driver/me/telemetry/push", "sum_ms": 0}, {"avg_ms": 0, "category": "http", "count": 1, "max_ms": 0, "p50_ms": 0, "p95_ms": 0, "role": "unknown", "screen": "app.root", "sub_key": "/auth/csrf-token", "sum_ms": 0}, {"avg_ms": 0, "category": "http", "count": 1, "max_ms": 0, "p50_ms": 0, "p95_ms": 0, "role": "unknown", "screen": "app.root", "sub_key": "/auth/refresh-token", "sum_ms": 0}, {"avg_ms": 0, "category": "http", "count": 1, "max_ms": 0, "p50_ms": 0, "p95_ms": 0, "role": "unknown", "screen": "app.root", "sub_key": "/auth/bootstrap", "sum_ms": 0}]}
 INFO  [driver-telemetry] tracking.device_health.send_skipped {"age_ms": 29767, "reason": "throttled", "source": "driver.device_health", "trigger_reason": null}
 INFO  [driver-telemetry] driver.runtime.heartbeat {"app_state": "active", "context_id": "driver:19", "feature_flags_version": null, "mission_runtime_in_flight": 0, "mission_runtime_known": 0, "session_valid": true, "socket_connected": false, "source": "driver.hooks.realtime", "tracking_active": true, "tracking_queue_depth": 0}
 INFO  [driver-telemetry] driver.network.tick {"app_state": "active", "context_id": "driver:19", "driver_network_tick_total": 1, "mission_presence": "none", "network_activity_authority": "idle_loop", "network_profile_active": "offline", "source": "driver.realtime"}
 INFO  [driver-telemetry] driver.network.profile {"context_id": "driver:19", "network_profile_active": "offline", "recommended_sync_interval_ms": 30000, "source": "driver.realtime"}
 INFO  [driver-telemetry] driver.network.wake {"context_id": "driver:19", "driver_network_wake_cause": "polling_tick", "network_activity_authority": "idle_loop", "source": "driver.realtime"}
 INFO  [driver-telemetry] driver.network.tick.skipped {"context_id": "driver:19", "driver_network_tick_skipped_total": 1, "network_activity_authority": "idle_loop", "reason": "idle_rate_limit", "source": "driver.realtime"}
 INFO  [driver-telemetry] auth.refresh.endpoint_used {"endpoint": "refresh-token", "source": "core.api.client"}
 LOG  [DriverSocket] {"contextId": "driver:19", "hasToken": true, "path": "/socket.io", "socketUrl": "http://127.0.0.1:15100", "surface": "driver", "transports": ["websocket", "polling"], "urlEnvSource": "EXPO_PUBLIC_DRIVER_SOCKET_URL"}
 INFO  [perf-kpi] perf.runtime.socket_reconnect_failed_total {"context_id": "driver:19", "source": "perf.runtime_stability", "timestamp_client": "2026-08-16T09:51:09.495Z", "total": 16}
 INFO  [perf-kpi] perf.realtime.notify {"duration_ms": 1, "listener_count": 4, "role": "driver", "screen": "/", "source": "perf.instrumentation", "timestamp_client": "2026-08-16T09:51:09.497Z"}
 INFO  [driver-telemetry] realtime.socket.disconnect {"context_id": "driver:19", "reason": "websocket error", "source": "core.realtime.manager"}
 INFO  [driver-telemetry] realtime.transport.mismatch {"actual_transport": "polling", "context_id": "driver:19", "desired_transport": "socket", "source": "core.realtime.manager"}
 INFO  [perf-kpi] perf.realtime.notify {"duration_ms": 1, "listener_count": 4, "role": "driver", "screen": "/", "source": "perf.instrumentation", "timestamp_client": "2026-08-16T09:51:09.502Z"}
 INFO  [driver-telemetry] auth.refresh.endpoint_used {"endpoint": "refresh-token", "source": "core.api.client"}
 INFO  [driver-telemetry] driver.network.tick {"app_state": "active", "context_id": "driver:19", "driver_network_tick_total": 1, "mission_presence": "none", "network_activity_authority": "idle_loop", "network_profile_active": "offline", "source": "driver.realtime"}
 INFO  [driver-telemetry] driver.network.profile {"context_id": "driver:19", "network_profile_active": "offline", "recommended_sync_interval_ms": 30000, "source": "driver.realtime"}
 INFO  [driver-telemetry] driver.network.wake {"context_id": "driver:19", "driver_network_wake_cause": "polling_tick", "network_activity_authority": "idle_loop", "source": "driver.realtime"}
 INFO  [driver-telemetry] driver.network.profile {"network_profile_active": "offline", "recommended_sync_interval_ms": 30000, "source": "core.api.client"}
 INFO  [driver-telemetry] driver.http.timeout {"endpoint": "/driver/me/bookings", "network_profile_active": "offline", "source": "core.api.client", "timeout_ms": 2500}
 INFO  [driver-telemetry] realtime.transport.state {"actual_transport": "polling", "connected": false, "mode": "polling", "source": "core.realtime.manager", "transport_authority": "polling"}
 INFO  [perf-kpi] perf.realtime.notify {"duration_ms": 1, "listener_count": 4, "role": "driver", "screen": "/", "source": "perf.instrumentation", "timestamp_client": "2026-08-16T09:51:23.697Z"}
 INFO  [driver-telemetry] realtime.transport.authority {"reason": "full_polling_tick", "source": "core.realtime.manager", "transport_authority": "polling"}
 INFO  [driver-telemetry] realtime.polling.full_refetch {"context_id": "driver:19", "driver_http_calls_per_hour": 1, "mission_poll_full_refetch_total": 1, "network_activity_authority": "idle_loop", "source": "driver.realtime"}
 INFO  [FCM-GATE] register effect start {"enabled": true, "fcmEnabled": true, "source": "driver.notifications.bridge", "stage": "app_foreground"}
 INFO  [driver-telemetry] driver.foreground.resume.resync {"context_id": "driver:19", "foreground_resume_resync_total": 1, "source": "driver.sync_engine"}
 INFO  [driver-telemetry] driver.runtime.resume.start {"app_state": "active", "context_id": "driver:19", "resume_attempt_id": "driver:19:1786873898597:2", "source": "driver.runtime.resume"}
 INFO  [driver-telemetry] driver.network.profile {"network_profile_active": "offline", "recommended_sync_interval_ms": 30000, "source": "core.api.client"}
 INFO  [driver-telemetry] driver.http.timeout {"endpoint": "/driver/me/device-health", "network_profile_active": "offline", "source": "core.api.client", "timeout_ms": 2500}
 INFO  [perf-kpi] perf.js_long_task {"duration_ms": 124.34682299941778, "role": "driver", "screen": "/", "source": "perf.instrumentation", "timestamp_client": "2026-08-16T09:51:38.605Z"}
 INFO  [driver-telemetry] tracking.watch.started {"accuracy_tier": "balanced", "app_state": "background", "distance_m": 10, "mission_id": null, "source": "driver.tracking.bridge"}
 INFO  [driver-telemetry] tracking.watch.started {"accuracy_tier": "high", "app_state": "active", "distance_m": 10, "mission_id": null, "source": "driver.tracking.bridge"}
 INFO  [driver-telemetry] driver.network.tick {"app_state": "active", "context_id": "driver:19", "driver_network_tick_total": 1, "mission_presence": "none", "network_activity_authority": "idle_loop", "network_profile_active": "offline", "source": "driver.realtime"}
 INFO  [driver-telemetry] driver.network.profile {"context_id": "driver:19", "network_profile_active": "offline", "recommended_sync_interval_ms": 30000, "source": "driver.realtime"}
 INFO  [driver-telemetry] driver.network.wake {"context_id": "driver:19", "driver_network_wake_cause": "polling_tick", "network_activity_authority": "idle_loop", "source": "driver.realtime"}
 INFO  [driver-telemetry] driver.network.tick.skipped {"context_id": "driver:19", "driver_network_tick_skipped_total": 1, "network_activity_authority": "idle_loop", "reason": "idle_rate_limit", "source": "driver.realtime"}
 INFO  [FCM-GATE] requesting token {"source": "driver.notifications.bridge", "stage": "app_foreground"}
 INFO  [driver-telemetry] driver.push.fcm.get_token_start {"platform": "android", "source": "driver.firebaseMessaging"}
 INFO  [FCM-GATE] getDriverFcmToken start {"platform": "android"}
 INFO  [FCM-GATE] getToken success {"tokenLength": 142}
 INFO  [driver-telemetry] driver.push.fcm.token {"source": "driver.firebaseMessaging", "token_present": true}
 INFO  [FCM-GATE] token received {"source": "driver.notifications.bridge", "stage": "app_foreground", "tokenLength": 142}
 INFO  [driver-telemetry] driver_push.token_acquired {"provider": "fcm", "source": "driver.notifications.bridge", "stage": "app_foreground", "token_length": 142}
 INFO  [FCM-GATE] posting token {"provider": "fcm", "source": "driver.notifications.bridge", "stage": "app_foreground"}
 INFO  [driver-telemetry] driver.network.profile {"network_profile_active": "offline", "recommended_sync_interval_ms": 30000, "source": "core.api.client"}
 INFO  [driver-telemetry] driver.http.timeout {"endpoint": "/driver/me/telemetry/push", "network_profile_active": "offline", "source": "core.api.client", "timeout_ms": 2500}
 INFO  [driver-telemetry] tracking.device_health.sent {"battery_optimized": false, "constraint_reason": null, "fgs_running": true, "kind": "tracking_health", "source": "driver.device_health", "trigger_reason": null}
 INFO  [driver-telemetry] driver.network.profile {"network_profile_active": "offline", "recommended_sync_interval_ms": 30000, "source": "core.api.client"}
 INFO  [driver-telemetry] driver.http.timeout {"endpoint": "/driver/save-push-token", "network_profile_active": "offline", "source": "core.api.client", "timeout_ms": 2500}
 INFO  [driver-telemetry] push.token.registered {"provider": "fcm", "source": "driver.notifications.bridge"}
 INFO  [driver-telemetry] driver_push.register_success {"provider": "fcm", "source": "driver.notifications.bridge"}
 INFO  [driver-telemetry] driver.network.profile {"network_profile_active": "offline", "recommended_sync_interval_ms": 30000, "source": "core.api.client"}
 INFO  [driver-telemetry] driver.http.timeout {"endpoint": "/driver/me/telemetry/push", "network_profile_active": "offline", "source": "core.api.client", "timeout_ms": 2500}
 INFO  [driver-telemetry] auth.refresh.endpoint_used {"endpoint": "refresh-token", "source": "core.api.client"}
 INFO  [perf-kpi] perf.realtime.notify {"duration_ms": 1, "listener_count": 4, "role": "driver", "screen": "/", "source": "perf.instrumentation", "timestamp_client": "2026-08-16T09:51:38.890Z"}
 INFO  [driver-telemetry] realtime.transport.state {"actual_transport": "polling", "connected": true, "mode": "socket", "source": "core.realtime.manager", "transport_authority": "polling"}
 INFO  [perf-kpi] perf.realtime.notify {"duration_ms": 1, "listener_count": 4, "role": "driver", "screen": "/", "source": "perf.instrumentation", "timestamp_client": "2026-08-16T09:51:38.893Z"}
 LOG  [DriverSocket] {"contextId": "driver:19", "hasToken": true, "path": "/socket.io", "socketUrl": "http://127.0.0.1:15100", "surface": "driver", "transports": ["websocket", "polling"], "urlEnvSource": "EXPO_PUBLIC_DRIVER_SOCKET_URL"}
 INFO  [driver-telemetry] tracking.session.readiness {"readiness": "CREATING", "reason": "session_conflict", "session_generation": 901, "source": "driver.tracking.queue", "tracking_session_id": "trk_sess_1786873838309_xf2i34if"}
 INFO  [driver-telemetry] tracking.session.readiness {"readiness": "REGISTERING", "reason": "session_conflict", "session_generation": null, "source": "driver.tracking.queue", "tracking_session_id": "trk_sess_1786873898897_nfc1dwfa"}
 INFO  [driver-telemetry] tracking.session.readiness {"readiness": "REGISTERING", "reason": "register_start", "session_generation": null, "source": "driver.tracking.queue", "tracking_session_id": "trk_sess_1786873898897_nfc1dwfa"}
 INFO  [driver-telemetry] driver.network.profile {"network_profile_active": "offline", "recommended_sync_interval_ms": 30000, "source": "core.api.client"}
 INFO  [driver-telemetry] driver.http.timeout {"endpoint": "/driver/me/tracking/sessions", "network_profile_active": "offline", "source": "core.api.client", "timeout_ms": 2500}
 INFO  [driver-telemetry] driver.network.profile {"network_profile_active": "offline", "recommended_sync_interval_ms": 30000, "source": "core.api.client"}
 INFO  [driver-telemetry] driver.http.timeout {"endpoint": "/driver/me/bookings/since", "network_profile_active": "offline", "source": "core.api.client", "timeout_ms": 2500}
 INFO  [driver-telemetry] driver.http.fail_fast_offline {"connected": false, "endpoint": "/driver/me/bookings/since", "internet_reachable": false, "network_type": "fallback", "source": "core.api.client"}
 INFO  [driver-telemetry] driver.runtime.resume.failure {"context_id": "driver:19", "reason": "resume_failed", "resume_attempt_id": "driver:19:1786873898597:2", "retry_count": 1, "source": "driver.runtime.resume", "will_retry": true}
 INFO  [perf-kpi] perf.runtime.socket_reconnect_failed_total {"context_id": "driver:19", "source": "perf.runtime_stability", "timestamp_client": "2026-08-16T09:51:38.927Z", "total": 17}
 INFO  [driver-telemetry] realtime.transport.state {"actual_transport": "polling", "connected": false, "mode": "polling", "source": "core.realtime.manager", "transport_authority": "degraded"}
 INFO  [perf-kpi] perf.realtime.notify {"duration_ms": 1, "listener_count": 4, "role": "driver", "screen": "/", "source": "perf.instrumentation", "timestamp_client": "2026-08-16T09:51:38.929Z"}
 INFO  [driver-telemetry] realtime.socket.disconnect {"context_id": "driver:19", "reason": "websocket error", "source": "core.realtime.manager"}
 INFO  [driver-telemetry] realtime.transport.mismatch {"actual_transport": "polling", "context_id": "driver:19", "desired_transport": "socket", "source": "core.realtime.manager"}
 INFO  [perf-kpi] perf.realtime.notify {"duration_ms": 0, "listener_count": 4, "role": "driver", "screen": "/", "source": "perf.instrumentation", "timestamp_client": "2026-08-16T09:51:38.930Z"}
 INFO  [driver-telemetry] tracking.queue.flush {"backend_acked": 0, "dropped": 0, "flush_path": "http_fallback", "network_profile_active": "offline", "oldest_item_age_ms": null, "queue_depth": 0, "retried": 0, "sent": 0, "socket_emitted": 0, "source": "driver.tracking.queue", "tracking_queue_oldest_age_ms": null}
 INFO  [driver-telemetry] tracking.flush.transport {"backend_acked": 0, "sent": 0, "socket_emitted": 0, "source": "driver.tracking.queue", "transport": "http"}
 INFO  [driver-telemetry] tracking.session.readiness {"readiness": "READY", "reason": "register_ok", "session_generation": 902, "source": "driver.tracking.queue", "tracking_session_id": "trk_sess_1786873898897_nfc1dwfa"}
 INFO  [driver-telemetry] tracking.session.reconciled {"previous_session_id": "trk_sess_1786873838309_xf2i34if", "readiness": "READY", "rebound_count": 0, "released_socket_count": 0, "source": "driver.tracking.queue", "tracking_session_id": "trk_sess_1786873898897_nfc1dwfa"}
 INFO  [driver-telemetry] tracking.queue.flush {"backend_acked": 0, "dropped": 0, "flush_path": "http_fallback", "network_profile_active": "offline", "oldest_item_age_ms": null, "queue_depth": 0, "retried": 0, "sent": 0, "socket_emitted": 0, "source": "driver.tracking.queue", "tracking_queue_oldest_age_ms": null}
 INFO  [driver-telemetry] tracking.flush.transport {"backend_acked": 0, "sent": 0, "socket_emitted": 0, "source": "driver.tracking.queue", "transport": "http"}
 INFO  [driver-telemetry] auth.refresh.endpoint_used {"endpoint": "refresh-token", "source": "core.api.client"}
 INFO  [perf-kpi] perf.realtime.notify {"duration_ms": 1, "listener_count": 4, "role": "driver", "screen": "/", "source": "perf.instrumentation", "timestamp_client": "2026-08-16T09:51:39.089Z"}
 INFO  [driver-telemetry] realtime.transport.state {"actual_transport": "polling", "connected": true, "mode": "socket", "source": "core.realtime.manager", "transport_authority": "polling"}
 INFO  [perf-kpi] perf.realtime.notify {"duration_ms": 0, "listener_count": 4, "role": "driver", "screen": "/", "source": "perf.instrumentation", "timestamp_client": "2026-08-16T09:51:39.091Z"}
 LOG  [DriverSocket] {"contextId": "driver:19", "hasToken": true, "path": "/socket.io", "socketUrl": "http://127.0.0.1:15100", "surface": "driver", "transports": ["websocket", "polling"], "urlEnvSource": "EXPO_PUBLIC_DRIVER_SOCKET_URL"}
 INFO  [perf-kpi] perf.runtime.socket_reconnect_failed_total {"context_id": "driver:19", "source": "perf.runtime_stability", "timestamp_client": "2026-08-16T09:51:39.127Z", "total": 18}
 INFO  [driver-telemetry] realtime.transport.state {"actual_transport": "polling", "connected": false, "mode": "polling", "source": "core.realtime.manager", "transport_authority": "degraded"}
 INFO  [perf-kpi] perf.realtime.notify {"duration_ms": 1, "listener_count": 4, "role": "driver", "screen": "/", "source": "perf.instrumentation", "timestamp_client": "2026-08-16T09:51:39.129Z"}
 INFO  [driver-telemetry] realtime.socket.disconnect {"context_id": "driver:19", "reason": "websocket error", "source": "core.realtime.manager"}
 INFO  [driver-telemetry] realtime.transport.mismatch {"actual_transport": "polling", "context_id": "driver:19", "desired_transport": "socket", "source": "core.realtime.manager"}
 INFO  [perf-kpi] perf.realtime.notify {"duration_ms": 0, "listener_count": 4, "role": "driver", "screen": "/", "source": "perf.instrumentation", "timestamp_client": "2026-08-16T09:51:39.131Z"}
 INFO  [driver-telemetry] driver.network.profile {"network_profile_active": "offline", "recommended_sync_interval_ms": 30000, "source": "core.api.client"}
 INFO  [driver-telemetry] driver.http.timeout {"endpoint": "/driver/me/bookings/since", "network_profile_active": "offline", "source": "core.api.client", "timeout_ms": 2500}
 INFO  [driver-telemetry] driver.http.fail_fast_offline {"connected": false, "endpoint": "/driver/me/bookings/since", "internet_reachable": false, "network_type": "fallback", "source": "core.api.client"}
 INFO  [driver-telemetry] driver.runtime.resume.failure {"context_id": "driver:19", "reason": "resume_failed", "resume_attempt_id": "driver:19:1786873898597:2", "retry_count": 2, "source": "driver.runtime.resume", "will_retry": false}
 INFO  [driver-telemetry] auth.refresh.endpoint_used {"endpoint": "refresh-token", "source": "core.api.client"}
 INFO  [driver-telemetry] driver.network.profile {"network_profile_active": "offline", "recommended_sync_interval_ms": 30000, "source": "core.api.client"}
 INFO  [driver-telemetry] driver.http.timeout {"endpoint": "/driver/me/bookings/since", "network_profile_active": "offline", "source": "core.api.client", "timeout_ms": 2500}
 INFO  [driver-telemetry] driver.http.fail_fast_offline {"connected": false, "endpoint": "/driver/me/bookings/since", "internet_reachable": false, "network_type": "fallback", "source": "core.api.client"}
 INFO  [driver-telemetry] driver.runtime.reconcile.failure {"context_id": "driver:19", "reason": "reconcile_failed", "source": "driver.sync.orchestrator", "trigger": "reconnect"}
 INFO  [driver-telemetry] auth.refresh.endpoint_used {"endpoint": "refresh-token", "source": "core.api.client"}
 LOG  [DriverSocket] {"contextId": "driver:19", "hasToken": true, "path": "/socket.io", "socketUrl": "http://127.0.0.1:15100", "surface": "driver", "transports": ["websocket", "polling"], "urlEnvSource": "EXPO_PUBLIC_DRIVER_SOCKET_URL"}
 INFO  [driver-telemetry] tracking.queue.enqueued {"app_state": "active", "location_mode": "availability_presence", "mission_id": null, "oldest_item_age_ms": 12, "queue_depth": 1, "sequence_id": 1, "source": "driver.tracking.queue", "tracking_session_id": "trk_sess_1786873898897_nfc1dwfa"}
 INFO  [driver-telemetry] driver.network.profile {"network_profile_active": "offline", "recommended_sync_interval_ms": 30000, "source": "core.api.client"}
 INFO  [driver-telemetry] driver.http.timeout {"endpoint": "/driver/me/location", "network_profile_active": "offline", "source": "core.api.client", "timeout_ms": 28000}
 INFO  [perf-kpi] perf.runtime.socket_reconnect_failed_total {"context_id": "driver:19", "source": "perf.runtime_stability", "timestamp_client": "2026-08-16T09:51:41.304Z", "total": 19}
 INFO  [perf-kpi] perf.realtime.notify {"duration_ms": 0, "listener_count": 4, "role": "driver", "screen": "/", "source": "perf.instrumentation", "timestamp_client": "2026-08-16T09:51:41.306Z"}
 INFO  [driver-telemetry] realtime.socket.disconnect {"context_id": "driver:19", "reason": "websocket error", "source": "core.realtime.manager"}
 INFO  [driver-telemetry] realtime.transport.mismatch {"actual_transport": "polling", "context_id": "driver:19", "desired_transport": "socket", "source": "core.realtime.manager"}
 INFO  [perf-kpi] perf.realtime.notify {"duration_ms": 1, "listener_count": 4, "role": "driver", "screen": "/", "source": "perf.instrumentation", "timestamp_client": "2026-08-16T09:51:41.308Z"}
 INFO  [driver-telemetry] auth.refresh.endpoint_used {"endpoint": "refresh-token", "source": "core.api.client"}
 INFO  [driver-telemetry] tracking.ingest.ack {"accept_reason": "", "ack_status": "persisted", "durability": "persisted_sync", "flush_path": "http_fallback", "mission_id": null, "queue_item_id": "trk_1786873901283_9u95cqge", "source": "driver.tracking.queue", "trace_id": "mob_msvml2b8_igi8p0zo"}
 INFO  [driver-telemetry] tracking.queue.flush {"backend_acked": 1, "dropped": 0, "flush_path": "http_fallback", "network_profile_active": "offline", "oldest_item_age_ms": 247, "queue_depth": 0, "retried": 0, "sent": 1, "socket_emitted": 0, "source": "driver.tracking.queue", "tracking_queue_oldest_age_ms": 247}
 INFO  [driver-telemetry] tracking.flush.transport {"backend_acked": 1, "sent": 1, "socket_emitted": 0, "source": "driver.tracking.queue", "transport": "http"}
 INFO  [driver-telemetry] tracking.bridge.health {"backend_ack_latency_ms": 1545, "mission_id": null, "network_profile_active": "offline", "oldest_item_age_ms": 248, "queue_depth": 0, "socket_emit_without_backend_ack_total": 0, "source": "driver.tracking.bridge", "tracking_flush_batch_size": 1}
 INFO  [driver-telemetry] auth.refresh.endpoint_used {"endpoint": "refresh-token", "source": "core.api.client"}
 LOG  [DriverSocket] {"contextId": "driver:19", "hasToken": true, "path": "/socket.io", "socketUrl": "http://127.0.0.1:15100", "surface": "driver", "transports": ["websocket", "polling"], "urlEnvSource": "EXPO_PUBLIC_DRIVER_SOCKET_URL"}
 INFO  [perf-kpi] perf.runtime.socket_reconnect_failed_total {"context_id": "driver:19", "source": "perf.runtime_stability", "timestamp_client": "2026-08-16T09:51:45.483Z", "total": 20}
 INFO  [perf-kpi] perf.realtime.notify {"duration_ms": 1, "listener_count": 4, "role": "driver", "screen": "/", "source": "perf.instrumentation", "timestamp_client": "2026-08-16T09:51:45.487Z"}
 INFO  [driver-telemetry] realtime.socket.disconnect {"context_id": "driver:19", "reason": "websocket error", "source": "core.realtime.manager"}
 INFO  [driver-telemetry] realtime.transport.mismatch {"actual_transport": "polling", "context_id": "driver:19", "desired_transport": "socket", "source": "core.realtime.manager"}
 INFO  [perf-kpi] perf.realtime.notify {"duration_ms": 0, "listener_count": 4, "role": "driver", "screen": "/", "source": "perf.instrumentation", "timestamp_client": "2026-08-16T09:51:45.492Z"}
 INFO  [driver-telemetry] auth.refresh.endpoint_used {"endpoint": "refresh-token", "source": "core.api.client"}
 INFO  [driver-telemetry] realtime.degraded.entered {"degraded_hysteresis_ms": 8000, "source": "core.realtime.manager"}
 INFO  [perf-kpi] perf.realtime.notify {"duration_ms": 4, "listener_count": 4, "role": "driver", "screen": "/", "source": "perf.instrumentation", "timestamp_client": "2026-08-16T09:51:47.103Z"}
 INFO  [driver-telemetry] driver.network.tick {"app_state": "active", "context_id": "driver:19", "driver_network_tick_total": 1, "mission_presence": "none", "network_activity_authority": "idle_loop", "network_profile_active": "offline", "source": "driver.realtime"}
 INFO  [driver-telemetry] driver.network.profile {"context_id": "driver:19", "network_profile_active": "offline", "recommended_sync_interval_ms": 30000, "source": "driver.realtime"}
 INFO  [driver-telemetry] driver.network.wake {"context_id": "driver:19", "driver_network_wake_cause": "polling_tick", "network_activity_authority": "idle_loop", "source": "driver.realtime"}
 INFO  [driver-telemetry] driver.network.tick.skipped {"context_id": "driver:19", "driver_network_tick_skipped_total": 1, "network_activity_authority": "idle_loop", "reason": "idle_rate_limit", "source": "driver.realtime"}
 INFO  [driver-telemetry] auth.refresh.endpoint_used {"endpoint": "refresh-token", "source": "core.api.client"}
 LOG  [DriverSocket] {"contextId": "driver:19", "hasToken": true, "path": "/socket.io", "socketUrl": "http://127.0.0.1:15100", "surface": "driver", "transports": ["websocket", "polling"], "urlEnvSource": "EXPO_PUBLIC_DRIVER_SOCKET_URL"}
 INFO  [perf-kpi] perf.runtime.socket_reconnect_failed_total {"context_id": "driver:19", "source": "perf.runtime_stability", "timestamp_client": "2026-08-16T09:51:54.426Z", "total": 21}
 INFO  [perf-kpi] perf.realtime.notify {"duration_ms": 2, "listener_count": 4, "role": "driver", "screen": "/", "source": "perf.instrumentation", "timestamp_client": "2026-08-16T09:51:54.431Z"}
 INFO  [driver-telemetry] realtime.socket.disconnect {"context_id": "driver:19", "reason": "websocket error", "source": "core.realtime.manager"}
 INFO  [driver-telemetry] realtime.transport.mismatch {"actual_transport": "polling", "context_id": "driver:19", "desired_transport": "socket", "source": "core.realtime.manager"}
 INFO  [perf-kpi] perf.realtime.notify {"duration_ms": 1, "listener_count": 4, "role": "driver", "screen": "/", "source": "perf.instrumentation", "timestamp_client": "2026-08-16T09:51:54.439Z"}
 INFO  [driver-telemetry] auth.refresh.endpoint_used {"endpoint": "refresh-token", "source": "core.api.client"}
 INFO  [perf-kpi] perf.instrumentation.aggregate {"notify_listeners_peak": 4, "row_count": 30, "source": "perf.instrumentation", "tier": "dev", "timestamp_client": "2026-08-16T09:52:03.803Z", "top_by_count": [{"avg_ms": 42.13386126327225, "category": "js_long_task", "count": 4862, "max_ms": 583.1821869984269, "p50_ms": 41.76791600137949, "p95_ms": 43.76343800127506, "role": "driver", "screen": "/", "sub_key": "frame_budget", "sum_ms": 204854.8334620297}, {"avg_ms": 42.101012349966915, "category": "js_long_task", "count": 80, "max_ms": 76.65093699842691, "p50_ms": 41.68348999321461, "p95_ms": 44.44812499731779, "role": "unknown", "screen": "app.root", "sub_key": "frame_budget", "sum_ms": 3368.080987997353}, {"avg_ms": 0.6964285714285714, "category": "notify", "count": 56, "max_ms": 5, "p50_ms": 1, "p95_ms": 4, "role": "driver", "screen": "/", "sub_key": "lifecycle", "sum_ms": 39}, {"avg_ms": 0, "category": "http", "count": 38, "max_ms": 0, "p50_ms": 0, "p95_ms": 0, "role": "driver", "screen": "/", "sub_key": "/auth/refresh-token", "sum_ms": 0}, {"avg_ms": 0, "category": "http", "count": 27, "max_ms": 0, "p50_ms": 0, "p95_ms": 0, "role": "driver", "screen": "/", "sub_key": "/messages/3", "sum_ms": 0}, {"avg_ms": 0, "category": "http", "count": 18, "max_ms": 0, "p50_ms": 0, "p95_ms": 0, "role": "driver", "screen": "/", "sub_key": "/messages/3/hub/unread-count", "sum_ms": 0}, {"avg_ms": 0, "category": "http", "count": 10, "max_ms": 0, "p50_ms": 0, "p95_ms": 0, "role": "driver", "screen": "/", "sub_key": "/driver/me/bookings/since", "sum_ms": 0}, {"avg_ms": 0, "category": "http", "count": 9, "max_ms": 0, "p50_ms": 0, "p95_ms": 0, "role": "driver", "screen": "/", "sub_key": "/driver/me/telemetry/push", "sum_ms": 0}, {"avg_ms": 0, "category": "http", "count": 5, "max_ms": 0, "p50_ms": 0, "p95_ms": 0, "role": "driver", "screen": "/", "sub_key": "/driver/me/bookings", "sum_ms": 0}, {"avg_ms": 0, "category": "http", "count": 5, "max_ms": 0, "p50_ms": 0, "p95_ms": 0, "role": "driver", "screen": "/", "sub_key": "/driver/me/device-health", "sum_ms": 0}], "top_by_sum_ms": [{"avg_ms": 42.13386126327225, "category": "js_long_task", "count": 4862, "max_ms": 583.1821869984269, "p50_ms": 41.76791600137949, "p95_ms": 43.76343800127506, "role": "driver", "screen": "/", "sub_key": "frame_budget", "sum_ms": 204854.8334620297}, {"avg_ms": 24739, "category": "page_load", "count": 1, "max_ms": 24739, "p50_ms": 24739, "p95_ms": 24739, "role": "driver", "screen": "/", "sub_key": "driver.inbox", "sum_ms": 24739}, {"avg_ms": 24575, "category": "page_load", "count": 1, "max_ms": 24575, "p50_ms": 24575, "p95_ms": 24575, "role": "driver", "screen": "/", "sub_key": "driver.hub", "sum_ms": 24575}, {"avg_ms": 24574, "category": "page_load", "count": 1, "max_ms": 24574, "p50_ms": 24574, "p95_ms": 24574, "role": "driver", "screen": "/", "sub_key": "driver.missions", "sum_ms": 24574}, {"avg_ms": 42.101012349966915, "category": "js_long_task", "count": 80, "max_ms": 76.65093699842691, "p50_ms": 41.68348999321461, "p95_ms": 44.44812499731779, "role": "unknown", "screen": "app.root", "sub_key": "frame_budget", "sum_ms": 3368.080987997353}, {"avg_ms": 0.6964285714285714, "category": "notify", "count": 56, "max_ms": 5, "p50_ms": 1, "p95_ms": 4, "role": "driver", "screen": "/", "sub_key": "lifecycle", "sum_ms": 39}, {"avg_ms": 0, "category": "http", "count": 3, "max_ms": 0, "p50_ms": 0, "p95_ms": 0, "role": "unknown", "screen": "app.root", "sub_key": "/driver/me/telemetry/push", "sum_ms": 0}, {"avg_ms": 0, "category": "http", "count": 1, "max_ms": 0, "p50_ms": 0, "p95_ms": 0, "role": "unknown", "screen": "app.root", "sub_key": "/auth/csrf-token", "sum_ms": 0}, {"avg_ms": 0, "category": "http", "count": 1, "max_ms": 0, "p50_ms": 0, "p95_ms": 0, "role": "unknown", "screen": "app.root", "sub_key": "/auth/refresh-token", "sum_ms": 0}, {"avg_ms": 0, "category": "http", "count": 1, "max_ms": 0, "p50_ms": 0, "p95_ms": 0, "role": "unknown", "screen": "app.root", "sub_key": "/auth/bootstrap", "sum_ms": 0}]}
 INFO  [driver-telemetry] driver.runtime.heartbeat {"app_state": "active", "context_id": "driver:19", "feature_flags_version": null, "mission_runtime_in_flight": 0, "mission_runtime_known": 0, "session_valid": true, "socket_connected": false, "source": "driver.hooks.realtime", "tracking_active": true, "tracking_queue_depth": 0}
 INFO  [driver-telemetry] driver.network.tick {"app_state": "active", "context_id": "driver:19", "driver_network_tick_total": 1, "mission_presence": "none", "network_activity_authority": "idle_loop", "network_profile_active": "offline", "source": "driver.realtime"}
 INFO  [driver-telemetry] driver.network.profile {"context_id": "driver:19", "network_profile_active": "offline", "recommended_sync_interval_ms": 30000, "source": "driver.realtime"}
 INFO  [driver-telemetry] driver.network.wake {"context_id": "driver:19", "driver_network_wake_cause": "polling_tick", "network_activity_authority": "idle_loop", "source": "driver.realtime"}
 INFO  [driver-telemetry] driver.network.tick.skipped {"context_id": "driver:19", "driver_network_tick_skipped_total": 1, "network_activity_authority": "idle_loop", "reason": "idle_rate_limit", "source": "driver.realtime"}
 INFO  [driver-telemetry] auth.refresh.endpoint_used {"endpoint": "refresh-token", "source": "core.api.client"}
 LOG  [DriverSocket] {"contextId": "driver:19", "hasToken": true, "path": "/socket.io", "socketUrl": "http://127.0.0.1:15100", "surface": "driver", "transports": ["websocket", "polling"], "urlEnvSource": "EXPO_PUBLIC_DRIVER_SOCKET_URL"}
 INFO  [perf-kpi] perf.runtime.socket_reconnect_failed_total {"context_id": "driver:19", "source": "perf.runtime_stability", "timestamp_client": "2026-08-16T09:52:08.918Z", "total": 22}
 INFO  [perf-kpi] perf.realtime.notify {"duration_ms": 1, "listener_count": 4, "role": "driver", "screen": "/", "source": "perf.instrumentation", "timestamp_client": "2026-08-16T09:52:08.921Z"}
 INFO  [driver-telemetry] realtime.socket.disconnect {"context_id": "driver:19", "reason": "websocket error", "source": "core.realtime.manager"}
 INFO  [driver-telemetry] realtime.transport.mismatch {"actual_transport": "polling", "context_id": "driver:19", "desired_transport": "socket", "source": "core.realtime.manager"}
 INFO  [perf-kpi] perf.realtime.notify {"duration_ms": 1, "listener_count": 4, "role": "driver", "screen": "/", "source": "perf.instrumentation", "timestamp_client": "2026-08-16T09:52:08.925Z"}
 INFO  [driver-telemetry] auth.refresh.endpoint_used {"endpoint": "refresh-token", "source": "core.api.client"}
 INFO  [driver-telemetry] driver.network.tick {"app_state": "active", "context_id": "driver:19", "driver_network_tick_total": 1, "mission_presence": "none", "network_activity_authority": "idle_loop", "network_profile_active": "offline", "source": "driver.realtime"}
 INFO  [driver-telemetry] driver.network.profile {"context_id": "driver:19", "network_profile_active": "offline", "recommended_sync_interval_ms": 30000, "source": "driver.realtime"}
 INFO  [driver-telemetry] driver.network.wake {"context_id": "driver:19", "driver_network_wake_cause": "polling_tick", "network_activity_authority": "idle_loop", "source": "driver.realtime"}
 INFO  [driver-telemetry] driver.network.tick.skipped {"context_id": "driver:19", "driver_network_tick_skipped_total": 1, "network_activity_authority": "idle_loop", "reason": "idle_rate_limit", "source": "driver.realtime"}
 INFO  [FCM-GATE] register effect start {"enabled": true, "fcmEnabled": true, "source": "driver.notifications.bridge", "stage": "app_foreground"}
 INFO  [driver-telemetry] driver.foreground.resume.resync {"context_id": "driver:19", "foreground_resume_resync_total": 1, "source": "driver.sync_engine"}
 INFO  [driver-telemetry] driver.runtime.resume.start {"app_state": "active", "context_id": "driver:19", "resume_attempt_id": "driver:19:1786873958711:3", "source": "driver.runtime.resume"}
 INFO  [driver-telemetry] driver.network.tick {"app_state": "active", "context_id": "driver:19", "driver_network_tick_total": 1, "mission_presence": "none", "network_activity_authority": "idle_loop", "network_profile_active": "offline", "source": "driver.realtime"}
 INFO  [driver-telemetry] driver.network.profile {"context_id": "driver:19", "network_profile_active": "offline", "recommended_sync_interval_ms": 30000, "source": "driver.realtime"}
 INFO  [driver-telemetry] driver.network.wake {"context_id": "driver:19", "driver_network_wake_cause": "polling_tick", "network_activity_authority": "idle_loop", "source": "driver.realtime"}
 INFO  [driver-telemetry] driver.network.tick.skipped {"context_id": "driver:19", "driver_network_tick_skipped_total": 1, "network_activity_authority": "idle_loop", "reason": "idle_rate_limit", "source": "driver.realtime"}
 INFO  [driver-telemetry] driver.network.profile {"network_profile_active": "offline", "recommended_sync_interval_ms": 30000, "source": "core.api.client"}
 INFO  [driver-telemetry] driver.http.timeout {"endpoint": "/driver/me/device-health", "network_profile_active": "offline", "source": "core.api.client", "timeout_ms": 2500}
 INFO  [driver-telemetry] tracking.watch.started {"accuracy_tier": "balanced", "app_state": "background", "distance_m": 10, "mission_id": null, "source": "driver.tracking.bridge"}
 INFO  [driver-telemetry] tracking.watch.started {"accuracy_tier": "high", "app_state": "active", "distance_m": 10, "mission_id": null, "source": "driver.tracking.bridge"}
 INFO  [FCM-GATE] requesting token {"source": "driver.notifications.bridge", "stage": "app_foreground"}
 INFO  [driver-telemetry] driver.push.fcm.get_token_start {"platform": "android", "source": "driver.firebaseMessaging"}
 INFO  [FCM-GATE] getDriverFcmToken start {"platform": "android"}
 INFO  [FCM-GATE] getToken success {"tokenLength": 142}
 INFO  [driver-telemetry] driver.push.fcm.token {"source": "driver.firebaseMessaging", "token_present": true}
 INFO  [FCM-GATE] token received {"source": "driver.notifications.bridge", "stage": "app_foreground", "tokenLength": 142}
 INFO  [driver-telemetry] driver_push.token_acquired {"provider": "fcm", "source": "driver.notifications.bridge", "stage": "app_foreground", "token_length": 142}
 INFO  [FCM-GATE] posting token {"provider": "fcm", "source": "driver.notifications.bridge", "stage": "app_foreground"}
 INFO  [driver-telemetry] driver.network.profile {"network_profile_active": "offline", "recommended_sync_interval_ms": 30000, "source": "core.api.client"}
 INFO  [driver-telemetry] driver.http.timeout {"endpoint": "/driver/me/telemetry/push", "network_profile_active": "offline", "source": "core.api.client", "timeout_ms": 2500}
 INFO  [driver-telemetry] tracking.device_health.sent {"battery_optimized": false, "constraint_reason": null, "fgs_running": true, "kind": "tracking_health", "source": "driver.device_health", "trigger_reason": null}
 INFO  [driver-telemetry] driver.network.profile {"network_profile_active": "offline", "recommended_sync_interval_ms": 30000, "source": "core.api.client"}
 INFO  [driver-telemetry] driver.http.timeout {"endpoint": "/driver/save-push-token", "network_profile_active": "offline", "source": "core.api.client", "timeout_ms": 2500}
 INFO  [driver-telemetry] push.token.registered {"provider": "fcm", "source": "driver.notifications.bridge"}
 INFO  [driver-telemetry] driver_push.register_success {"provider": "fcm", "source": "driver.notifications.bridge"}
 INFO  [driver-telemetry] driver.network.profile {"network_profile_active": "offline", "recommended_sync_interval_ms": 30000, "source": "core.api.client"}
 INFO  [driver-telemetry] driver.http.timeout {"endpoint": "/driver/me/telemetry/push", "network_profile_active": "offline", "source": "core.api.client", "timeout_ms": 2500}
 INFO  [driver-telemetry] auth.refresh.endpoint_used {"endpoint": "refresh-token", "source": "core.api.client"}
 INFO  [perf-kpi] perf.realtime.notify {"duration_ms": 1, "listener_count": 4, "role": "driver", "screen": "/", "source": "perf.instrumentation", "timestamp_client": "2026-08-16T09:52:39.054Z"}
 INFO  [driver-telemetry] realtime.transport.state {"actual_transport": "polling", "connected": true, "mode": "socket", "source": "core.realtime.manager", "transport_authority": "polling"}
 INFO  [perf-kpi] perf.realtime.notify {"duration_ms": 1, "listener_count": 4, "role": "driver", "screen": "/", "source": "perf.instrumentation", "timestamp_client": "2026-08-16T09:52:39.057Z"}
 LOG  [DriverSocket] {"contextId": "driver:19", "hasToken": true, "path": "/socket.io", "socketUrl": "http://127.0.0.1:15100", "surface": "driver", "transports": ["websocket", "polling"], "urlEnvSource": "EXPO_PUBLIC_DRIVER_SOCKET_URL"}
 INFO  [driver-telemetry] tracking.session.readiness {"readiness": "CREATING", "reason": "session_conflict", "session_generation": 902, "source": "driver.tracking.queue", "tracking_session_id": "trk_sess_1786873898897_nfc1dwfa"}
 INFO  [perf-kpi] perf.js_long_task {"duration_ms": 120.69359400123358, "role": "driver", "screen": "/", "source": "perf.instrumentation", "timestamp_client": "2026-08-16T09:52:39.165Z"}
 INFO  [driver-telemetry] driver.network.profile {"network_profile_active": "offline", "recommended_sync_interval_ms": 30000, "source": "core.api.client"}
 INFO  [driver-telemetry] driver.http.timeout {"endpoint": "/driver/me/bookings/since", "network_profile_active": "offline", "source": "core.api.client", "timeout_ms": 2500}
 INFO  [driver-telemetry] driver.http.fail_fast_offline {"connected": false, "endpoint": "/driver/me/bookings/since", "internet_reachable": false, "network_type": "fallback", "source": "core.api.client"}
 INFO  [driver-telemetry] driver.runtime.resume.failure {"context_id": "driver:19", "reason": "resume_failed", "resume_attempt_id": "driver:19:1786873958711:3", "retry_count": 1, "source": "driver.runtime.resume", "will_retry": true}
 INFO  [perf-kpi] perf.runtime.socket_reconnect_failed_total {"context_id": "driver:19", "source": "perf.runtime_stability", "timestamp_client": "2026-08-16T09:52:39.173Z", "total": 23}
 INFO  [driver-telemetry] realtime.transport.state {"actual_transport": "polling", "connected": false, "mode": "polling", "source": "core.realtime.manager", "transport_authority": "degraded"}
 INFO  [perf-kpi] perf.realtime.notify {"duration_ms": 1, "listener_count": 4, "role": "driver", "screen": "/", "source": "perf.instrumentation", "timestamp_client": "2026-08-16T09:52:39.175Z"}
 INFO  [driver-telemetry] realtime.socket.disconnect {"context_id": "driver:19", "reason": "websocket error", "source": "core.realtime.manager"}
 INFO  [driver-telemetry] realtime.transport.mismatch {"actual_transport": "polling", "context_id": "driver:19", "desired_transport": "socket", "source": "core.realtime.manager"}
 INFO  [perf-kpi] perf.realtime.notify {"duration_ms": 0, "listener_count": 4, "role": "driver", "screen": "/", "source": "perf.instrumentation", "timestamp_client": "2026-08-16T09:52:39.177Z"}
 INFO  [driver-telemetry] tracking.session.readiness {"readiness": "REGISTERING", "reason": "session_conflict", "session_generation": null, "source": "driver.tracking.queue", "tracking_session_id": "trk_sess_1786873959164_u5is6kit"}
 INFO  [driver-telemetry] tracking.session.readiness {"readiness": "REGISTERING", "reason": "register_start", "session_generation": null, "source": "driver.tracking.queue", "tracking_session_id": "trk_sess_1786873959164_u5is6kit"}
 INFO  [driver-telemetry] driver.network.profile {"network_profile_active": "offline", "recommended_sync_interval_ms": 30000, "source": "core.api.client"}
 INFO  [driver-telemetry] driver.http.timeout {"endpoint": "/driver/me/tracking/sessions", "network_profile_active": "offline", "source": "core.api.client", "timeout_ms": 2500}
 INFO  [driver-telemetry] tracking.queue.flush {"backend_acked": 0, "dropped": 0, "flush_path": "http_fallback", "network_profile_active": "offline", "oldest_item_age_ms": null, "queue_depth": 0, "retried": 0, "sent": 0, "socket_emitted": 0, "source": "driver.tracking.queue", "tracking_queue_oldest_age_ms": null}
 INFO  [driver-telemetry] tracking.flush.transport {"backend_acked": 0, "sent": 0, "socket_emitted": 0, "source": "driver.tracking.queue", "transport": "http"}
 INFO  [driver-telemetry] tracking.session.readiness {"readiness": "READY", "reason": "register_ok", "session_generation": 903, "source": "driver.tracking.queue", "tracking_session_id": "trk_sess_1786873959164_u5is6kit"}
 INFO  [driver-telemetry] tracking.session.reconciled {"previous_session_id": "trk_sess_1786873898897_nfc1dwfa", "readiness": "READY", "rebound_count": 0, "released_socket_count": 0, "source": "driver.tracking.queue", "tracking_session_id": "trk_sess_1786873959164_u5is6kit"}
 INFO  [driver-telemetry] tracking.queue.flush {"backend_acked": 0, "dropped": 0, "flush_path": "http_fallback", "network_profile_active": "offline", "oldest_item_age_ms": null, "queue_depth": 0, "retried": 0, "sent": 0, "socket_emitted": 0, "source": "driver.tracking.queue", "tracking_queue_oldest_age_ms": null}
 INFO  [driver-telemetry] tracking.flush.transport {"backend_acked": 0, "sent": 0, "socket_emitted": 0, "source": "driver.tracking.queue", "transport": "http"}
 INFO  [driver-telemetry] auth.refresh.endpoint_used {"endpoint": "refresh-token", "source": "core.api.client"}
 INFO  [driver-telemetry] driver.network.profile {"network_profile_active": "offline", "recommended_sync_interval_ms": 30000, "source": "core.api.client"}
 INFO  [driver-telemetry] driver.http.timeout {"endpoint": "/driver/me/bookings/since", "network_profile_active": "offline", "source": "core.api.client", "timeout_ms": 2500}
 INFO  [driver-telemetry] driver.http.fail_fast_offline {"connected": false, "endpoint": "/driver/me/bookings/since", "internet_reachable": false, "network_type": "fallback", "source": "core.api.client"}
 INFO  [driver-telemetry] driver.runtime.reconcile.failure {"context_id": "driver:19", "reason": "reconcile_failed", "source": "driver.sync.orchestrator", "trigger": "reconnect"}
 INFO  [perf-kpi] perf.realtime.notify {"duration_ms": 1, "listener_count": 4, "role": "driver", "screen": "/", "source": "perf.instrumentation", "timestamp_client": "2026-08-16T09:52:39.480Z"}
 INFO  [driver-telemetry] realtime.transport.state {"actual_transport": "polling", "connected": true, "mode": "socket", "source": "core.realtime.manager", "transport_authority": "polling"}
 INFO  [perf-kpi] perf.realtime.notify {"duration_ms": 0, "listener_count": 4, "role": "driver", "screen": "/", "source": "perf.instrumentation", "timestamp_client": "2026-08-16T09:52:39.482Z"}
 LOG  [DriverSocket] {"contextId": "driver:19", "hasToken": true, "path": "/socket.io", "socketUrl": "http://127.0.0.1:15100", "surface": "driver", "transports": ["websocket", "polling"], "urlEnvSource": "EXPO_PUBLIC_DRIVER_SOCKET_URL"}
 INFO  [perf-kpi] perf.runtime.socket_reconnect_failed_total {"context_id": "driver:19", "source": "perf.runtime_stability", "timestamp_client": "2026-08-16T09:52:39.522Z", "total": 24}
 INFO  [driver-telemetry] realtime.transport.state {"actual_transport": "polling", "connected": false, "mode": "polling", "source": "core.realtime.manager", "transport_authority": "degraded"}
 INFO  [perf-kpi] perf.realtime.notify {"duration_ms": 1, "listener_count": 4, "role": "driver", "screen": "/", "source": "perf.instrumentation", "timestamp_client": "2026-08-16T09:52:39.524Z"}
 INFO  [driver-telemetry] realtime.socket.disconnect {"context_id": "driver:19", "reason": "websocket error", "source": "core.realtime.manager"}
 INFO  [driver-telemetry] realtime.transport.mismatch {"actual_transport": "polling", "context_id": "driver:19", "desired_transport": "socket", "source": "core.realtime.manager"}
 INFO  [perf-kpi] perf.realtime.notify {"duration_ms": 1, "listener_count": 4, "role": "driver", "screen": "/", "source": "perf.instrumentation", "timestamp_client": "2026-08-16T09:52:39.527Z"}
 INFO  [driver-telemetry] driver.network.profile {"network_profile_active": "offline", "recommended_sync_interval_ms": 30000, "source": "core.api.client"}
 INFO  [driver-telemetry] driver.http.timeout {"endpoint": "/driver/me/bookings/since", "network_profile_active": "offline", "source": "core.api.client", "timeout_ms": 2500}
 INFO  [driver-telemetry] driver.http.fail_fast_offline {"connected": false, "endpoint": "/driver/me/bookings/since", "internet_reachable": false, "network_type": "fallback", "source": "core.api.client"}
 INFO  [driver-telemetry] driver.runtime.resume.failure {"context_id": "driver:19", "reason": "resume_failed", "resume_attempt_id": "driver:19:1786873958711:3", "retry_count": 2, "source": "driver.runtime.resume", "will_retry": false}
 INFO  [driver-telemetry] auth.refresh.endpoint_used {"endpoint": "refresh-token", "source": "core.api.client"}
 INFO  [driver-telemetry] auth.refresh.endpoint_used {"endpoint": "refresh-token", "source": "core.api.client"}
 LOG  [DriverSocket] {"contextId": "driver:19", "hasToken": true, "path": "/socket.io", "socketUrl": "http://127.0.0.1:15100", "surface": "driver", "transports": ["websocket", "polling"], "urlEnvSource": "EXPO_PUBLIC_DRIVER_SOCKET_URL"}
 INFO  [perf-kpi] perf.runtime.socket_reconnect_failed_total {"context_id": "driver:19", "source": "perf.runtime_stability", "timestamp_client": "2026-08-16T09:52:41.828Z", "total": 25}
 INFO  [perf-kpi] perf.realtime.notify {"duration_ms": 1, "listener_count": 4, "role": "driver", "screen": "/", "source": "perf.instrumentation", "timestamp_client": "2026-08-16T09:52:41.830Z"}
 INFO  [driver-telemetry] realtime.socket.disconnect {"context_id": "driver:19", "reason": "websocket error", "source": "core.realtime.manager"}
 INFO  [driver-telemetry] realtime.transport.mismatch {"actual_transport": "polling", "context_id": "driver:19", "desired_transport": "socket", "source": "core.realtime.manager"}
 INFO  [perf-kpi] perf.realtime.notify {"duration_ms": 0, "listener_count": 4, "role": "driver", "screen": "/", "source": "perf.instrumentation", "timestamp_client": "2026-08-16T09:52:41.838Z"}
 INFO  [driver-telemetry] auth.refresh.endpoint_used {"endpoint": "refresh-token", "source": "core.api.client"}
 INFO  [driver-telemetry] tracking.queue.enqueued {"app_state": "active", "location_mode": "availability_presence", "mission_id": null, "oldest_item_age_ms": 15, "queue_depth": 1, "sequence_id": 1, "source": "driver.tracking.queue", "tracking_session_id": "trk_sess_1786873959164_u5is6kit"}
 INFO  [driver-telemetry] driver.network.profile {"network_profile_active": "offline", "recommended_sync_interval_ms": 30000, "source": "core.api.client"}
 INFO  [driver-telemetry] driver.http.timeout {"endpoint": "/driver/me/location", "network_profile_active": "offline", "source": "core.api.client", "timeout_ms": 28000}
 INFO  [driver-telemetry] tracking.ingest.ack {"accept_reason": "", "ack_status": "persisted", "durability": "persisted_sync", "flush_path": "http_fallback", "mission_id": null, "queue_item_id": "trk_1786873964199_g3xqehax", "source": "driver.tracking.queue", "trace_id": "mob_msvmmeuw_lwdt1bge"}
 INFO  [driver-telemetry] tracking.queue.flush {"backend_acked": 1, "dropped": 0, "flush_path": "http_fallback", "network_profile_active": "offline", "oldest_item_age_ms": 161, "queue_depth": 0, "retried": 0, "sent": 1, "socket_emitted": 0, "source": "driver.tracking.queue", "tracking_queue_oldest_age_ms": 161}
 INFO  [driver-telemetry] tracking.flush.transport {"backend_acked": 1, "sent": 1, "socket_emitted": 0, "source": "driver.tracking.queue", "transport": "http"}
 INFO  [driver-telemetry] tracking.bridge.health {"backend_ack_latency_ms": 1414, "mission_id": null, "network_profile_active": "offline", "oldest_item_age_ms": 164, "queue_depth": 0, "socket_emit_without_backend_ack_total": 0, "source": "driver.tracking.bridge", "tracking_flush_batch_size": 1}
 INFO  [driver-telemetry] auth.refresh.endpoint_used {"endpoint": "refresh-token", "source": "core.api.client"}
 LOG  [DriverSocket] {"contextId": "driver:19", "hasToken": true, "path": "/socket.io", "socketUrl": "http://127.0.0.1:15100", "surface": "driver", "transports": ["websocket", "polling"], "urlEnvSource": "EXPO_PUBLIC_DRIVER_SOCKET_URL"}
 INFO  [perf-kpi] perf.runtime.socket_reconnect_failed_total {"context_id": "driver:19", "source": "perf.runtime_stability", "timestamp_client": "2026-08-16T09:52:46.248Z", "total": 26}
 INFO  [perf-kpi] perf.realtime.notify {"duration_ms": 0, "listener_count": 4, "role": "driver", "screen": "/", "source": "perf.instrumentation", "timestamp_client": "2026-08-16T09:52:46.249Z"}
 INFO  [driver-telemetry] realtime.socket.disconnect {"context_id": "driver:19", "reason": "websocket error", "source": "core.realtime.manager"}
 INFO  [driver-telemetry] realtime.transport.mismatch {"actual_transport": "polling", "context_id": "driver:19", "desired_transport": "socket", "source": "core.realtime.manager"}
 INFO  [perf-kpi] perf.realtime.notify {"duration_ms": 0, "listener_count": 4, "role": "driver", "screen": "/", "source": "perf.instrumentation", "timestamp_client": "2026-08-16T09:52:46.252Z"}
 INFO  [driver-telemetry] auth.refresh.endpoint_used {"endpoint": "refresh-token", "source": "core.api.client"}
 INFO  [driver-telemetry] realtime.degraded.entered {"degraded_hysteresis_ms": 8000, "source": "core.realtime.manager"}
 INFO  [perf-kpi] perf.realtime.notify {"duration_ms": 2, "listener_count": 4, "role": "driver", "screen": "/", "source": "perf.instrumentation", "timestamp_client": "2026-08-16T09:52:47.495Z"}
 INFO  [driver-telemetry] driver.network.tick {"app_state": "active", "context_id": "driver:19", "driver_network_tick_total": 1, "mission_presence": "none", "network_activity_authority": "idle_loop", "network_profile_active": "offline", "source": "driver.realtime"}
 INFO  [driver-telemetry] driver.network.profile {"context_id": "driver:19", "network_profile_active": "offline", "recommended_sync_interval_ms": 30000, "source": "driver.realtime"}
 INFO  [driver-telemetry] driver.network.wake {"context_id": "driver:19", "driver_network_wake_cause": "polling_tick", "network_activity_authority": "idle_loop", "source": "driver.realtime"}
 INFO  [driver-telemetry] driver.network.tick.skipped {"context_id": "driver:19", "driver_network_tick_skipped_total": 1, "network_activity_authority": "idle_loop", "reason": "idle_rate_limit", "source": "driver.realtime"}
 INFO  [driver-telemetry] auth.refresh.endpoint_used {"endpoint": "refresh-token", "source": "core.api.client"}
 LOG  [DriverSocket] {"contextId": "driver:19", "hasToken": true, "path": "/socket.io", "socketUrl": "http://127.0.0.1:15100", "surface": "driver", "transports": ["websocket", "polling"], "urlEnvSource": "EXPO_PUBLIC_DRIVER_SOCKET_URL"}
 INFO  [perf-kpi] perf.runtime.socket_reconnect_failed_total {"context_id": "driver:19", "source": "perf.runtime_stability", "timestamp_client": "2026-08-16T09:52:54.991Z", "total": 27}
 INFO  [perf-kpi] perf.realtime.notify {"duration_ms": 0, "listener_count": 4, "role": "driver", "screen": "/", "source": "perf.instrumentation", "timestamp_client": "2026-08-16T09:52:54.994Z"}
 INFO  [driver-telemetry] realtime.socket.disconnect {"context_id": "driver:19", "reason": "websocket error", "source": "core.realtime.manager"}
 INFO  [driver-telemetry] realtime.transport.mismatch {"actual_transport": "polling", "context_id": "driver:19", "desired_transport": "socket", "source": "core.realtime.manager"}
 INFO  [perf-kpi] perf.realtime.notify {"duration_ms": 0, "listener_count": 4, "role": "driver", "screen": "/", "source": "perf.instrumentation", "timestamp_client": "2026-08-16T09:52:55.000Z"}
 INFO  [driver-telemetry] auth.refresh.endpoint_used {"endpoint": "refresh-token", "source": "core.api.client"}
 INFO  [perf-kpi] perf.instrumentation.aggregate {"notify_listeners_peak": 4, "row_count": 30, "source": "perf.instrumentation", "tier": "dev", "timestamp_client": "2026-08-16T09:53:03.810Z", "top_by_count": [{"avg_ms": 42.08926325655839, "category": "js_long_task", "count": 4884, "max_ms": 583.1821869984269, "p50_ms": 41.76791600137949, "p95_ms": 43.76343800127506, "role": "driver", "screen": "/", "sub_key": "frame_budget", "sum_ms": 205563.96174503118}, {"avg_ms": 42.101012349966915, "category": "js_long_task", "count": 80, "max_ms": 76.65093699842691, "p50_ms": 41.68348999321461, "p95_ms": 44.44812499731779, "role": "unknown", "screen": "app.root", "sub_key": "frame_budget", "sum_ms": 3368.080987997353}, {"avg_ms": 0.684931506849315, "category": "notify", "count": 73, "max_ms": 5, "p50_ms": 1, "p95_ms": 2, "role": "driver", "screen": "/", "sub_key": "lifecycle", "sum_ms": 50}, {"avg_ms": 0, "category": "http", "count": 49, "max_ms": 0, "p50_ms": 0, "p95_ms": 0, "role": "driver", "screen": "/", "sub_key": "/auth/refresh-token", "sum_ms": 0}, {"avg_ms": 0, "category": "http", "count": 33, "max_ms": 0, "p50_ms": 0, "p95_ms": 0, "role": "driver", "screen": "/", "sub_key": "/messages/3", "sum_ms": 0}, {"avg_ms": 0, "category": "http", "count": 22, "max_ms": 0, "p50_ms": 0, "p95_ms": 0, "role": "driver", "screen": "/", "sub_key": "/messages/3/hub/unread-count", "sum_ms": 0}, {"avg_ms": 0, "category": "http", "count": 13, "max_ms": 0, "p50_ms": 0, "p95_ms": 0, "role": "driver", "screen": "/", "sub_key": "/driver/me/bookings/since", "sum_ms": 0}, {"avg_ms": 0, "category": "http", "count": 11, "max_ms": 0, "p50_ms": 0, "p95_ms": 0, "role": "driver", "screen": "/", "sub_key": "/driver/me/telemetry/push", "sum_ms": 0}, {"avg_ms": 0, "category": "http", "count": 6, "max_ms": 0, "p50_ms": 0, "p95_ms": 0, "role": "driver", "screen": "/", "sub_key": "/driver/me/device-health", "sum_ms": 0}, {"avg_ms": 0, "category": "http", "count": 6, "max_ms": 0, "p50_ms": 0, "p95_ms": 0, "role": "driver", "screen": "/", "sub_key": "/driver/save-push-token", "sum_ms": 0}], "top_by_sum_ms": [{"avg_ms": 42.08926325655839, "category": "js_long_task", "count": 4884, "max_ms": 583.1821869984269, "p50_ms": 41.76791600137949, "p95_ms": 43.76343800127506, "role": "driver", "screen": "/", "sub_key": "frame_budget", "sum_ms": 205563.96174503118}, {"avg_ms": 24739, "category": "page_load", "count": 1, "max_ms": 24739, "p50_ms": 24739, "p95_ms": 24739, "role": "driver", "screen": "/", "sub_key": "driver.inbox", "sum_ms": 24739}, {"avg_ms": 24575, "category": "page_load", "count": 1, "max_ms": 24575, "p50_ms": 24575, "p95_ms": 24575, "role": "driver", "screen": "/", "sub_key": "driver.hub", "sum_ms": 24575}, {"avg_ms": 24574, "category": "page_load", "count": 1, "max_ms": 24574, "p50_ms": 24574, "p95_ms": 24574, "role": "driver", "screen": "/", "sub_key": "driver.missions", "sum_ms": 24574}, {"avg_ms": 42.101012349966915, "category": "js_long_task", "count": 80, "max_ms": 76.65093699842691, "p50_ms": 41.68348999321461, "p95_ms": 44.44812499731779, "role": "unknown", "screen": "app.root", "sub_key": "frame_budget", "sum_ms": 3368.080987997353}, {"avg_ms": 0.684931506849315, "category": "notify", "count": 73, "max_ms": 5, "p50_ms": 1, "p95_ms": 2, "role": "driver", "screen": "/", "sub_key": "lifecycle", "sum_ms": 50}, {"avg_ms": 0, "category": "http", "count": 3, "max_ms": 0, "p50_ms": 0, "p95_ms": 0, "role": "unknown", "screen": "app.root", "sub_key": "/driver/me/telemetry/push", "sum_ms": 0}, {"avg_ms": 0, "category": "http", "count": 1, "max_ms": 0, "p50_ms": 0, "p95_ms": 0, "role": "unknown", "screen": "app.root", "sub_key": "/auth/csrf-token", "sum_ms": 0}, {"avg_ms": 0, "category": "http", "count": 1, "max_ms": 0, "p50_ms": 0, "p95_ms": 0, "role": "unknown", "screen": "app.root", "sub_key": "/auth/refresh-token", "sum_ms": 0}, {"avg_ms": 0, "category": "http", "count": 1, "max_ms": 0, "p50_ms": 0, "p95_ms": 0, "role": "unknown", "screen": "app.root", "sub_key": "/auth/bootstrap", "sum_ms": 0}]}
 INFO  [driver-telemetry] tracking.device_health.send_skipped {"age_ms": 29230, "reason": "throttled", "source": "driver.device_health", "trigger_reason": null}
 INFO  [driver-telemetry] driver.runtime.heartbeat {"app_state": "active", "context_id": "driver:19", "feature_flags_version": null, "mission_runtime_in_flight": 0, "mission_runtime_known": 0, "session_valid": true, "socket_connected": false, "source": "driver.hooks.realtime", "tracking_active": true, "tracking_queue_depth": 0}
 INFO  [driver-telemetry] driver.network.tick {"app_state": "active", "context_id": "driver:19", "driver_network_tick_total": 1, "mission_presence": "none", "network_activity_authority": "idle_loop", "network_profile_active": "offline", "source": "driver.realtime"}
 INFO  [driver-telemetry] driver.network.profile {"context_id": "driver:19", "network_profile_active": "offline", "recommended_sync_interval_ms": 30000, "source": "driver.realtime"}
 INFO  [driver-telemetry] driver.network.wake {"context_id": "driver:19", "driver_network_wake_cause": "polling_tick", "network_activity_authority": "idle_loop", "source": "driver.realtime"}
 INFO  [driver-telemetry] driver.network.tick.skipped {"context_id": "driver:19", "driver_network_tick_skipped_total": 1, "network_activity_authority": "idle_loop", "reason": "idle_rate_limit", "source": "driver.realtime"}
 INFO  [driver-telemetry] auth.refresh.endpoint_used {"endpoint": "refresh-token", "source": "core.api.client"}
 LOG  [DriverSocket] {"contextId": "driver:19", "hasToken": true, "path": "/socket.io", "socketUrl": "http://127.0.0.1:15100", "surface": "driver", "transports": ["websocket", "polling"], "urlEnvSource": "EXPO_PUBLIC_DRIVER_SOCKET_URL"}
 INFO  [perf-kpi] perf.runtime.socket_reconnect_failed_total {"context_id": "driver:19", "source": "perf.runtime_stability", "timestamp_client": "2026-08-16T09:53:11.898Z", "total": 28}
 INFO  [perf-kpi] perf.realtime.notify {"duration_ms": 1, "listener_count": 4, "role": "driver", "screen": "/", "source": "perf.instrumentation", "timestamp_client": "2026-08-16T09:53:11.901Z"}
 INFO  [driver-telemetry] realtime.socket.disconnect {"context_id": "driver:19", "reason": "websocket error", "source": "core.realtime.manager"}
 INFO  [driver-telemetry] realtime.transport.mismatch {"actual_transport": "polling", "context_id": "driver:19", "desired_transport": "socket", "source": "core.realtime.manager"}
 INFO  [perf-kpi] perf.realtime.notify {"duration_ms": 1, "listener_count": 4, "role": "driver", "screen": "/", "source": "perf.instrumentation", "timestamp_client": "2026-08-16T09:53:11.906Z"}
 INFO  [driver-telemetry] auth.refresh.endpoint_used {"endpoint": "refresh-token", "source": "core.api.client"}
 INFO  [driver-telemetry] driver.network.tick {"app_state": "active", "context_id": "driver:19", "driver_network_tick_total": 1, "mission_presence": "none", "network_activity_authority": "idle_loop", "network_profile_active": "offline", "source": "driver.realtime"}
 INFO  [driver-telemetry] driver.network.profile {"context_id": "driver:19", "network_profile_active": "offline", "recommended_sync_interval_ms": 30000, "source": "driver.realtime"}
 INFO  [driver-telemetry] driver.network.wake {"context_id": "driver:19", "driver_network_wake_cause": "polling_tick", "network_activity_authority": "idle_loop", "source": "driver.realtime"}
 INFO  [driver-telemetry] driver.network.profile {"network_profile_active": "offline", "recommended_sync_interval_ms": 30000, "source": "core.api.client"}
 INFO  [driver-telemetry] driver.http.timeout {"endpoint": "/driver/me/bookings", "network_profile_active": "offline", "source": "core.api.client", "timeout_ms": 2500}
 INFO  [driver-telemetry] realtime.transport.state {"actual_transport": "polling", "connected": false, "mode": "polling", "source": "core.realtime.manager", "transport_authority": "polling"}
 INFO  [perf-kpi] perf.realtime.notify {"duration_ms": 0, "listener_count": 4, "role": "driver", "screen": "/", "source": "perf.instrumentation", "timestamp_client": "2026-08-16T09:53:23.827Z"}
 INFO  [driver-telemetry] realtime.transport.authority {"reason": "full_polling_tick", "source": "core.realtime.manager", "transport_authority": "polling"}
 INFO  [driver-telemetry] realtime.polling.full_refetch {"context_id": "driver:19", "driver_http_calls_per_hour": 1, "mission_poll_full_refetch_total": 1, "network_activity_authority": "idle_loop", "source": "driver.realtime"}
 INFO  [driver-telemetry] auth.refresh.endpoint_used {"endpoint": "refresh-token", "source": "core.api.client"}
 LOG  [DriverSocket] {"contextId": "driver:19", "hasToken": true, "path": "/socket.io", "socketUrl": "http://127.0.0.1:15100", "surface": "driver", "transports": ["websocket", "polling"], "urlEnvSource": "EXPO_PUBLIC_DRIVER_SOCKET_URL"}
 INFO  [perf-kpi] perf.runtime.socket_reconnect_failed_total {"context_id": "driver:19", "source": "perf.runtime_stability", "timestamp_client": "2026-08-16T09:53:38.372Z", "total": 29}
 INFO  [driver-telemetry] realtime.transport.state {"actual_transport": "polling", "connected": false, "mode": "polling", "source": "core.realtime.manager", "transport_authority": "degraded"}
 INFO  [perf-kpi] perf.realtime.notify {"duration_ms": 1, "listener_count": 4, "role": "driver", "screen": "/", "source": "perf.instrumentation", "timestamp_client": "2026-08-16T09:53:38.376Z"}
 INFO  [driver-telemetry] realtime.socket.disconnect {"context_id": "driver:19", "reason": "websocket error", "source": "core.realtime.manager"}
 INFO  [driver-telemetry] realtime.transport.mismatch {"actual_transport": "polling", "context_id": "driver:19", "desired_transport": "socket", "source": "core.realtime.manager"}
 INFO  [perf-kpi] perf.realtime.notify {"duration_ms": 0, "listener_count": 4, "role": "driver", "screen": "/", "source": "perf.instrumentation", "timestamp_client": "2026-08-16T09:53:38.380Z"}
 INFO  [driver-telemetry] realtime.reconnect.cap_reached {"context_id": "driver:19", "reconnect_attempt_window_cap": 5, "reconnect_attempt_window_count": 6, "reconnect_window_ms": 60000, "source": "core.realtime.manager"}
 INFO  [driver-telemetry] auth.refresh.endpoint_used {"endpoint": "refresh-token", "source": "core.api.client"}
 INFO  [FCM-GATE] register effect start {"enabled": true, "fcmEnabled": true, "source": "driver.notifications.bridge", "stage": "app_foreground"}
 INFO  [driver-telemetry] driver.foreground.resume.resync {"context_id": "driver:19", "foreground_resume_resync_total": 1, "source": "driver.sync_engine"}
 INFO  [driver-telemetry] driver.runtime.resume.start {"app_state": "active", "context_id": "driver:19", "resume_attempt_id": "driver:19:1786874018838:4", "source": "driver.runtime.resume"}
 INFO  [driver-telemetry] driver.network.tick {"app_state": "active", "context_id": "driver:19", "driver_network_tick_total": 1, "mission_presence": "none", "network_activity_authority": "idle_loop", "network_profile_active": "offline", "source": "driver.realtime"}
 INFO  [driver-telemetry] driver.network.profile {"context_id": "driver:19", "network_profile_active": "offline", "recommended_sync_interval_ms": 30000, "source": "driver.realtime"}
 INFO  [driver-telemetry] driver.network.wake {"context_id": "driver:19", "driver_network_wake_cause": "polling_tick", "network_activity_authority": "idle_loop", "source": "driver.realtime"}
 INFO  [driver-telemetry] driver.network.tick.skipped {"context_id": "driver:19", "driver_network_tick_skipped_total": 1, "network_activity_authority": "idle_loop", "reason": "idle_rate_limit", "source": "driver.realtime"}
 INFO  [perf-kpi] perf.js_long_task {"duration_ms": 107.689010001719, "role": "driver", "screen": "/", "source": "perf.instrumentation", "timestamp_client": "2026-08-16T09:53:38.846Z"}
 INFO  [driver-telemetry] driver.network.profile {"network_profile_active": "offline", "recommended_sync_interval_ms": 30000, "source": "core.api.client"}
 INFO  [driver-telemetry] driver.http.timeout {"endpoint": "/driver/me/device-health", "network_profile_active": "offline", "source": "core.api.client", "timeout_ms": 2500}
 INFO  [driver-telemetry] tracking.watch.started {"accuracy_tier": "balanced", "app_state": "background", "distance_m": 10, "mission_id": null, "source": "driver.tracking.bridge"}
 INFO  [driver-telemetry] tracking.watch.started {"accuracy_tier": "high", "app_state": "active", "distance_m": 10, "mission_id": null, "source": "driver.tracking.bridge"}
 INFO  [driver-telemetry] tracking.device_health.sent {"battery_optimized": false, "constraint_reason": null, "fgs_running": true, "kind": "tracking_health", "source": "driver.device_health", "trigger_reason": null}
 INFO  [FCM-GATE] requesting token {"source": "driver.notifications.bridge", "stage": "app_foreground"}
 INFO  [driver-telemetry] driver.push.fcm.get_token_start {"platform": "android", "source": "driver.firebaseMessaging"}
 INFO  [FCM-GATE] getDriverFcmToken start {"platform": "android"}
 INFO  [FCM-GATE] getToken success {"tokenLength": 142}
 INFO  [driver-telemetry] driver.push.fcm.token {"source": "driver.firebaseMessaging", "token_present": true}
 INFO  [FCM-GATE] token received {"source": "driver.notifications.bridge", "stage": "app_foreground", "tokenLength": 142}
 INFO  [driver-telemetry] driver_push.token_acquired {"provider": "fcm", "source": "driver.notifications.bridge", "stage": "app_foreground", "token_length": 142}
 INFO  [FCM-GATE] posting token {"provider": "fcm", "source": "driver.notifications.bridge", "stage": "app_foreground"}
 INFO  [driver-telemetry] driver.network.profile {"network_profile_active": "offline", "recommended_sync_interval_ms": 30000, "source": "core.api.client"}
 INFO  [driver-telemetry] driver.http.timeout {"endpoint": "/driver/me/telemetry/push", "network_profile_active": "offline", "source": "core.api.client", "timeout_ms": 2500}
 INFO  [driver-telemetry] driver.network.profile {"network_profile_active": "offline", "recommended_sync_interval_ms": 30000, "source": "core.api.client"}
 INFO  [driver-telemetry] driver.http.timeout {"endpoint": "/driver/save-push-token", "network_profile_active": "offline", "source": "core.api.client", "timeout_ms": 2500}
 INFO  [driver-telemetry] push.token.registered {"provider": "fcm", "source": "driver.notifications.bridge"}
 INFO  [driver-telemetry] driver_push.register_success {"provider": "fcm", "source": "driver.notifications.bridge"}
 INFO  [driver-telemetry] driver.network.profile {"network_profile_active": "offline", "recommended_sync_interval_ms": 30000, "source": "core.api.client"}
 INFO  [driver-telemetry] driver.http.timeout {"endpoint": "/driver/me/telemetry/push", "network_profile_active": "offline", "source": "core.api.client", "timeout_ms": 2500}
 INFO  [driver-telemetry] auth.refresh.endpoint_used {"endpoint": "refresh-token", "source": "core.api.client"}
 INFO  [perf-kpi] perf.realtime.notify {"duration_ms": 2, "listener_count": 4, "role": "driver", "screen": "/", "source": "perf.instrumentation", "timestamp_client": "2026-08-16T09:53:39.168Z"}
 INFO  [driver-telemetry] realtime.transport.state {"actual_transport": "polling", "connected": true, "mode": "socket", "source": "core.realtime.manager", "transport_authority": "polling"}
 INFO  [perf-kpi] perf.realtime.notify {"duration_ms": 1, "listener_count": 4, "role": "driver", "screen": "/", "source": "perf.instrumentation", "timestamp_client": "2026-08-16T09:53:39.171Z"}
 LOG  [DriverSocket] {"contextId": "driver:19", "hasToken": true, "path": "/socket.io", "socketUrl": "http://127.0.0.1:15100", "surface": "driver", "transports": ["websocket", "polling"], "urlEnvSource": "EXPO_PUBLIC_DRIVER_SOCKET_URL"}
 INFO  [driver-telemetry] tracking.session.readiness {"readiness": "CREATING", "reason": "session_conflict", "session_generation": 903, "source": "driver.tracking.queue", "tracking_session_id": "trk_sess_1786873959164_u5is6kit"}
 INFO  [driver-telemetry] driver.network.profile {"network_profile_active": "offline", "recommended_sync_interval_ms": 30000, "source": "core.api.client"}
 INFO  [driver-telemetry] driver.http.timeout {"endpoint": "/driver/me/bookings/since", "network_profile_active": "offline", "source": "core.api.client", "timeout_ms": 2500}
 INFO  [driver-telemetry] driver.http.fail_fast_offline {"connected": false, "endpoint": "/driver/me/bookings/since", "internet_reachable": false, "network_type": "fallback", "source": "core.api.client"}
 INFO  [driver-telemetry] driver.runtime.resume.failure {"context_id": "driver:19", "reason": "resume_failed", "resume_attempt_id": "driver:19:1786874018838:4", "retry_count": 1, "source": "driver.runtime.resume", "will_retry": true}
 INFO  [driver-telemetry] tracking.session.readiness {"readiness": "REGISTERING", "reason": "session_conflict", "session_generation": null, "source": "driver.tracking.queue", "tracking_session_id": "trk_sess_1786874019174_dg2evsi6"}
 INFO  [driver-telemetry] tracking.session.readiness {"readiness": "REGISTERING", "reason": "register_start", "session_generation": null, "source": "driver.tracking.queue", "tracking_session_id": "trk_sess_1786874019174_dg2evsi6"}
 INFO  [driver-telemetry] driver.network.profile {"network_profile_active": "offline", "recommended_sync_interval_ms": 30000, "source": "core.api.client"}
 INFO  [driver-telemetry] driver.http.timeout {"endpoint": "/driver/me/tracking/sessions", "network_profile_active": "offline", "source": "core.api.client", "timeout_ms": 2500}
 INFO  [perf-kpi] perf.runtime.socket_reconnect_failed_total {"context_id": "driver:19", "source": "perf.runtime_stability", "timestamp_client": "2026-08-16T09:53:39.235Z", "total": 30}
 INFO  [driver-telemetry] realtime.transport.state {"actual_transport": "polling", "connected": false, "mode": "polling", "source": "core.realtime.manager", "transport_authority": "degraded"}
 INFO  [perf-kpi] perf.realtime.notify {"duration_ms": 1, "listener_count": 4, "role": "driver", "screen": "/", "source": "perf.instrumentation", "timestamp_client": "2026-08-16T09:53:39.239Z"}
 INFO  [driver-telemetry] realtime.socket.disconnect {"context_id": "driver:19", "reason": "websocket error", "source": "core.realtime.manager"}
 INFO  [driver-telemetry] realtime.transport.mismatch {"actual_transport": "polling", "context_id": "driver:19", "desired_transport": "socket", "source": "core.realtime.manager"}
 INFO  [perf-kpi] perf.realtime.notify {"duration_ms": 1, "listener_count": 4, "role": "driver", "screen": "/", "source": "perf.instrumentation", "timestamp_client": "2026-08-16T09:53:39.242Z"}
 INFO  [driver-telemetry] tracking.queue.flush {"backend_acked": 0, "dropped": 0, "flush_path": "http_fallback", "network_profile_active": "offline", "oldest_item_age_ms": null, "queue_depth": 0, "retried": 0, "sent": 0, "socket_emitted": 0, "source": "driver.tracking.queue", "tracking_queue_oldest_age_ms": null}
 INFO  [driver-telemetry] tracking.flush.transport {"backend_acked": 0, "sent": 0, "socket_emitted": 0, "source": "driver.tracking.queue", "transport": "http"}
 INFO  [driver-telemetry] tracking.session.readiness {"readiness": "READY", "reason": "register_ok", "session_generation": 904, "source": "driver.tracking.queue", "tracking_session_id": "trk_sess_1786874019174_dg2evsi6"}
 INFO  [driver-telemetry] tracking.session.reconciled {"previous_session_id": "trk_sess_1786873959164_u5is6kit", "readiness": "READY", "rebound_count": 0, "released_socket_count": 0, "source": "driver.tracking.queue", "tracking_session_id": "trk_sess_1786874019174_dg2evsi6"}
 INFO  [driver-telemetry] tracking.queue.flush {"backend_acked": 0, "dropped": 0, "flush_path": "http_fallback", "network_profile_active": "offline", "oldest_item_age_ms": null, "queue_depth": 0, "retried": 0, "sent": 0, "socket_emitted": 0, "source": "driver.tracking.queue", "tracking_queue_oldest_age_ms": null}
 INFO  [driver-telemetry] tracking.flush.transport {"backend_acked": 0, "sent": 0, "socket_emitted": 0, "source": "driver.tracking.queue", "transport": "http"}
 INFO  [driver-telemetry] auth.refresh.endpoint_used {"endpoint": "refresh-token", "source": "core.api.client"}
 INFO  [perf-kpi] perf.realtime.notify {"duration_ms": 5, "listener_count": 4, "role": "driver", "screen": "/", "source": "perf.instrumentation", "timestamp_client": "2026-08-16T09:53:39.352Z"}
 INFO  [driver-telemetry] realtime.transport.state {"actual_transport": "polling", "connected": true, "mode": "socket", "source": "core.realtime.manager", "transport_authority": "polling"}
 INFO  [perf-kpi] perf.realtime.notify {"duration_ms": 1, "listener_count": 4, "role": "driver", "screen": "/", "source": "perf.instrumentation", "timestamp_client": "2026-08-16T09:53:39.355Z"}
 LOG  [DriverSocket] {"contextId": "driver:19", "hasToken": true, "path": "/socket.io", "socketUrl": "http://127.0.0.1:15100", "surface": "driver", "transports": ["websocket", "polling"], "urlEnvSource": "EXPO_PUBLIC_DRIVER_SOCKET_URL"}
 INFO  [perf-kpi] perf.runtime.socket_reconnect_failed_total {"context_id": "driver:19", "source": "perf.runtime_stability", "timestamp_client": "2026-08-16T09:53:39.382Z", "total": 31}
 INFO  [driver-telemetry] realtime.transport.state {"actual_transport": "polling", "connected": false, "mode": "polling", "source": "core.realtime.manager", "transport_authority": "degraded"}
 INFO  [perf-kpi] perf.realtime.notify {"duration_ms": 0, "listener_count": 4, "role": "driver", "screen": "/", "source": "perf.instrumentation", "timestamp_client": "2026-08-16T09:53:39.383Z"}
 INFO  [driver-telemetry] realtime.socket.disconnect {"context_id": "driver:19", "reason": "websocket error", "source": "core.realtime.manager"}
 INFO  [driver-telemetry] realtime.transport.mismatch {"actual_transport": "polling", "context_id": "driver:19", "desired_transport": "socket", "source": "core.realtime.manager"}
 INFO  [driver-telemetry] realtime.reconnect.circuit_breaker_blocked {"context_id": "driver:19", "source": "core.realtime.manager"}
 INFO  [driver-telemetry] driver.network.profile {"network_profile_active": "offline", "recommended_sync_interval_ms": 30000, "source": "core.api.client"}
 INFO  [driver-telemetry] driver.http.timeout {"endpoint": "/driver/me/bookings/since", "network_profile_active": "offline", "source": "core.api.client", "timeout_ms": 2500}
 INFO  [driver-telemetry] driver.http.fail_fast_offline {"connected": false, "endpoint": "/driver/me/bookings/since", "internet_reachable": false, "network_type": "fallback", "source": "core.api.client"}
 INFO  [driver-telemetry] driver.runtime.resume.failure {"context_id": "driver:19", "reason": "resume_failed", "resume_attempt_id": "driver:19:1786874018838:4", "retry_count": 2, "source": "driver.runtime.resume", "will_retry": false}
 INFO  [driver-telemetry] auth.refresh.endpoint_used {"endpoint": "refresh-token", "source": "core.api.client"}
 INFO  [driver-telemetry] driver.network.profile {"network_profile_active": "offline", "recommended_sync_interval_ms": 30000, "source": "core.api.client"}
 INFO  [driver-telemetry] driver.http.timeout {"endpoint": "/driver/me/bookings/since", "network_profile_active": "offline", "source": "core.api.client", "timeout_ms": 2500}
 INFO  [driver-telemetry] driver.http.fail_fast_offline {"connected": false, "endpoint": "/driver/me/bookings/since", "internet_reachable": false, "network_type": "fallback", "source": "core.api.client"}
 INFO  [driver-telemetry] driver.runtime.reconcile.failure {"context_id": "driver:19", "reason": "reconcile_failed", "source": "driver.sync.orchestrator", "trigger": "reconnect"}
 INFO  [driver-telemetry] tracking.queue.enqueued {"app_state": "active", "location_mode": "availability_presence", "mission_id": null, "oldest_item_age_ms": 20, "queue_depth": 1, "sequence_id": 1, "source": "driver.tracking.queue", "tracking_session_id": "trk_sess_1786874019174_dg2evsi6"}
 INFO  [driver-telemetry] driver.network.profile {"network_profile_active": "offline", "recommended_sync_interval_ms": 30000, "source": "core.api.client"}
 INFO  [driver-telemetry] driver.http.timeout {"endpoint": "/driver/me/location", "network_profile_active": "offline", "source": "core.api.client", "timeout_ms": 28000}
 INFO  [driver-telemetry] tracking.ingest.ack {"accept_reason": "", "ack_status": "persisted", "durability": "persisted_sync", "flush_path": "http_fallback", "mission_id": null, "queue_item_id": "trk_1786874020404_uby15c3m", "source": "driver.tracking.queue", "trace_id": "mob_msvmnm8a_gr7u2kj7"}
 INFO  [driver-telemetry] tracking.queue.flush {"backend_acked": 1, "dropped": 0, "flush_path": "http_fallback", "network_profile_active": "offline", "oldest_item_age_ms": 232, "queue_depth": 0, "retried": 0, "sent": 1, "socket_emitted": 0, "source": "driver.tracking.queue", "tracking_queue_oldest_age_ms": 232}
 INFO  [driver-telemetry] tracking.flush.transport {"backend_acked": 1, "sent": 1, "socket_emitted": 0, "source": "driver.tracking.queue", "transport": "http"}
 INFO  [driver-telemetry] tracking.bridge.health {"backend_ack_latency_ms": 1670, "mission_id": null, "network_profile_active": "offline", "oldest_item_age_ms": 236, "queue_depth": 0, "socket_emit_without_backend_ack_total": 0, "source": "driver.tracking.bridge", "tracking_flush_batch_size": 1}
 INFO  [driver-telemetry] driver.network.profile {"network_profile_active": "offline", "recommended_sync_interval_ms": 30000, "source": "core.api.client"}
 INFO  [driver-telemetry] driver.http.timeout {"endpoint": "/driver/me/bookings", "network_profile_active": "offline", "source": "core.api.client", "timeout_ms": 2500}
 INFO  [driver-telemetry] realtime.degraded.entered {"degraded_hysteresis_ms": 8000, "source": "core.realtime.manager"}
 INFO  [perf-kpi] perf.realtime.notify {"duration_ms": 2, "listener_count": 4, "role": "driver", "screen": "/", "source": "perf.instrumentation", "timestamp_client": "2026-08-16T09:53:47.367Z"}
 INFO  [driver-telemetry] driver.network.tick {"app_state": "active", "context_id": "driver:19", "driver_network_tick_total": 1, "mission_presence": "none", "network_activity_authority": "idle_loop", "network_profile_active": "offline", "source": "driver.realtime"}
 INFO  [driver-telemetry] driver.network.profile {"context_id": "driver:19", "network_profile_active": "offline", "recommended_sync_interval_ms": 30000, "source": "driver.realtime"}
 INFO  [driver-telemetry] driver.network.wake {"context_id": "driver:19", "driver_network_wake_cause": "polling_tick", "network_activity_authority": "idle_loop", "source": "driver.realtime"}
 INFO  [driver-telemetry] driver.network.tick.skipped {"context_id": "driver:19", "driver_network_tick_skipped_total": 1, "network_activity_authority": "idle_loop", "reason": "idle_rate_limit", "source": "driver.realtime"}
 INFO  [perf-kpi] perf.instrumentation.aggregate {"notify_listeners_peak": 4, "row_count": 30, "source": "perf.instrumentation", "tier": "dev", "timestamp_client": "2026-08-16T09:54:03.817Z", "top_by_count": [{"avg_ms": 42.01086588719728, "category": "js_long_task", "count": 4911, "max_ms": 583.1821869984269, "p50_ms": 41.76791600137949, "p95_ms": 43.76343800127506, "role": "driver", "screen": "/", "sub_key": "frame_budget", "sum_ms": 206315.36237202585}, {"avg_ms": 0.7674418604651163, "category": "notify", "count": 86, "max_ms": 5, "p50_ms": 1, "p95_ms": 4, "role": "driver", "screen": "/", "sub_key": "lifecycle", "sum_ms": 66}, {"avg_ms": 42.101012349966915, "category": "js_long_task", "count": 80, "max_ms": 76.65093699842691, "p50_ms": 41.68348999321461, "p95_ms": 44.44812499731779, "role": "unknown", "screen": "app.root", "sub_key": "frame_budget", "sum_ms": 3368.080987997353}, {"avg_ms": 0, "category": "http", "count": 56, "max_ms": 0, "p50_ms": 0, "p95_ms": 0, "role": "driver", "screen": "/", "sub_key": "/auth/refresh-token", "sum_ms": 0}, {"avg_ms": 0, "category": "http", "count": 39, "max_ms": 0, "p50_ms": 0, "p95_ms": 0, "role": "driver", "screen": "/", "sub_key": "/messages/3", "sum_ms": 0}, {"avg_ms": 0, "category": "http", "count": 26, "max_ms": 0, "p50_ms": 0, "p95_ms": 0, "role": "driver", "screen": "/", "sub_key": "/messages/3/hub/unread-count", "sum_ms": 0}, {"avg_ms": 0, "category": "http", "count": 16, "max_ms": 0, "p50_ms": 0, "p95_ms": 0, "role": "driver", "screen": "/", "sub_key": "/driver/me/bookings/since", "sum_ms": 0}, {"avg_ms": 0, "category": "http", "count": 13, "max_ms": 0, "p50_ms": 0, "p95_ms": 0, "role": "driver", "screen": "/", "sub_key": "/driver/me/telemetry/push", "sum_ms": 0}, {"avg_ms": 0, "category": "http", "count": 7, "max_ms": 0, "p50_ms": 0, "p95_ms": 0, "role": "driver", "screen": "/", "sub_key": "/driver/me/bookings", "sum_ms": 0}, {"avg_ms": 0, "category": "http", "count": 7, "max_ms": 0, "p50_ms": 0, "p95_ms": 0, "role": "driver", "screen": "/", "sub_key": "/driver/me/device-health", "sum_ms": 0}], "top_by_sum_ms": [{"avg_ms": 42.01086588719728, "category": "js_long_task", "count": 4911, "max_ms": 583.1821869984269, "p50_ms": 41.76791600137949, "p95_ms": 43.76343800127506, "role": "driver", "screen": "/", "sub_key": "frame_budget", "sum_ms": 206315.36237202585}, {"avg_ms": 24739, "category": "page_load", "count": 1, "max_ms": 24739, "p50_ms": 24739, "p95_ms": 24739, "role": "driver", "screen": "/", "sub_key": "driver.inbox", "sum_ms": 24739}, {"avg_ms": 24575, "category": "page_load", "count": 1, "max_ms": 24575, "p50_ms": 24575, "p95_ms": 24575, "role": "driver", "screen": "/", "sub_key": "driver.hub", "sum_ms": 24575}, {"avg_ms": 24574, "category": "page_load", "count": 1, "max_ms": 24574, "p50_ms": 24574, "p95_ms": 24574, "role": "driver", "screen": "/", "sub_key": "driver.missions", "sum_ms": 24574}, {"avg_ms": 42.101012349966915, "category": "js_long_task", "count": 80, "max_ms": 76.65093699842691, "p50_ms": 41.68348999321461, "p95_ms": 44.44812499731779, "role": "unknown", "screen": "app.root", "sub_key": "frame_budget", "sum_ms": 3368.080987997353}, {"avg_ms": 0.7674418604651163, "category": "notify", "count": 86, "max_ms": 5, "p50_ms": 1, "p95_ms": 4, "role": "driver", "screen": "/", "sub_key": "lifecycle", "sum_ms": 66}, {"avg_ms": 0, "category": "http", "count": 3, "max_ms": 0, "p50_ms": 0, "p95_ms": 0, "role": "unknown", "screen": "app.root", "sub_key": "/driver/me/telemetry/push", "sum_ms": 0}, {"avg_ms": 0, "category": "http", "count": 1, "max_ms": 0, "p50_ms": 0, "p95_ms": 0, "role": "unknown", "screen": "app.root", "sub_key": "/auth/csrf-token", "sum_ms": 0}, {"avg_ms": 0, "category": "http", "count": 1, "max_ms": 0, "p50_ms": 0, "p95_ms": 0, "role": "unknown", "screen": "app.root", "sub_key": "/auth/refresh-token", "sum_ms": 0}, {"avg_ms": 0, "category": "http", "count": 1, "max_ms": 0, "p50_ms": 0, "p95_ms": 0, "role": "unknown", "screen": "app.root", "sub_key": "/auth/bootstrap", "sum_ms": 0}]}
 ERROR  Your app just crashed. See the error below.
java.lang.NullPointerException
  java.util.Objects.throwNullPointerException(Objects.java:504)
  java.util.Objects.requireNonNull(Objects.java:222)
  com.facebook.react.ReactActivityDelegate.onUserLeaveHint(ReactActivityDelegate.java:191)
  com.facebook.react.ReactActivity.onUserLeaveHint(ReactActivity.java:139)
  android.app.Activity.performUserLeaving(Activity.java:10030)
  android.app.Instrumentation.callActivityOnUserLeaving(Instrumentation.java:1804)
  android.app.ActivityThread.performUserLeavingActivity(ActivityThread.java:6903)
  android.app.ActivityThread.handlePauseActivity(ActivityThread.java:6884)
  android.app.servertransaction.PauseActivityItem.execute(PauseActivityItem.java:60)
  android.app.servertransaction.ActivityTransactionItem.execute(ActivityTransactionItem.java:63)
  android.app.servertransaction.TransactionExecutor.executeLifecycleItem(TransactionExecutor.java:169)
  android.app.servertransaction.TransactionExecutor.executeTransactionItems(TransactionExecutor.java:101)
  android.app.servertransaction.TransactionExecutor.execute(TransactionExecutor.java:80)
  android.app.ActivityThread$H.handleMessage(ActivityThread.java:3287)
  android.os.Handler.dispatchMessage(Handler.java:132)
  android.os.Looper.dispatchMessage(Looper.java:358)
  android.os.Looper.loopOnce(Looper.java:288)
  android.os.Looper.loop(Looper.java:392)
  android.app.ActivityThread.main(ActivityThread.java:10346)
  java.lang.reflect.Method.invoke(Native Method)
  com.android.internal.os.RuntimeInit$MethodAndArgsCaller.run(RuntimeInit.java:638)
  com.android.internal.os.ZygoteInit.main(ZygoteInit.java:972)
 INFO  [FCM-GATE] register effect start {"enabled": true, "fcmEnabled": true, "source": "driver.notifications.bridge", "stage": "app_foreground"}
 INFO  [driver-telemetry] driver.foreground.resume.resync {"context_id": "driver:19", "foreground_resume_resync_total": 1, "source": "driver.sync_engine"}
 INFO  [driver-telemetry] driver.runtime.resume.start {"app_state": "active", "context_id": "driver:19", "resume_attempt_id": "driver:19:1786874045365:5", "source": "driver.runtime.resume"}
 INFO  [perf-kpi] perf.js_long_task {"duration_ms": 275.4147920012474, "role": "driver", "screen": "/", "source": "perf.instrumentation", "timestamp_client": "2026-08-16T09:54:05.366Z"}
 INFO  [driver-telemetry] tracking.device_health.send_skipped {"age_ms": 26519, "reason": "throttled", "source": "driver.device_health", "trigger_reason": null}
 INFO  [FCM-GATE] requesting token {"source": "driver.notifications.bridge", "stage": "app_foreground"}
 INFO  [driver-telemetry] driver.push.fcm.get_token_start {"platform": "android", "source": "driver.firebaseMessaging"}
 INFO  [FCM-GATE] getDriverFcmToken start {"platform": "android"}
Android .\index.js ░░░░░░░░░░░░░░░░  0.0% (0/1)
Android Bundled 246ms index.js (1 module)
 WARN  [Reanimated] Reduced motion setting is enabled on this device. This warning is visible only in the development mode. Some animations will be disabled by default. You can override the behavior for individual animations, see https://docs.swmansion.com/react-native-reanimated/docs/guides/troubleshooting#reduced-motion-setting-is-enabled-on-this-device.
 INFO  [driver-telemetry] tracking.background.task.registration_status {"bg_flag_enabled": true, "runtime": "dev_client_or_standalone", "source": "driver.services.backgroundLocationTask", "task_defined": true, "task_name": "background-location-task", "task_started": true}
 LOG  [BootSplash] state {"status":"idle","introState":"loading","animFinished":false,"showLottieLayer":false,"showOverlay":true,"overlayMounted":true,"elapsedMs":92}
 INFO  [perf-kpi] perf.boot.milestone {"milestone": "APP_JS_READY", "since_cold_start_ms": 1135, "source": "boot.milestones", "timestamp_client": "2026-08-16T09:57:58.065Z"}
 LOG  [BootSplash] status transition idle -> bootstrapping
 LOG  [BootSplash] state {"status":"bootstrapping","introState":"loading","animFinished":false,"showLottieLayer":false,"showOverlay":true,"overlayMounted":true,"elapsedMs":132}
 LOG  [BootSplash] state {"status":"bootstrapping","introState":"skip","animFinished":false,"showLottieLayer":false,"showOverlay":false,"overlayMounted":true,"elapsedMs":151}
 INFO  [perf-kpi] perf.boot.milestone {"milestone": "SESSION_RESTORED", "since_cold_start_ms": 1238, "source": "boot.milestones", "timestamp_client": "2026-08-16T09:57:58.168Z"}
 INFO  [FCM-GATE] DriverNotificationsBridge state {"contextType": "driver", "driverId": 19, "enabled": false, "fcmEnabled": true, "pushEnabled": true, "status": "bootstrapping"}
 INFO  [driver-telemetry] driver_push.bridge_mounted {"context_type": "driver", "driver_id": 19, "enabled": false, "fcm_enabled": true, "source": "driver.notifications.bridge"}
 INFO  [perf-kpi] perf.runtime.context_switch_total {"from_context": null, "source": "perf.runtime_stability", "timestamp_client": "2026-08-16T09:57:58.204Z", "to_context": "driver:driver:19", "total": 1}
 INFO  [driver-telemetry] driver.network.profile {"network_profile_active": "normal", "recommended_sync_interval_ms": 10000, "source": "core.api.client"}
 INFO  [driver-telemetry] driver.http.timeout {"endpoint": "/driver/me/telemetry/push", "network_profile_active": "normal", "source": "core.api.client", "timeout_ms": 15000}
 INFO  [driver-telemetry] driver.push.fcm.token {"source": "driver.firebaseMessaging", "token_present": true}
 INFO  [driver-telemetry] auth.refresh.endpoint_used {"endpoint": "refresh-token", "source": "core.api.client"}
 INFO  [driver-telemetry] driver.network.profile {"network_profile_active": "normal", "recommended_sync_interval_ms": 10000, "source": "core.api.client"}
 INFO  [driver-telemetry] driver.http.timeout {"endpoint": "/driver/me/telemetry/push", "network_profile_active": "normal", "source": "core.api.client", "timeout_ms": 15000}
 LOG  [BootSplash] overlay hidden after 652 ms
 LOG  [BootSplash] state {"status":"bootstrapping","introState":"skip","animFinished":false,"showLottieLayer":false,"showOverlay":false,"overlayMounted":false,"elapsedMs":660}
 INFO  [driver-telemetry] tracking.session.readiness {"readiness": "READY", "reason": "load_persisted", "session_generation": 904, "source": "driver.tracking.queue", "tracking_session_id": "trk_sess_1786874019174_dg2evsi6"}
 INFO  [driver-telemetry] tracking.queue.resume_after_auth {"auth_session_changed": false, "pending_count": 0, "preserve_pending": true, "source": "driver.tracking.queue"}
 INFO  [perf-kpi] perf.boot.milestone {"milestone": "SESSION_READY", "since_cold_start_ms": 1867, "source": "boot.milestones", "timestamp_client": "2026-08-16T09:57:58.797Z"}
 INFO  [driver-telemetry] realtime.transport.state {"actual_transport": "polling", "connected": true, "mode": "socket", "source": "core.realtime.manager", "transport_authority": "polling"}
 INFO  [perf-kpi] perf.realtime.notify {"duration_ms": 0, "listener_count": 0, "role": "unknown", "screen": "app.root", "source": "perf.instrumentation", "timestamp_client": "2026-08-16T09:57:58.807Z"}
 LOG  [DriverSocket] {"contextId": "driver:19", "hasToken": true, "path": "/socket.io", "socketUrl": "http://127.0.0.1:15100", "surface": "driver", "transports": ["websocket", "polling"], "urlEnvSource": "EXPO_PUBLIC_DRIVER_SOCKET_URL"}
 INFO  [FCM-GATE] register effect start {"enabled": true, "fcmEnabled": true, "source": "driver.notifications.bridge", "stage": "session_ready"}
 INFO  [FCM-GATE] DriverNotificationsBridge state {"contextType": "driver", "driverId": 19, "enabled": true, "fcmEnabled": true, "pushEnabled": true, "status": "ready"}
 INFO  [driver-telemetry] driver_push.bridge_mounted {"context_type": "driver", "driver_id": 19, "enabled": true, "fcm_enabled": true, "source": "driver.notifications.bridge"}
 LOG  [BootSplash] status transition bootstrapping -> ready
 LOG  [BootSplash] state {"status":"ready","introState":"skip","animFinished":false,"showLottieLayer":false,"showOverlay":false,"overlayMounted":false,"elapsedMs":887}
 INFO  [driver-telemetry] driver.network.profile {"network_profile_active": "normal", "recommended_sync_interval_ms": 10000, "source": "core.api.client"}
 INFO  [driver-telemetry] driver.http.timeout {"endpoint": "/driver/me/telemetry/push", "network_profile_active": "normal", "source": "core.api.client", "timeout_ms": 15000}
 INFO  [perf-kpi] perf.runtime.socket_reconnect_failed_total {"context_id": "driver:19", "source": "perf.runtime_stability", "timestamp_client": "2026-08-16T09:57:58.846Z", "total": 1}
 INFO  [driver-telemetry] realtime.transport.state {"actual_transport": "polling", "connected": false, "mode": "polling", "source": "core.realtime.manager", "transport_authority": "degraded"}
 INFO  [perf-kpi] perf.realtime.notify {"duration_ms": 0, "listener_count": 0, "role": "unknown", "screen": "app.root", "source": "perf.instrumentation", "timestamp_client": "2026-08-16T09:57:58.847Z"}
 INFO  [driver-telemetry] realtime.socket.disconnect {"context_id": "driver:19", "reason": "websocket error", "source": "core.realtime.manager"}
 INFO  [driver-telemetry] realtime.transport.mismatch {"actual_transport": "polling", "context_id": "driver:19", "desired_transport": "socket", "source": "core.realtime.manager"}
 INFO  [perf-kpi] perf.realtime.notify {"duration_ms": 0, "listener_count": 0, "role": "unknown", "screen": "app.root", "source": "perf.instrumentation", "timestamp_client": "2026-08-16T09:57:58.850Z"}
 INFO  [driver-telemetry] tracking.queue.resume_after_auth {"auth_session_changed": false, "pending_count": 0, "preserve_pending": true, "source": "driver.tracking.queue"}
 INFO  [driver-telemetry] driver.push.fcm.token {"source": "driver.firebaseMessaging", "token_present": true}
 INFO  [driver-telemetry] tracking.presence_context.updated {"driver_available": true, "mission_id": null, "presence_window_open": true, "source": "driver.tracking.bridge"}
 INFO  [perf-kpi] perf.realtime.notify {"duration_ms": 0, "listener_count": 0, "role": "unknown", "screen": "app.root", "source": "perf.instrumentation", "timestamp_client": "2026-08-16T09:57:59.293Z"}
 INFO  [driver-telemetry] realtime.transport.state {"actual_transport": "polling", "connected": true, "mode": "socket", "source": "core.realtime.manager", "transport_authority": "polling"}
 INFO  [perf-kpi] perf.realtime.notify {"duration_ms": 0, "listener_count": 0, "role": "unknown", "screen": "app.root", "source": "perf.instrumentation", "timestamp_client": "2026-08-16T09:57:59.296Z"}
 LOG  [DriverSocket] {"contextId": "driver:19", "hasToken": true, "path": "/socket.io", "socketUrl": "http://127.0.0.1:15100", "surface": "driver", "transports": ["websocket", "polling"], "urlEnvSource": "EXPO_PUBLIC_DRIVER_SOCKET_URL"}
 INFO  [driver-telemetry] driver.gate.unified_evaluated {"allowed": true, "enabled": true, "option": "C", "source": "DriverUnifiedGateGuard"}
 INFO  [driver-telemetry] driver.network.profile {"network_profile_active": "normal", "recommended_sync_interval_ms": 10000, "source": "core.api.client"}
 INFO  [driver-telemetry] driver.http.timeout {"endpoint": "/driver/me/bookings", "network_profile_active": "normal", "source": "core.api.client", "timeout_ms": 15000}
 INFO  [driver-telemetry] driver.network.profile {"network_profile_active": "normal", "recommended_sync_interval_ms": 10000, "source": "core.api.client"}
 INFO  [driver-telemetry] driver.http.timeout {"endpoint": "/driver/me/bookings/since", "network_profile_active": "normal", "source": "core.api.client", "timeout_ms": 15000}
 INFO  [driver-telemetry] driver.network.profile {"network_profile_active": "normal", "recommended_sync_interval_ms": 10000, "source": "core.api.client"}
 INFO  [driver-telemetry] driver.http.timeout {"endpoint": "/driver/me/company-bookings/today", "network_profile_active": "normal", "source": "core.api.client", "timeout_ms": 15000}
 INFO  [driver-telemetry] tracking.session.readiness {"readiness": "CREATING", "reason": "session_conflict", "session_generation": 904, "source": "driver.tracking.queue", "tracking_session_id": "trk_sess_1786874019174_dg2evsi6"}
 INFO  [perf-kpi] perf.js_long_task {"duration_ms": 576.6541659981012, "role": "driver", "screen": "/", "source": "perf.instrumentation", "timestamp_client": "2026-08-16T09:57:59.428Z"}
 INFO  [driver-telemetry] driver.network.profile {"network_profile_active": "normal", "recommended_sync_interval_ms": 10000, "source": "core.api.client"}
 INFO  [driver-telemetry] driver.http.timeout {"endpoint": "/driver/me/device-health", "network_profile_active": "normal", "source": "core.api.client", "timeout_ms": 15000}
 INFO  [perf-kpi] perf.runtime.socket_reconnect_failed_total {"context_id": "driver:19", "source": "perf.runtime_stability", "timestamp_client": "2026-08-16T09:57:59.498Z", "total": 2}
 INFO  [driver-telemetry] realtime.transport.state {"actual_transport": "polling", "connected": false, "mode": "polling", "source": "core.realtime.manager", "transport_authority": "degraded"}
 INFO  [perf-kpi] perf.realtime.notify {"duration_ms": 0, "listener_count": 3, "role": "driver", "screen": "/", "source": "perf.instrumentation", "timestamp_client": "2026-08-16T09:57:59.500Z"}
 INFO  [driver-telemetry] realtime.socket.disconnect {"context_id": "driver:19", "reason": "websocket error", "source": "core.realtime.manager"}
 INFO  [driver-telemetry] realtime.transport.mismatch {"actual_transport": "polling", "context_id": "driver:19", "desired_transport": "socket", "source": "core.realtime.manager"}
 INFO  [perf-kpi] perf.realtime.notify {"duration_ms": 1, "listener_count": 3, "role": "driver", "screen": "/", "source": "perf.instrumentation", "timestamp_client": "2026-08-16T09:57:59.503Z"}
 INFO  [driver-telemetry] tracking.queue.flush_coalesced {"force_http_fallback": false, "queue_depth": 0, "source": "driver.tracking.queue"}
 INFO  [driver-telemetry] tracking.queue.flush {"backend_acked": 0, "dropped": 0, "flush_path": "http_fallback", "network_profile_active": "normal", "oldest_item_age_ms": null, "queue_depth": 0, "retried": 0, "sent": 0, "socket_emitted": 0, "source": "driver.tracking.queue", "tracking_queue_oldest_age_ms": null}
 INFO  [driver-telemetry] tracking.flush.transport {"backend_acked": 0, "sent": 0, "socket_emitted": 0, "source": "driver.tracking.queue", "transport": "http"}
 INFO  [driver-telemetry] driver.runtime.reconcile {"background_enabled": true, "background_permission": "undetermined", "context_id": "driver:19", "mission_id": null, "services_enabled": false, "source": "driver.tracking.reconcile", "tracking_mode": "off"}
 INFO  [driver-telemetry] tracking.session.readiness {"readiness": "REGISTERING", "reason": "session_conflict", "session_generation": null, "source": "driver.tracking.queue", "tracking_session_id": "trk_sess_1786874279425_meq61y07"}
 INFO  [driver-telemetry] tracking.session.readiness {"readiness": "REGISTERING", "reason": "register_start", "session_generation": null, "source": "driver.tracking.queue", "tracking_session_id": "trk_sess_1786874279425_meq61y07"}
 INFO  [driver-telemetry] driver.network.profile {"network_profile_active": "offline", "recommended_sync_interval_ms": 30000, "source": "core.api.client"}
 INFO  [driver-telemetry] driver.http.timeout {"endpoint": "/driver/me/tracking/sessions", "network_profile_active": "offline", "source": "core.api.client", "timeout_ms": 2500}
 INFO  [driver-telemetry] tracking.queue.flush {"backend_acked": 0, "dropped": 0, "flush_path": "http_fallback", "network_profile_active": "normal", "oldest_item_age_ms": null, "queue_depth": 0, "retried": 0, "sent": 0, "socket_emitted": 0, "source": "driver.tracking.queue", "tracking_queue_oldest_age_ms": null}
 INFO  [driver-telemetry] tracking.flush.transport {"backend_acked": 0, "sent": 0, "socket_emitted": 0, "source": "driver.tracking.queue", "transport": "http"}
 INFO  [driver-telemetry] tracking.background.stop_requested {"app_state_at_request": "active", "mission_id": null, "native_owner": null, "source": "driver.services.backgroundLocationTask", "start_in_flight": 0, "stop_attempt_id": "nlo_stop_1786874279516_1", "stop_in_flight": 1, "stop_reason": "ineligible_tracking_state", "stop_requested_at": 1786874279516, "task_name": "background-location-task"}
 INFO  [driver-telemetry] tracking.background.stop_success {"app_state_at_request": "active", "app_state_at_resolve": "active", "mission_id": null, "native_owner": null, "source": "driver.services.backgroundLocationTask", "start_in_flight": 0, "stop_attempt_id": "nlo_stop_1786874279516_1", "stop_in_flight": 1, "stop_reason": "ineligible_tracking_state", "stop_requested_at": 1786874279516, "task_name": "background-location-task"}
 INFO  [driver-telemetry] tracking.background.task.stopped {"reason": "ineligible_tracking_state", "source": "driver.services.backgroundLocationTask", "task_name": "background-location-task"}
 INFO  [FCM-GATE] requesting token {"source": "driver.notifications.bridge", "stage": "session_ready"}
 INFO  [driver-telemetry] driver.push.fcm.get_token_start {"platform": "android", "source": "driver.firebaseMessaging"}
 INFO  [FCM-GATE] getDriverFcmToken start {"platform": "android"}
 INFO  [perf-kpi] perf.js_long_task {"duration_ms": 335.25692700594664, "role": "driver", "screen": "/", "source": "perf.instrumentation", "timestamp_client": "2026-08-16T09:57:59.763Z"}
 INFO  [perf-kpi] perf.motion.animation {"duration_expected_ms": 150, "duration_ratio": 3.02, "duration_real_ms": 453, "kind": "data_reveal", "layer": "data", "screen": "driver.inbox", "source": "motion.data", "timestamp_client": "2026-08-16T09:57:59.773Z"}
 INFO  [perf-kpi] perf.page_load {"duration_ms": 474, "role": "driver", "screen": "driver.hub", "screen_tag": "/", "source": "driver.hub.data_ready", "timestamp_client": "2026-08-16T09:57:59.785Z"}
 INFO  [perf-kpi] perf.page_load {"duration_ms": 468, "role": "driver", "screen": "driver.missions", "screen_tag": "/", "source": "driver.missions.data_ready", "timestamp_client": "2026-08-16T09:57:59.787Z"}
 INFO  [driver-telemetry] driver.network.profile {"network_profile_active": "offline", "recommended_sync_interval_ms": 30000, "source": "core.api.client"}
 INFO  [driver-telemetry] driver.http.timeout {"endpoint": "/driver/me/bookings/eta", "network_profile_active": "offline", "source": "core.api.client", "timeout_ms": 2500}
 INFO  [driver-telemetry] driver.http.fail_fast_offline {"connected": false, "endpoint": "/driver/me/bookings/eta", "internet_reachable": false, "network_type": "fallback", "source": "core.api.client"}
 INFO  [driver-telemetry] tracking.background.task.registration_status {"bg_flag_enabled": true, "runtime": "dev_client_or_standalone", "source": "driver.services.backgroundLocationTask", "task_defined": true, "task_name": "background-location-task", "task_started": false}
 INFO  [FCM-GATE] getToken success {"tokenLength": 142}
 INFO  [driver-telemetry] driver.push.fcm.token {"source": "driver.firebaseMessaging", "token_present": true}
 INFO  [FCM-GATE] token received {"source": "driver.notifications.bridge", "stage": "session_ready", "tokenLength": 142}
 INFO  [driver-telemetry] driver_push.token_acquired {"provider": "fcm", "source": "driver.notifications.bridge", "stage": "session_ready", "token_length": 142}
 INFO  [FCM-GATE] posting token {"provider": "fcm", "source": "driver.notifications.bridge", "stage": "session_ready"}
 INFO  [driver-telemetry] driver.network.profile {"network_profile_active": "offline", "recommended_sync_interval_ms": 30000, "source": "core.api.client"}
 INFO  [driver-telemetry] driver.http.timeout {"endpoint": "/driver/me/telemetry/push", "network_profile_active": "offline", "source": "core.api.client", "timeout_ms": 2500}
 INFO  [driver-telemetry] tracking.context.lease.updated {"from_driver": undefined, "lease_state": "driver_active", "source": "driver.services.trackingContextLease"}
 INFO  [perf-kpi] perf.motion.animation {"duration_expected_ms": 150, "duration_ratio": 2.1933333333333334, "duration_real_ms": 329, "kind": "data_reveal", "layer": "data", "screen": "driver.inbox", "source": "motion.data", "timestamp_client": "2026-08-16T09:58:00.118Z"}
 INFO  [perf-kpi] perf.js_long_task {"duration_ms": 355.6529169976711, "role": "driver", "screen": "/", "source": "perf.instrumentation", "timestamp_client": "2026-08-16T09:58:00.119Z"}
 INFO  [perf-kpi] perf.motion.animation {"duration_expected_ms": 180, "duration_ratio": 1.8555555555555556, "duration_real_ms": 334, "kind": "indicator_slide", "layer": "inbox_indicator", "screen": "messages.inbox", "source": "motion.inbox_indicator", "timestamp_client": "2026-08-16T09:58:00.123Z"}
 INFO  [perf-kpi] perf.thread_runtime {"company_id": 3, "duration_ms": 0, "message_count": 0, "path": "hub_thread", "phase": "perf.thread.normalize_done", "row_count": 0, "source": "thread.messages.normalize", "thread_id": "team", "timestamp_client": "2026-08-16T09:58:00.130Z"}
 INFO  [FCM-GATE] register effect start {"enabled": true, "fcmEnabled": true, "source": "driver.notifications.bridge", "stage": "app_foreground"}
 INFO  [driver-telemetry] driver.foreground.resume.resync {"context_id": "driver:19", "foreground_resume_resync_total": 1, "source": "driver.sync_engine"}
 INFO  [driver-telemetry] driver.runtime.resume.start {"app_state": "active", "context_id": "driver:19", "resume_attempt_id": "driver:19:1786874280145:1", "source": "driver.runtime.resume"}
 INFO  [perf-kpi] perf.thread_runtime {"company_id": 3, "duration_ms": 0, "message_count": 0, "path": "hub_thread", "phase": "perf.thread.normalize_done", "row_count": 0, "source": "thread.messages.normalize", "thread_id": "dispatch", "timestamp_client": "2026-08-16T09:58:00.157Z"}
 INFO  [perf-kpi] perf.thread_runtime {"company_id": 3, "duration_ms": 0, "message_count": 0, "path": "hub_thread", "phase": "perf.thread.normalize_done", "row_count": 0, "source": "thread.messages.normalize", "thread_id": "support", "timestamp_client": "2026-08-16T09:58:00.161Z"}
 INFO  [driver-telemetry] tracking.fgs_stopped_during_mission {"constraint_reason": "fgs_not_running", "mission_id": 27, "source": "driver.background_tracking_health_monitor"}
 INFO  [driver-telemetry] tracking.health_monitor.constraint_changed {"constraint_reason": "fgs_not_running", "ok": false, "source": "driver.background_tracking_health_monitor"}
 INFO  [driver-telemetry] driver.network.profile {"network_profile_active": "offline", "recommended_sync_interval_ms": 30000, "source": "core.api.client"}
 INFO  [driver-telemetry] driver.http.timeout {"endpoint": "/driver/me/bookings/since", "network_profile_active": "offline", "source": "core.api.client", "timeout_ms": 2500}
 INFO  [driver-telemetry] driver.http.fail_fast_offline {"connected": false, "endpoint": "/driver/me/bookings/since", "internet_reachable": false, "network_type": "fallback", "source": "core.api.client"}
 INFO  [driver-telemetry] driver.runtime.reconcile.failure {"context_id": "driver:19", "reason": "reconcile_failed", "source": "driver.sync.orchestrator", "trigger": "reconnect"}
 INFO  [driver-telemetry] driver.network.profile {"network_profile_active": "offline", "recommended_sync_interval_ms": 30000, "source": "core.api.client"}
 INFO  [driver-telemetry] driver.http.timeout {"endpoint": "/driver/me/device-health", "network_profile_active": "offline", "source": "core.api.client", "timeout_ms": 2500}
 INFO  [driver-telemetry] driver.network.profile {"network_profile_active": "offline", "recommended_sync_interval_ms": 30000, "source": "core.api.client"}
 INFO  [driver-telemetry] driver.http.timeout {"endpoint": "/driver/save-push-token", "network_profile_active": "offline", "source": "core.api.client", "timeout_ms": 2500}
 INFO  [driver-telemetry] tracking.watch.started {"accuracy_tier": "high", "app_state": "background", "distance_m": 10, "mission_id": 27, "source": "driver.tracking.bridge"}
 INFO  [driver-telemetry] tracking.watch.started {"accuracy_tier": "high", "app_state": "active", "distance_m": 10, "mission_id": 27, "source": "driver.tracking.bridge"}
 INFO  [driver-telemetry] tracking.watch.started {"accuracy_tier": "high", "app_state": "active", "distance_m": 10, "mission_id": 27, "source": "driver.tracking.bridge"}
 INFO  [driver-telemetry] tracking.background.task.stopped {"reason": "tracking_bridge_stopped", "source": "driver.services.backgroundLocationTask", "task_name": "background-location-task"}
 INFO  [driver-telemetry] driver.network.profile {"network_profile_active": "offline", "recommended_sync_interval_ms": 30000, "source": "core.api.client"}
 INFO  [driver-telemetry] driver.http.timeout {"endpoint": "/driver/me/device-health", "network_profile_active": "offline", "source": "core.api.client", "timeout_ms": 2500}
 INFO  [driver-telemetry] driver.network.profile {"network_profile_active": "offline", "recommended_sync_interval_ms": 30000, "source": "core.api.client"}
 INFO  [driver-telemetry] driver.http.timeout {"endpoint": "/driver/me/device-health", "network_profile_active": "offline", "source": "core.api.client", "timeout_ms": 2500}
 INFO  [driver-telemetry] driver.runtime.reconcile {"background_enabled": true, "background_permission": "undetermined", "context_id": "driver:19", "mission_id": 27, "services_enabled": false, "source": "driver.tracking.reconcile", "tracking_mode": "mission_live"}
 INFO  [FCM-GATE] requesting token {"source": "driver.notifications.bridge", "stage": "app_foreground"}
 INFO  [driver-telemetry] driver.push.fcm.get_token_start {"platform": "android", "source": "driver.firebaseMessaging"}
 INFO  [FCM-GATE] getDriverFcmToken start {"platform": "android"}
 INFO  [driver-telemetry] tracking.session.readiness {"readiness": "READY", "reason": "register_ok", "session_generation": 905, "source": "driver.tracking.queue", "tracking_session_id": "trk_sess_1786874279425_meq61y07"}
 INFO  [driver-telemetry] tracking.session.reconciled {"previous_session_id": "trk_sess_1786874019174_dg2evsi6", "readiness": "READY", "rebound_count": 0, "released_socket_count": 0, "source": "driver.tracking.queue", "tracking_session_id": "trk_sess_1786874279425_meq61y07"}
 INFO  [driver-telemetry] tracking.queue.flush {"backend_acked": 0, "dropped": 0, "flush_path": "http_fallback", "network_profile_active": "normal", "oldest_item_age_ms": null, "queue_depth": 0, "retried": 0, "sent": 0, "socket_emitted": 0, "source": "driver.tracking.queue", "tracking_queue_oldest_age_ms": null}
 INFO  [driver-telemetry] tracking.flush.transport {"backend_acked": 0, "sent": 0, "socket_emitted": 0, "source": "driver.tracking.queue", "transport": "http"}
 INFO  [driver-telemetry] tracking.device_health.sent {"battery_optimized": false, "constraint_reason": null, "fgs_running": true, "kind": "tracking_health", "source": "driver.device_health", "trigger_reason": null}
 INFO  [driver-telemetry] push.token.registered {"provider": "fcm", "source": "driver.notifications.bridge"}
 INFO  [driver-telemetry] driver_push.register_success {"provider": "fcm", "source": "driver.notifications.bridge"}
 INFO  [driver-telemetry] driver.network.profile {"network_profile_active": "offline", "recommended_sync_interval_ms": 30000, "source": "core.api.client"}
 INFO  [driver-telemetry] driver.http.timeout {"endpoint": "/driver/me/telemetry/push", "network_profile_active": "offline", "source": "core.api.client", "timeout_ms": 2500}
 INFO  [driver-telemetry] tracking.device_health.sent {"battery_optimized": false, "constraint_reason": "fgs_not_running", "fgs_running": false, "kind": "tracking_health", "source": "driver.device_health", "trigger_reason": null}
 INFO  [driver-telemetry] tracking.device_health.sent {"battery_optimized": false, "constraint_reason": "fgs_not_running", "fgs_running": false, "kind": "tracking_health", "source": "driver.device_health", "trigger_reason": "health_monitor:fgs_not_running"}
 INFO  [driver-telemetry] auth.refresh.endpoint_used {"endpoint": "refresh-token", "source": "core.api.client"}
 INFO  [driver-telemetry] tracking.device_health.sent {"battery_optimized": false, "constraint_reason": "fgs_not_running", "fgs_running": false, "kind": "tracking_health", "source": "driver.device_health", "trigger_reason": "health_monitor:fgs_not_running"}
 INFO  [perf-kpi] perf.page_load {"duration_ms": 1410, "role": "driver", "screen": "driver.inbox", "screen_tag": "/", "source": "driver.messages.inbox.data_ready", "timestamp_client": "2026-08-16T09:58:00.734Z"}
 INFO  [perf-kpi] perf.js_long_task {"duration_ms": 646.5984890013933, "role": "driver", "screen": "/", "source": "perf.instrumentation", "timestamp_client": "2026-08-16T09:58:00.765Z"}
 INFO  [FCM-GATE] getToken success {"tokenLength": 142}
 INFO  [driver-telemetry] driver.push.fcm.token {"source": "driver.firebaseMessaging", "token_present": true}
 INFO  [FCM-GATE] token received {"source": "driver.notifications.bridge", "stage": "app_foreground", "tokenLength": 142}
 INFO  [driver-telemetry] driver_push.token_acquired {"provider": "fcm", "source": "driver.notifications.bridge", "stage": "app_foreground", "token_length": 142}
 INFO  [FCM-GATE] posting token {"provider": "fcm", "source": "driver.notifications.bridge", "stage": "app_foreground"}
 INFO  [driver-telemetry] driver.network.profile {"network_profile_active": "offline", "recommended_sync_interval_ms": 30000, "source": "core.api.client"}
 INFO  [driver-telemetry] driver.http.timeout {"endpoint": "/driver/me/telemetry/push", "network_profile_active": "offline", "source": "core.api.client", "timeout_ms": 2500}
 INFO  [driver-telemetry] driver.network.profile {"network_profile_active": "offline", "recommended_sync_interval_ms": 30000, "source": "core.api.client"}
 INFO  [driver-telemetry] driver.http.timeout {"endpoint": "/driver/me/bookings/since", "network_profile_active": "offline", "source": "core.api.client", "timeout_ms": 2500}
 INFO  [driver-telemetry] driver.http.fail_fast_offline {"connected": false, "endpoint": "/driver/me/bookings/since", "internet_reachable": false, "network_type": "fallback", "source": "core.api.client"}
 INFO  [driver-telemetry] driver.runtime.reconcile.failure {"context_id": "driver:19", "reason": "reconcile_failed", "source": "driver.sync.orchestrator", "trigger": "foreground"}
 INFO  [FCM-GATE] register effect start {"enabled": true, "fcmEnabled": true, "source": "driver.notifications.bridge", "stage": "app_foreground"}
 INFO  [driver-telemetry] driver.foreground.resume.resync.coalesced {"context_id": "driver:19", "foreground_resume_resync_coalesced_total": 1, "source": "driver.sync_engine"}
 INFO  [perf-kpi] perf.js_long_task {"duration_ms": 182.56406199932098, "role": "driver", "screen": "/", "source": "perf.instrumentation", "timestamp_client": "2026-08-16T09:58:00.948Z"}
 INFO  [perf-kpi] perf.thread_runtime {"company_id": 3, "duration_ms": 1, "message_count": 1, "path": "hub_thread", "phase": "perf.thread.normalize_done", "row_count": 1, "source": "thread.messages.normalize", "thread_id": "mission:25", "timestamp_client": "2026-08-16T09:58:00.953Z"}
 INFO  [perf-kpi] perf.realtime.notify {"duration_ms": 1, "listener_count": 3, "role": "driver", "screen": "/", "source": "perf.instrumentation", "timestamp_client": "2026-08-16T09:58:00.956Z"}
 INFO  [driver-telemetry] realtime.transport.state {"actual_transport": "polling", "connected": true, "mode": "socket", "source": "core.realtime.manager", "transport_authority": "polling"}
 INFO  [perf-kpi] perf.realtime.notify {"duration_ms": 0, "listener_count": 3, "role": "driver", "screen": "/", "source": "perf.instrumentation", "timestamp_client": "2026-08-16T09:58:00.959Z"}
 LOG  [DriverSocket] {"contextId": "driver:19", "hasToken": true, "path": "/socket.io", "socketUrl": "http://127.0.0.1:15100", "surface": "driver", "transports": ["websocket", "polling"], "urlEnvSource": "EXPO_PUBLIC_DRIVER_SOCKET_URL"}
 INFO  [perf-kpi] perf.thread_runtime {"company_id": 3, "duration_ms": 0, "message_count": 0, "path": "hub_thread", "phase": "perf.thread.normalize_done", "row_count": 0, "source": "thread.messages.normalize", "thread_id": "direct:21", "timestamp_client": "2026-08-16T09:58:00.966Z"}
 INFO  [driver-telemetry] driver.network.profile {"network_profile_active": "offline", "recommended_sync_interval_ms": 30000, "source": "core.api.client"}
 INFO  [driver-telemetry] driver.http.timeout {"endpoint": "/driver/me/bookings/eta", "network_profile_active": "offline", "source": "core.api.client", "timeout_ms": 2500}
 INFO  [driver-telemetry] driver.http.fail_fast_offline {"connected": false, "endpoint": "/driver/me/bookings/eta", "internet_reachable": false, "network_type": "fallback", "source": "core.api.client"}
 INFO  [driver-telemetry] driver.network.profile {"network_profile_active": "offline", "recommended_sync_interval_ms": 30000, "source": "core.api.client"}
 INFO  [driver-telemetry] driver.http.timeout {"endpoint": "/driver/me/bookings/since", "network_profile_active": "offline", "source": "core.api.client", "timeout_ms": 2500}
 INFO  [driver-telemetry] driver.http.fail_fast_offline {"connected": false, "endpoint": "/driver/me/bookings/since", "internet_reachable": false, "network_type": "fallback", "source": "core.api.client"}
 INFO  [driver-telemetry] driver.runtime.resume.failure {"context_id": "driver:19", "reason": "resume_failed", "resume_attempt_id": "driver:19:1786874280145:1", "retry_count": 1, "source": "driver.runtime.resume", "will_retry": true}
 INFO  [driver-telemetry] tracking.device_health.send_skipped {"age_ms": 761, "reason": "throttled", "source": "driver.device_health", "trigger_reason": null}
 INFO  [driver-telemetry] driver.network.profile {"network_profile_active": "offline", "recommended_sync_interval_ms": 30000, "source": "core.api.client"}
 INFO  [driver-telemetry] driver.http.timeout {"endpoint": "/driver/save-push-token", "network_profile_active": "offline", "source": "core.api.client", "timeout_ms": 2500}
 INFO  [perf-kpi] perf.runtime.socket_reconnect_failed_total {"context_id": "driver:19", "source": "perf.runtime_stability", "timestamp_client": "2026-08-16T09:58:01.070Z", "total": 3}
 INFO  [driver-telemetry] realtime.transport.state {"actual_transport": "polling", "connected": false, "mode": "polling", "source": "core.realtime.manager", "transport_authority": "degraded"}
 INFO  [perf-kpi] perf.realtime.notify {"duration_ms": 0, "listener_count": 3, "role": "driver", "screen": "/", "source": "perf.instrumentation", "timestamp_client": "2026-08-16T09:58:01.072Z"}
 INFO  [driver-telemetry] realtime.socket.disconnect {"context_id": "driver:19", "reason": "websocket error", "source": "core.realtime.manager"}
 INFO  [driver-telemetry] realtime.transport.mismatch {"actual_transport": "polling", "context_id": "driver:19", "desired_transport": "socket", "source": "core.realtime.manager"}
 INFO  [perf-kpi] perf.realtime.notify {"duration_ms": 1, "listener_count": 3, "role": "driver", "screen": "/", "source": "perf.instrumentation", "timestamp_client": "2026-08-16T09:58:01.086Z"}
 INFO  [driver-telemetry] tracking.device_health.send_skipped {"age_ms": 830, "reason": "throttled", "source": "driver.device_health", "trigger_reason": "health_monitor:fgs_not_running"}
 INFO  [FCM-GATE] register effect start {"enabled": true, "fcmEnabled": true, "source": "driver.notifications.bridge", "stage": "app_foreground"}
 INFO  [driver-telemetry] driver.foreground.resume.resync.coalesced {"context_id": "driver:19", "foreground_resume_resync_coalesced_total": 1, "source": "driver.sync_engine"}
 INFO  [driver-telemetry] tracking.send.skipped {"app_state": "background", "mission_id": 27, "reason": "no_position_fix", "source": "driver.tracking.bridge"}
 INFO  [driver-telemetry] tracking.device_health.send_skipped {"age_ms": 1058, "reason": "throttled", "source": "driver.device_health", "trigger_reason": null}
 INFO  [driver-telemetry] push.token.registered {"provider": "fcm", "source": "driver.notifications.bridge"}
 INFO  [driver-telemetry] driver_push.register_success {"provider": "fcm", "source": "driver.notifications.bridge"}
 INFO  [driver-telemetry] driver.network.profile {"network_profile_active": "offline", "recommended_sync_interval_ms": 30000, "source": "core.api.client"}
 INFO  [driver-telemetry] driver.http.timeout {"endpoint": "/driver/me/telemetry/push", "network_profile_active": "offline", "source": "core.api.client", "timeout_ms": 2500}
 INFO  [perf-kpi] perf.js_long_task {"duration_ms": 388.44166699796915, "role": "driver", "screen": "/", "source": "perf.instrumentation", "timestamp_client": "2026-08-16T09:58:01.336Z"}
 INFO  [driver-telemetry] tracking.watch.started {"accuracy_tier": "high", "app_state": "active", "distance_m": 10, "mission_id": 27, "source": "driver.tracking.bridge"}
 INFO  [driver-telemetry] tracking.watch.started {"accuracy_tier": "high", "app_state": "background", "distance_m": 10, "mission_id": 27, "source": "driver.tracking.bridge"}
 INFO  [driver-telemetry] tracking.watch.started {"accuracy_tier": "high", "app_state": "active", "distance_m": 10, "mission_id": 27, "source": "driver.tracking.bridge"}
 INFO  [driver-telemetry] tracking.watch.started {"accuracy_tier": "high", "app_state": "background", "distance_m": 10, "mission_id": 27, "source": "driver.tracking.bridge"}
 INFO  [driver-telemetry] tracking.device_health.send_skipped {"age_ms": 1101, "reason": "throttled", "source": "driver.device_health", "trigger_reason": "health_monitor:fgs_not_running"}
 INFO  [driver-telemetry] tracking.background.start_deferred {"app_state": "background", "mission_id": 27, "reason": "ensure_manager_state", "source": "driver.services.backgroundLocationTask", "task_defined": true, "task_started": false}
 INFO  [FCM-GATE] requesting token {"source": "driver.notifications.bridge", "stage": "app_foreground"}
 INFO  [driver-telemetry] driver.push.fcm.get_token_start {"platform": "android", "source": "driver.firebaseMessaging"}
 INFO  [FCM-GATE] getDriverFcmToken start {"platform": "android"}
 INFO  [FCM-GATE] getToken success {"tokenLength": 142}
 INFO  [driver-telemetry] driver.push.fcm.token {"source": "driver.firebaseMessaging", "token_present": true}
 INFO  [FCM-GATE] token received {"source": "driver.notifications.bridge", "stage": "app_foreground", "tokenLength": 142}
 INFO  [driver-telemetry] driver_push.token_acquired {"provider": "fcm", "source": "driver.notifications.bridge", "stage": "app_foreground", "token_length": 142}
 INFO  [FCM-GATE] posting token {"provider": "fcm", "source": "driver.notifications.bridge", "stage": "app_foreground"}
 INFO  [driver-telemetry] driver.network.profile {"network_profile_active": "offline", "recommended_sync_interval_ms": 30000, "source": "core.api.client"}
 INFO  [driver-telemetry] driver.http.timeout {"endpoint": "/driver/me/telemetry/push", "network_profile_active": "offline", "source": "core.api.client", "timeout_ms": 2500}
 INFO  [driver-telemetry] tracking.background.start_deferred {"app_state": "background", "mission_id": 27, "reason": "app_resume", "source": "driver.services.backgroundLocationTask", "task_defined": true, "task_started": false}
 INFO  [FCM-GATE] register effect start {"enabled": true, "fcmEnabled": true, "source": "driver.notifications.bridge", "stage": "app_foreground"}
 INFO  [driver-telemetry] driver.foreground.resume.resync.coalesced {"context_id": "driver:19", "foreground_resume_resync_coalesced_total": 1, "source": "driver.sync_engine"}
 INFO  [FCM-GATE] requesting token {"source": "driver.notifications.bridge", "stage": "app_foreground"}
 INFO  [driver-telemetry] driver.push.fcm.get_token_start {"platform": "android", "source": "driver.firebaseMessaging"}
 INFO  [FCM-GATE] getDriverFcmToken start {"platform": "android"}
 INFO  [perf-kpi] perf.js_long_task {"duration_ms": 211.81718700379133, "role": "driver", "screen": "/", "source": "perf.instrumentation", "timestamp_client": "2026-08-16T09:58:01.548Z"}
 INFO  [driver-telemetry] auth.refresh.endpoint_used {"endpoint": "refresh-token", "source": "core.api.client"}
 INFO  [driver-telemetry] tracking.device_health.send_skipped {"age_ms": 1313, "reason": "throttled", "source": "driver.device_health", "trigger_reason": null}
 INFO  [FCM-GATE] getToken success {"tokenLength": 142}
 INFO  [driver-telemetry] driver.push.fcm.token {"source": "driver.firebaseMessaging", "token_present": true}
 INFO  [FCM-GATE] token received {"source": "driver.notifications.bridge", "stage": "app_foreground", "tokenLength": 142}
 INFO  [driver-telemetry] driver_push.token_acquired {"provider": "fcm", "source": "driver.notifications.bridge", "stage": "app_foreground", "token_length": 142}
 INFO  [FCM-GATE] posting token {"provider": "fcm", "source": "driver.notifications.bridge", "stage": "app_foreground"}
 INFO  [driver-telemetry] driver.network.profile {"network_profile_active": "offline", "recommended_sync_interval_ms": 30000, "source": "core.api.client"}
 INFO  [driver-telemetry] driver.http.timeout {"endpoint": "/driver/me/telemetry/push", "network_profile_active": "offline", "source": "core.api.client", "timeout_ms": 2500}
 INFO  [driver-telemetry] tracking.auth.presence.ensure_headless {"kind": "AUTH_TEMPORARILY_UNAVAILABLE", "path": "memory_temp"}
 WARN  MapViewDirections Error: Error on GMAPS route request: This IP, site or mobile application is not authorized to use this API key. Request received from IP address 194.230.196.30, with empty referer
 INFO  [driver-telemetry] driver.network.profile {"network_profile_active": "offline", "recommended_sync_interval_ms": 30000, "source": "core.api.client"}
 INFO  [driver-telemetry] driver.http.timeout {"endpoint": "/driver/save-push-token", "network_profile_active": "offline", "source": "core.api.client", "timeout_ms": 2500}
 INFO  [driver-telemetry] tracking.device_health.send_skipped {"age_ms": 1388, "reason": "throttled", "source": "driver.device_health", "trigger_reason": "health_monitor:fgs_not_running"}
 INFO  [driver-telemetry] driver.network.profile {"network_profile_active": "offline", "recommended_sync_interval_ms": 30000, "source": "core.api.client"}
 INFO  [driver-telemetry] driver.http.timeout {"endpoint": "/driver/save-push-token", "network_profile_active": "offline", "source": "core.api.client", "timeout_ms": 2500}
 INFO  [driver-telemetry] tracking.background.start_requested {"app_state": "active", "bg_permission": "granted", "fg_permission": "granted", "mission_id": 27, "reason": "mission_started", "source": "driver.services.backgroundLocationTask", "task_defined": true, "task_mode": "mission", "task_started": false}
 INFO  [driver-telemetry] push.token.registered {"provider": "fcm", "source": "driver.notifications.bridge"}
 INFO  [driver-telemetry] driver_push.register_success {"provider": "fcm", "source": "driver.notifications.bridge"}
 INFO  [driver-telemetry] driver.network.profile {"network_profile_active": "offline", "recommended_sync_interval_ms": 30000, "source": "core.api.client"}
 INFO  [driver-telemetry] driver.http.timeout {"endpoint": "/driver/me/telemetry/push", "network_profile_active": "offline", "source": "core.api.client", "timeout_ms": 2500}
 INFO  [driver-telemetry] push.token.registered {"provider": "fcm", "source": "driver.notifications.bridge"}
 INFO  [driver-telemetry] driver_push.register_success {"provider": "fcm", "source": "driver.notifications.bridge"}
 INFO  [driver-telemetry] driver.network.profile {"network_profile_active": "offline", "recommended_sync_interval_ms": 30000, "source": "core.api.client"}
 INFO  [driver-telemetry] driver.http.timeout {"endpoint": "/driver/me/telemetry/push", "network_profile_active": "offline", "source": "core.api.client", "timeout_ms": 2500}
 INFO  [FCM-GATE] requesting token {"source": "driver.notifications.bridge", "stage": "app_foreground"}
 INFO  [driver-telemetry] driver.push.fcm.get_token_start {"platform": "android", "source": "driver.firebaseMessaging"}
 INFO  [FCM-GATE] getDriverFcmToken start {"platform": "android"}
 INFO  [FCM-GATE] getToken success {"tokenLength": 142}
 INFO  [driver-telemetry] driver.push.fcm.token {"source": "driver.firebaseMessaging", "token_present": true}
 INFO  [FCM-GATE] token received {"source": "driver.notifications.bridge", "stage": "app_foreground", "tokenLength": 142}
 INFO  [driver-telemetry] driver_push.token_acquired {"provider": "fcm", "source": "driver.notifications.bridge", "stage": "app_foreground", "token_length": 142}
 INFO  [FCM-GATE] posting token {"provider": "fcm", "source": "driver.notifications.bridge", "stage": "app_foreground"}
 INFO  [driver-telemetry] driver.network.profile {"network_profile_active": "offline", "recommended_sync_interval_ms": 30000, "source": "core.api.client"}
 INFO  [driver-telemetry] driver.http.timeout {"endpoint": "/driver/me/telemetry/push", "network_profile_active": "offline", "source": "core.api.client", "timeout_ms": 2500}
 INFO  [driver-telemetry] tracking.background.start_success {"app_state": "active", "mission_id": 27, "reason": "mission_started", "source": "driver.services.backgroundLocationTask", "task_defined": true, "task_mode": "mission", "task_started": true}
 INFO  [driver-telemetry] tracking.background.task.started {"battery_degrades_gps": false, "battery_level": 0.8799999952316284, "distance_m": 0, "interval_ms": 20000, "low_battery_mode": false, "mission_id": 27, "source": "driver.services.backgroundLocationTask", "task_mode": "mission", "task_name": "background-location-task"}
 INFO  [driver-telemetry] driver.network.profile {"network_profile_active": "offline", "recommended_sync_interval_ms": 30000, "source": "core.api.client"}
 INFO  [driver-telemetry] driver.http.timeout {"endpoint": "/driver/save-push-token", "network_profile_active": "offline", "source": "core.api.client", "timeout_ms": 2500}
 INFO  [perf-kpi] perf.realtime.notify {"duration_ms": 1, "listener_count": 3, "role": "driver", "screen": "/", "source": "perf.instrumentation", "timestamp_client": "2026-08-16T09:58:01.793Z"}
 INFO  [driver-telemetry] realtime.transport.state {"actual_transport": "polling", "connected": true, "mode": "socket", "source": "core.realtime.manager", "transport_authority": "polling"}
 INFO  [perf-kpi] perf.realtime.notify {"duration_ms": 0, "listener_count": 3, "role": "driver", "screen": "/", "source": "perf.instrumentation", "timestamp_client": "2026-08-16T09:58:01.795Z"}
 LOG  [DriverSocket] {"contextId": "driver:19", "hasToken": true, "path": "/socket.io", "socketUrl": "http://127.0.0.1:15100", "surface": "driver", "transports": ["websocket", "polling"], "urlEnvSource": "EXPO_PUBLIC_DRIVER_SOCKET_URL"}
 INFO  [driver-telemetry] driver.network.profile {"network_profile_active": "offline", "recommended_sync_interval_ms": 30000, "source": "core.api.client"}
 INFO  [driver-telemetry] driver.http.timeout {"endpoint": "/driver/me/bookings/since", "network_profile_active": "offline", "source": "core.api.client", "timeout_ms": 2500}
 INFO  [driver-telemetry] driver.http.fail_fast_offline {"connected": false, "endpoint": "/driver/me/bookings/since", "internet_reachable": false, "network_type": "fallback", "source": "core.api.client"}
 INFO  [driver-telemetry] driver.runtime.resume.failure {"context_id": "driver:19", "reason": "resume_failed", "resume_attempt_id": "driver:19:1786874280145:1", "retry_count": 2, "source": "driver.runtime.resume", "will_retry": false}
 INFO  [perf-kpi] perf.runtime.socket_reconnect_failed_total {"context_id": "driver:19", "source": "perf.runtime_stability", "timestamp_client": "2026-08-16T09:58:01.879Z", "total": 4}
 INFO  [driver-telemetry] realtime.transport.state {"actual_transport": "polling", "connected": false, "mode": "polling", "source": "core.realtime.manager", "transport_authority": "degraded"}
 INFO  [perf-kpi] perf.realtime.notify {"duration_ms": 2, "listener_count": 3, "role": "driver", "screen": "/", "source": "perf.instrumentation", "timestamp_client": "2026-08-16T09:58:01.886Z"}
 INFO  [driver-telemetry] realtime.socket.disconnect {"context_id": "driver:19", "reason": "websocket error", "source": "core.realtime.manager"}
 INFO  [driver-telemetry] realtime.transport.mismatch {"actual_transport": "polling", "context_id": "driver:19", "desired_transport": "socket", "source": "core.realtime.manager"}
 INFO  [perf-kpi] perf.realtime.notify {"duration_ms": 1, "listener_count": 3, "role": "driver", "screen": "/", "source": "perf.instrumentation", "timestamp_client": "2026-08-16T09:58:01.895Z"}
 INFO  [driver-telemetry] push.token.registered {"provider": "fcm", "source": "driver.notifications.bridge"}
 INFO  [driver-telemetry] driver_push.register_success {"provider": "fcm", "source": "driver.notifications.bridge"}
 INFO  [driver-telemetry] driver.network.profile {"network_profile_active": "offline", "recommended_sync_interval_ms": 30000, "source": "core.api.client"}
 INFO  [driver-telemetry] driver.http.timeout {"endpoint": "/driver/me/telemetry/push", "network_profile_active": "offline", "source": "core.api.client", "timeout_ms": 2500}
 INFO  [driver-telemetry] auth.refresh.endpoint_used {"endpoint": "refresh-token", "source": "core.api.client"}
 INFO  [driver-telemetry] tracking.auth.presence.ensure_headless {"kind": "AUTH_TEMPORARILY_UNAVAILABLE", "path": "memory_temp"}
 INFO  [driver-telemetry] tracking.queue.enqueued {"app_state": "active", "location_mode": "mission_live", "mission_id": 27, "oldest_item_age_ms": 79, "queue_depth": 1, "sequence_id": 1, "source": "driver.tracking.queue", "tracking_session_id": "trk_sess_1786874279425_meq61y07"}
 INFO  [driver-telemetry] driver.network.profile {"network_profile_active": "offline", "recommended_sync_interval_ms": 30000, "source": "core.api.client"}
 INFO  [driver-telemetry] driver.http.timeout {"endpoint": "/driver/me/location", "network_profile_active": "offline", "source": "core.api.client", "timeout_ms": 28000}
 INFO  [driver-telemetry] tracking.background.task_invoked {"locations_count": 1, "mission_id": 27, "source": "driver.services.backgroundLocationTask", "task_mode": "mission", "task_name": "background-location-task", "timestamp": 1786874282127}
 INFO  [driver-telemetry] tracking.queue.enqueued {"app_state": "background", "location_mode": "mission_live", "mission_id": 27, "oldest_item_age_ms": 110, "queue_depth": 2, "sequence_id": 2, "source": "driver.tracking.queue", "tracking_session_id": "trk_sess_1786874279425_meq61y07"}
 INFO  [driver-telemetry] tracking.queue.flush_coalesced {"force_http_fallback": true, "queue_depth": 2, "source": "driver.tracking.queue"}
 INFO  [driver-telemetry] tracking.queue.flush_coalesced {"force_http_fallback": true, "queue_depth": 2, "source": "driver.tracking.queue"}
 INFO  [driver-telemetry] tracking.background.task.flush {"backend_acked": 0, "dropped": 0, "mission_id": 27, "network_profile_active": "poor", "queue_depth": 2, "sent": 0, "socket_emitted": 0, "source": "driver.services.backgroundLocationTask", "task_mode": "mission", "task_name": "background-location-task"}
 WARN  MapViewDirections Error: Error on GMAPS route request: This IP, site or mobile application is not authorized to use this API key. Request received from IP address 194.230.196.30, with empty referer
 INFO  [driver-telemetry] auth.refresh.endpoint_used {"endpoint": "refresh-token", "source": "core.api.client"}
 LOG  [DriverSocket] {"contextId": "driver:19", "hasToken": true, "path": "/socket.io", "socketUrl": "http://127.0.0.1:15100", "surface": "driver", "transports": ["websocket", "polling"], "urlEnvSource": "EXPO_PUBLIC_DRIVER_SOCKET_URL"}
 INFO  [perf-kpi] perf.runtime.socket_reconnect_failed_total {"context_id": "driver:19", "source": "perf.runtime_stability", "timestamp_client": "2026-08-16T09:58:03.968Z", "total": 5}
 INFO  [perf-kpi] perf.realtime.notify {"duration_ms": 0, "listener_count": 3, "role": "driver", "screen": "/", "source": "perf.instrumentation", "timestamp_client": "2026-08-16T09:58:03.970Z"}
 INFO  [driver-telemetry] realtime.socket.disconnect {"context_id": "driver:19", "reason": "websocket error", "source": "core.realtime.manager"}
 INFO  [driver-telemetry] realtime.transport.mismatch {"actual_transport": "polling", "context_id": "driver:19", "desired_transport": "socket", "source": "core.realtime.manager"}
 INFO  [perf-kpi] perf.realtime.notify {"duration_ms": 0, "listener_count": 3, "role": "driver", "screen": "/", "source": "perf.instrumentation", "timestamp_client": "2026-08-16T09:58:03.973Z"}
 INFO  [driver-telemetry] auth.refresh.endpoint_used {"endpoint": "refresh-token", "source": "core.api.client"}
 INFO  [driver-telemetry] tracking.ingest.ack {"accept_reason": "", "ack_status": "persisted", "durability": "persisted_sync", "flush_path": "http_fallback", "mission_id": 27, "queue_item_id": "trk_1786874282030_ctk6n7s5", "source": "driver.tracking.queue", "trace_id": "mob_msvmt85o_6wzhjxar"}
 INFO  [driver-telemetry] driver.network.profile {"network_profile_active": "offline", "recommended_sync_interval_ms": 30000, "source": "core.api.client"}
 INFO  [driver-telemetry] driver.http.timeout {"endpoint": "/driver/me/location", "network_profile_active": "offline", "source": "core.api.client", "timeout_ms": 28000}
 INFO  [driver-telemetry] auth.refresh.endpoint_used {"endpoint": "refresh-token", "source": "core.api.client"}
 LOG  [DriverSocket] {"contextId": "driver:19", "hasToken": true, "path": "/socket.io", "socketUrl": "http://127.0.0.1:15100", "surface": "driver", "transports": ["websocket", "polling"], "urlEnvSource": "EXPO_PUBLIC_DRIVER_SOCKET_URL"}
 INFO  [perf-kpi] perf.runtime.socket_reconnect_failed_total {"context_id": "driver:19", "source": "perf.runtime_stability", "timestamp_client": "2026-08-16T09:58:07.814Z", "total": 6}
 INFO  [perf-kpi] perf.realtime.notify {"duration_ms": 1, "listener_count": 3, "role": "driver", "screen": "/", "source": "perf.instrumentation", "timestamp_client": "2026-08-16T09:58:07.816Z"}
 INFO  [driver-telemetry] realtime.socket.disconnect {"context_id": "driver:19", "reason": "websocket error", "source": "core.realtime.manager"}
 INFO  [driver-telemetry] realtime.transport.mismatch {"actual_transport": "polling", "context_id": "driver:19", "desired_transport": "socket", "source": "core.realtime.manager"}
 INFO  [perf-kpi] perf.realtime.notify {"duration_ms": 0, "listener_count": 3, "role": "driver", "screen": "/", "source": "perf.instrumentation", "timestamp_client": "2026-08-16T09:58:07.818Z"}
 INFO  [driver-telemetry] auth.refresh.endpoint_used {"endpoint": "refresh-token", "source": "core.api.client"}
 INFO  [FCM-GATE] register effect start {"enabled": true, "fcmEnabled": true, "source": "driver.notifications.bridge", "stage": "app_foreground"}
 INFO  [driver-telemetry] driver.foreground.resume.resync {"context_id": "driver:19", "foreground_resume_resync_total": 1, "source": "driver.sync_engine"}
 INFO  [driver-telemetry] driver.runtime.resume.start {"app_state": "active", "context_id": "driver:19", "resume_attempt_id": "driver:19:1786874289676:2", "source": "driver.runtime.resume"}
 INFO  [driver-telemetry] driver.network.profile {"network_profile_active": "offline", "recommended_sync_interval_ms": 30000, "source": "core.api.client"}
 INFO  [driver-telemetry] driver.http.timeout {"endpoint": "/driver/me/device-health", "network_profile_active": "offline", "source": "core.api.client", "timeout_ms": 2500}
 INFO  [perf-kpi] perf.js_long_task {"duration_ms": 103.71697899699211, "role": "driver", "screen": "/", "source": "perf.instrumentation", "timestamp_client": "2026-08-16T09:58:09.683Z"}
 INFO  [driver-telemetry] tracking.health_monitor.constraint_changed {"constraint_reason": null, "ok": true, "source": "driver.background_tracking_health_monitor"}
 INFO  [driver-telemetry] tracking.queue.enqueued {"app_state": "active", "location_mode": "mission_live", "mission_id": 27, "oldest_item_age_ms": 7722, "queue_depth": 3, "sequence_id": 3, "source": "driver.tracking.queue", "tracking_session_id": "trk_sess_1786874279425_meq61y07"}
 INFO  [driver-telemetry] tracking.queue.flush_coalesced {"force_http_fallback": true, "queue_depth": 3, "source": "driver.tracking.queue"}
 INFO  [driver-telemetry] tracking.bridge.health {"backend_ack_latency_ms": null, "mission_id": 27, "network_profile_active": "normal", "oldest_item_age_ms": 7723, "queue_depth": 3, "socket_emit_without_backend_ack_total": 0, "source": "driver.tracking.bridge", "tracking_flush_batch_size": 0}
 INFO  [driver-telemetry] driver.network.profile {"network_profile_active": "offline", "recommended_sync_interval_ms": 30000, "source": "core.api.client"}
 INFO  [driver-telemetry] driver.http.timeout {"endpoint": "/driver/me/device-health", "network_profile_active": "offline", "source": "core.api.client", "timeout_ms": 2500}
 INFO  [driver-telemetry] tracking.device_health.sent {"battery_optimized": false, "constraint_reason": null, "fgs_running": true, "kind": "tracking_health", "source": "driver.device_health", "trigger_reason": null}
 INFO  [driver-telemetry] tracking.device_health.sent {"battery_optimized": false, "constraint_reason": null, "fgs_running": true, "kind": "tracking_health", "source": "driver.device_health", "trigger_reason": "health_monitor_ok"}
 INFO  [driver-telemetry] realtime.degraded.entered {"degraded_hysteresis_ms": 8000, "source": "core.realtime.manager"}
 INFO  [perf-kpi] perf.realtime.notify {"duration_ms": 1, "listener_count": 3, "role": "driver", "screen": "/", "source": "perf.instrumentation", "timestamp_client": "2026-08-16T09:58:09.860Z"}
 INFO  [FCM-GATE] requesting token {"source": "driver.notifications.bridge", "stage": "app_foreground"}
 INFO  [driver-telemetry] driver.push.fcm.get_token_start {"platform": "android", "source": "driver.firebaseMessaging"}
 INFO  [FCM-GATE] getDriverFcmToken start {"platform": "android"}
 INFO  [FCM-GATE] getToken success {"tokenLength": 142}
 INFO  [driver-telemetry] driver.push.fcm.token {"source": "driver.firebaseMessaging", "token_present": true}
 INFO  [FCM-GATE] token received {"source": "driver.notifications.bridge", "stage": "app_foreground", "tokenLength": 142}
 INFO  [driver-telemetry] driver_push.token_acquired {"provider": "fcm", "source": "driver.notifications.bridge", "stage": "app_foreground", "token_length": 142}
 INFO  [FCM-GATE] posting token {"provider": "fcm", "source": "driver.notifications.bridge", "stage": "app_foreground"}
 INFO  [driver-telemetry] driver.network.profile {"network_profile_active": "offline", "recommended_sync_interval_ms": 30000, "source": "core.api.client"}
 INFO  [driver-telemetry] driver.http.timeout {"endpoint": "/driver/me/telemetry/push", "network_profile_active": "offline", "source": "core.api.client", "timeout_ms": 2500}
 INFO  [driver-telemetry] driver.network.profile {"network_profile_active": "offline", "recommended_sync_interval_ms": 30000, "source": "core.api.client"}
 INFO  [driver-telemetry] driver.http.timeout {"endpoint": "/driver/save-push-token", "network_profile_active": "offline", "source": "core.api.client", "timeout_ms": 2500}
 INFO  [driver-telemetry] push.token.registered {"provider": "fcm", "source": "driver.notifications.bridge"}
 INFO  [driver-telemetry] driver_push.register_success {"provider": "fcm", "source": "driver.notifications.bridge"}
 INFO  [driver-telemetry] driver.network.profile {"network_profile_active": "offline", "recommended_sync_interval_ms": 30000, "source": "core.api.client"}
 INFO  [driver-telemetry] driver.http.timeout {"endpoint": "/driver/me/telemetry/push", "network_profile_active": "offline", "source": "core.api.client", "timeout_ms": 2500}
 INFO  [driver-telemetry] auth.refresh.endpoint_used {"endpoint": "refresh-token", "source": "core.api.client"}
 INFO  [driver-telemetry] driver.network.profile {"network_profile_active": "offline", "recommended_sync_interval_ms": 30000, "source": "core.api.client"}
 INFO  [driver-telemetry] driver.http.timeout {"endpoint": "/driver/me/bookings/since", "network_profile_active": "offline", "source": "core.api.client", "timeout_ms": 2500}
 INFO  [driver-telemetry] driver.http.fail_fast_offline {"connected": false, "endpoint": "/driver/me/bookings/since", "internet_reachable": false, "network_type": "fallback", "source": "core.api.client"}
 INFO  [driver-telemetry] driver.runtime.reconcile.failure {"context_id": "driver:19", "reason": "reconcile_failed", "source": "driver.sync.orchestrator", "trigger": "foreground"}
 INFO  [perf-kpi] perf.realtime.notify {"duration_ms": 0, "listener_count": 3, "role": "driver", "screen": "/", "source": "perf.instrumentation", "timestamp_client": "2026-08-16T09:58:10.051Z"}
 INFO  [driver-telemetry] realtime.transport.state {"actual_transport": "polling", "connected": true, "mode": "socket", "source": "core.realtime.manager", "transport_authority": "polling"}
 INFO  [perf-kpi] perf.realtime.notify {"duration_ms": 0, "listener_count": 3, "role": "driver", "screen": "/", "source": "perf.instrumentation", "timestamp_client": "2026-08-16T09:58:10.053Z"}
 LOG  [DriverSocket] {"contextId": "driver:19", "hasToken": true, "path": "/socket.io", "socketUrl": "http://127.0.0.1:15100", "surface": "driver", "transports": ["websocket", "polling"], "urlEnvSource": "EXPO_PUBLIC_DRIVER_SOCKET_URL"}
 INFO  [driver-telemetry] tracking.session.readiness {"readiness": "CREATING", "reason": "session_conflict", "session_generation": 905, "source": "driver.tracking.queue", "tracking_session_id": "trk_sess_1786874279425_meq61y07"}
 INFO  [driver-telemetry] tracking.session.readiness {"readiness": "REGISTERING", "reason": "session_conflict", "session_generation": null, "source": "driver.tracking.queue", "tracking_session_id": "trk_sess_1786874290056_kg9cgr0q"}
 INFO  [driver-telemetry] tracking.session.readiness {"readiness": "REGISTERING", "reason": "register_start", "session_generation": null, "source": "driver.tracking.queue", "tracking_session_id": "trk_sess_1786874290056_kg9cgr0q"}
 INFO  [driver-telemetry] driver.network.profile {"network_profile_active": "offline", "recommended_sync_interval_ms": 30000, "source": "core.api.client"}
 INFO  [driver-telemetry] driver.http.timeout {"endpoint": "/driver/me/tracking/sessions", "network_profile_active": "offline", "source": "core.api.client", "timeout_ms": 2500}
 INFO  [perf-kpi] perf.runtime.socket_reconnect_failed_total {"context_id": "driver:19", "source": "perf.runtime_stability", "timestamp_client": "2026-08-16T09:58:10.068Z", "total": 7}
 INFO  [driver-telemetry] realtime.transport.state {"actual_transport": "polling", "connected": false, "mode": "polling", "source": "core.realtime.manager", "transport_authority": "degraded"}
 INFO  [perf-kpi] perf.realtime.notify {"duration_ms": 0, "listener_count": 3, "role": "driver", "screen": "/", "source": "perf.instrumentation", "timestamp_client": "2026-08-16T09:58:10.069Z"}
 INFO  [driver-telemetry] realtime.socket.disconnect {"context_id": "driver:19", "reason": "websocket error", "source": "core.realtime.manager"}
 INFO  [driver-telemetry] realtime.transport.mismatch {"actual_transport": "polling", "context_id": "driver:19", "desired_transport": "socket", "source": "core.realtime.manager"}
 INFO  [perf-kpi] perf.realtime.notify {"duration_ms": 0, "listener_count": 3, "role": "driver", "screen": "/", "source": "perf.instrumentation", "timestamp_client": "2026-08-16T09:58:10.071Z"}
 INFO  [driver-telemetry] tracking.queue.flush_coalesced {"force_http_fallback": true, "queue_depth": 3, "source": "driver.tracking.queue"}
 INFO  [driver-telemetry] driver.network.profile {"network_profile_active": "offline", "recommended_sync_interval_ms": 30000, "source": "core.api.client"}
 INFO  [driver-telemetry] driver.http.timeout {"endpoint": "/driver/me/bookings/since", "network_profile_active": "offline", "source": "core.api.client", "timeout_ms": 2500}
 INFO  [driver-telemetry] driver.http.fail_fast_offline {"connected": false, "endpoint": "/driver/me/bookings/since", "internet_reachable": false, "network_type": "fallback", "source": "core.api.client"}
 INFO  [driver-telemetry] driver.runtime.resume.failure {"context_id": "driver:19", "reason": "resume_failed", "resume_attempt_id": "driver:19:1786874289676:2", "retry_count": 1, "source": "driver.runtime.resume", "will_retry": true}
 INFO  [driver-telemetry] tracking.session.readiness {"readiness": "READY", "reason": "register_ok", "session_generation": 906, "source": "driver.tracking.queue", "tracking_session_id": "trk_sess_1786874290056_kg9cgr0q"}
 INFO  [driver-telemetry] tracking.session.reconciled {"previous_session_id": "trk_sess_1786874279425_meq61y07", "readiness": "READY", "rebound_count": 0, "released_socket_count": 0, "source": "driver.tracking.queue", "tracking_session_id": "trk_sess_1786874290056_kg9cgr0q"}
 INFO  [driver-telemetry] tracking.queue.flush_coalesced {"force_http_fallback": true, "queue_depth": 3, "source": "driver.tracking.queue"}
 INFO  [driver-telemetry] auth.refresh.endpoint_used {"endpoint": "refresh-token", "source": "core.api.client"}
 INFO  [perf-kpi] perf.realtime.notify {"duration_ms": 0, "listener_count": 3, "role": "driver", "screen": "/", "source": "perf.instrumentation", "timestamp_client": "2026-08-16T09:58:10.234Z"}
 INFO  [driver-telemetry] realtime.transport.state {"actual_transport": "polling", "connected": true, "mode": "socket", "source": "core.realtime.manager", "transport_authority": "polling"}
 INFO  [perf-kpi] perf.realtime.notify {"duration_ms": 1, "listener_count": 3, "role": "driver", "screen": "/", "source": "perf.instrumentation", "timestamp_client": "2026-08-16T09:58:10.237Z"}
 LOG  [DriverSocket] {"contextId": "driver:19", "hasToken": true, "path": "/socket.io", "socketUrl": "http://127.0.0.1:15100", "surface": "driver", "transports": ["websocket", "polling"], "urlEnvSource": "EXPO_PUBLIC_DRIVER_SOCKET_URL"}
 INFO  [perf-kpi] perf.runtime.socket_reconnect_failed_total {"context_id": "driver:19", "source": "perf.runtime_stability", "timestamp_client": "2026-08-16T09:58:10.268Z", "total": 8}
 INFO  [driver-telemetry] realtime.transport.state {"actual_transport": "polling", "connected": false, "mode": "polling", "source": "core.realtime.manager", "transport_authority": "degraded"}
 INFO  [perf-kpi] perf.realtime.notify {"duration_ms": 0, "listener_count": 3, "role": "driver", "screen": "/", "source": "perf.instrumentation", "timestamp_client": "2026-08-16T09:58:10.269Z"}
 INFO  [driver-telemetry] realtime.socket.disconnect {"context_id": "driver:19", "reason": "websocket error", "source": "core.realtime.manager"}
 INFO  [driver-telemetry] realtime.transport.mismatch {"actual_transport": "polling", "context_id": "driver:19", "desired_transport": "socket", "source": "core.realtime.manager"}
 INFO  [driver-telemetry] realtime.reconnect.circuit_breaker_blocked {"context_id": "driver:19", "source": "core.realtime.manager"}
 INFO  [driver-telemetry] driver.network.profile {"network_profile_active": "offline", "recommended_sync_interval_ms": 30000, "source": "core.api.client"}
 INFO  [driver-telemetry] driver.http.timeout {"endpoint": "/driver/me/bookings/since", "network_profile_active": "offline", "source": "core.api.client", "timeout_ms": 2500}
 INFO  [driver-telemetry] driver.http.fail_fast_offline {"connected": false, "endpoint": "/driver/me/bookings/since", "internet_reachable": false, "network_type": "fallback", "source": "core.api.client"}
 INFO  [driver-telemetry] driver.runtime.resume.failure {"context_id": "driver:19", "reason": "resume_failed", "resume_attempt_id": "driver:19:1786874289676:2", "retry_count": 2, "source": "driver.runtime.resume", "will_retry": false}
 INFO  [driver-telemetry] tracking.ingest.ack {"accept_reason": "", "ack_status": "persisted", "durability": "persisted_sync", "flush_path": "http_fallback", "mission_id": 27, "queue_item_id": "trk_1786874282128_cbrz88do", "source": "driver.tracking.queue", "trace_id": "mob_msvmtbeb_gvbbhbti"}
 INFO  [driver-telemetry] driver.network.profile {"network_profile_active": "offline", "recommended_sync_interval_ms": 30000, "source": "core.api.client"}
 INFO  [driver-telemetry] driver.http.timeout {"endpoint": "/driver/me/location", "network_profile_active": "offline", "source": "core.api.client", "timeout_ms": 28000}
 INFO  [driver-telemetry] auth.refresh.endpoint_used {"endpoint": "refresh-token", "source": "core.api.client"}
 INFO  [driver-telemetry] driver.network.profile {"network_profile_active": "offline", "recommended_sync_interval_ms": 30000, "source": "core.api.client"}
 INFO  [driver-telemetry] driver.http.timeout {"endpoint": "/driver/me/bookings/since", "network_profile_active": "offline", "source": "core.api.client", "timeout_ms": 2500}
 INFO  [driver-telemetry] driver.http.fail_fast_offline {"connected": false, "endpoint": "/driver/me/bookings/since", "internet_reachable": false, "network_type": "fallback", "source": "core.api.client"}
 INFO  [driver-telemetry] driver.runtime.reconcile.failure {"context_id": "driver:19", "reason": "reconcile_failed", "source": "driver.sync.orchestrator", "trigger": "reconnect"}
 INFO  [driver-telemetry] driver.network.tick {"app_state": "active", "context_id": "driver:19", "driver_network_tick_total": 1, "mission_presence": "relevant", "network_activity_authority": "mission_active_loop", "network_profile_active": "offline", "source": "driver.realtime"}
 INFO  [driver-telemetry] driver.network.profile {"context_id": "driver:19", "network_profile_active": "offline", "recommended_sync_interval_ms": 30000, "source": "driver.realtime"}
 INFO  [driver-telemetry] driver.network.wake {"context_id": "driver:19", "driver_network_wake_cause": "polling_tick", "network_activity_authority": "mission_active_loop", "source": "driver.realtime"}
 INFO  [driver-telemetry] driver.network.profile {"network_profile_active": "offline", "recommended_sync_interval_ms": 30000, "source": "core.api.client"}
 INFO  [driver-telemetry] driver.http.timeout {"endpoint": "/driver/me/bookings", "network_profile_active": "offline", "source": "core.api.client", "timeout_ms": 2500}
 INFO  [driver-telemetry] realtime.transport.state {"actual_transport": "polling", "connected": false, "mode": "polling", "source": "core.realtime.manager", "transport_authority": "polling"}
 INFO  [perf-kpi] perf.realtime.notify {"duration_ms": 1, "listener_count": 3, "role": "driver", "screen": "/", "source": "perf.instrumentation", "timestamp_client": "2026-08-16T09:58:14.402Z"}
 INFO  [driver-telemetry] realtime.transport.authority {"reason": "full_polling_tick", "source": "core.realtime.manager", "transport_authority": "polling"}
 INFO  [driver-telemetry] realtime.polling.full_refetch {"context_id": "driver:19", "driver_http_calls_per_hour": 1, "mission_poll_full_refetch_total": 1, "network_activity_authority": "mission_active_loop", "source": "driver.realtime"}
 INFO  [driver-telemetry] realtime.mission.freshness {"context_id": "driver:19", "mission_state_freshness_ms": 263404, "realtime_transport_mode": "polling", "source": "driver.realtime.polling"}
 INFO  [FCM-GATE] register effect start {"enabled": true, "fcmEnabled": true, "source": "driver.notifications.bridge", "stage": "app_foreground"}
 INFO  [driver-telemetry] driver.foreground.resume.resync {"context_id": "driver:19", "foreground_resume_resync_total": 1, "source": "driver.sync_engine"}
 INFO  [driver-telemetry] driver.runtime.resume.start {"app_state": "active", "context_id": "driver:19", "resume_attempt_id": "driver:19:1786874297803:3", "source": "driver.runtime.resume"}
 INFO  [perf-kpi] perf.js_long_task {"duration_ms": 103.73312499374151, "role": "driver", "screen": "/", "source": "perf.instrumentation", "timestamp_client": "2026-08-16T09:58:17.804Z"}
 INFO  [driver-telemetry] tracking.device_health.send_skipped {"age_ms": 8051, "reason": "throttled", "source": "driver.device_health", "trigger_reason": null}
 INFO  [driver-telemetry] tracking.device_health.send_skipped {"age_ms": 8114, "reason": "throttled", "source": "driver.device_health", "trigger_reason": "health_monitor_ok"}
 INFO  [driver-telemetry] tracking.queue.enqueued {"app_state": "active", "location_mode": "mission_live", "mission_id": 27, "oldest_item_age_ms": 15907, "queue_depth": 4, "sequence_id": 1, "source": "driver.tracking.queue", "tracking_session_id": "trk_sess_1786874290056_kg9cgr0q"}
 INFO  [driver-telemetry] tracking.queue.flush_coalesced {"force_http_fallback": true, "queue_depth": 4, "source": "driver.tracking.queue"}
 INFO  [driver-telemetry] tracking.bridge.health {"backend_ack_latency_ms": null, "mission_id": 27, "network_profile_active": "normal", "oldest_item_age_ms": 15908, "queue_depth": 4, "socket_emit_without_backend_ack_total": 0, "source": "driver.tracking.bridge", "tracking_flush_batch_size": 0}
 INFO  [FCM-GATE] requesting token {"source": "driver.notifications.bridge", "stage": "app_foreground"}
 INFO  [driver-telemetry] driver.push.fcm.get_token_start {"platform": "android", "source": "driver.firebaseMessaging"}
 INFO  [FCM-GATE] getDriverFcmToken start {"platform": "android"}
 INFO  [FCM-GATE] getToken success {"tokenLength": 142}
 INFO  [driver-telemetry] driver.push.fcm.token {"source": "driver.firebaseMessaging", "token_present": true}
 INFO  [FCM-GATE] token received {"source": "driver.notifications.bridge", "stage": "app_foreground", "tokenLength": 142}
 INFO  [driver-telemetry] driver_push.token_acquired {"provider": "fcm", "source": "driver.notifications.bridge", "stage": "app_foreground", "token_length": 142}
 INFO  [FCM-GATE] posting token {"provider": "fcm", "source": "driver.notifications.bridge", "stage": "app_foreground"}
 INFO  [driver-telemetry] driver.network.profile {"network_profile_active": "offline", "recommended_sync_interval_ms": 30000, "source": "core.api.client"}
 INFO  [driver-telemetry] driver.http.timeout {"endpoint": "/driver/me/telemetry/push", "network_profile_active": "offline", "source": "core.api.client", "timeout_ms": 2500}
 INFO  [driver-telemetry] driver.network.profile {"network_profile_active": "offline", "recommended_sync_interval_ms": 30000, "source": "core.api.client"}
 INFO  [driver-telemetry] driver.http.timeout {"endpoint": "/driver/save-push-token", "network_profile_active": "offline", "source": "core.api.client", "timeout_ms": 2500}
 INFO  [driver-telemetry] push.token.registered {"provider": "fcm", "source": "driver.notifications.bridge"}
 INFO  [driver-telemetry] driver_push.register_success {"provider": "fcm", "source": "driver.notifications.bridge"}
 INFO  [driver-telemetry] driver.network.profile {"network_profile_active": "offline", "recommended_sync_interval_ms": 30000, "source": "core.api.client"}
 INFO  [driver-telemetry] driver.http.timeout {"endpoint": "/driver/me/telemetry/push", "network_profile_active": "offline", "source": "core.api.client", "timeout_ms": 2500}
 INFO  [driver-telemetry] auth.refresh.endpoint_used {"endpoint": "refresh-token", "source": "core.api.client"}
 INFO  [perf-kpi] perf.realtime.notify {"duration_ms": 1, "listener_count": 3, "role": "driver", "screen": "/", "source": "perf.instrumentation", "timestamp_client": "2026-08-16T09:58:18.159Z"}
 INFO  [driver-telemetry] realtime.transport.state {"actual_transport": "polling", "connected": true, "mode": "socket", "source": "core.realtime.manager", "transport_authority": "polling"}
 INFO  [perf-kpi] perf.realtime.notify {"duration_ms": 0, "listener_count": 3, "role": "driver", "screen": "/", "source": "perf.instrumentation", "timestamp_client": "2026-08-16T09:58:18.161Z"}
 LOG  [DriverSocket] {"contextId": "driver:19", "hasToken": true, "path": "/socket.io", "socketUrl": "http://127.0.0.1:15100", "surface": "driver", "transports": ["websocket", "polling"], "urlEnvSource": "EXPO_PUBLIC_DRIVER_SOCKET_URL"}
 INFO  [driver-telemetry] tracking.session.readiness {"readiness": "CREATING", "reason": "session_conflict", "session_generation": 906, "source": "driver.tracking.queue", "tracking_session_id": "trk_sess_1786874290056_kg9cgr0q"}
 INFO  [driver-telemetry] tracking.session.readiness {"readiness": "REGISTERING", "reason": "session_conflict", "session_generation": null, "source": "driver.tracking.queue", "tracking_session_id": "trk_sess_1786874298165_hnc6eeqr"}
 INFO  [driver-telemetry] tracking.session.readiness {"readiness": "REGISTERING", "reason": "register_start", "session_generation": null, "source": "driver.tracking.queue", "tracking_session_id": "trk_sess_1786874298165_hnc6eeqr"}
 INFO  [driver-telemetry] driver.network.profile {"network_profile_active": "offline", "recommended_sync_interval_ms": 30000, "source": "core.api.client"}
 INFO  [driver-telemetry] driver.http.timeout {"endpoint": "/driver/me/tracking/sessions", "network_profile_active": "offline", "source": "core.api.client", "timeout_ms": 2500}
 INFO  [perf-kpi] perf.runtime.socket_reconnect_failed_total {"context_id": "driver:19", "source": "perf.runtime_stability", "timestamp_client": "2026-08-16T09:58:18.193Z", "total": 9}
 INFO  [driver-telemetry] realtime.transport.state {"actual_transport": "polling", "connected": false, "mode": "polling", "source": "core.realtime.manager", "transport_authority": "degraded"}
 INFO  [perf-kpi] perf.realtime.notify {"duration_ms": 1, "listener_count": 3, "role": "driver", "screen": "/", "source": "perf.instrumentation", "timestamp_client": "2026-08-16T09:58:18.196Z"}
 INFO  [driver-telemetry] realtime.socket.disconnect {"context_id": "driver:19", "reason": "websocket error", "source": "core.realtime.manager"}
 INFO  [driver-telemetry] realtime.transport.mismatch {"actual_transport": "polling", "context_id": "driver:19", "desired_transport": "socket", "source": "core.realtime.manager"}
 INFO  [driver-telemetry] realtime.reconnect.circuit_breaker_blocked {"context_id": "driver:19", "source": "core.realtime.manager"}
 INFO  [driver-telemetry] tracking.queue.flush_coalesced {"force_http_fallback": true, "queue_depth": 4, "source": "driver.tracking.queue"}
 INFO  [driver-telemetry] driver.network.profile {"network_profile_active": "offline", "recommended_sync_interval_ms": 30000, "source": "core.api.client"}
 INFO  [driver-telemetry] driver.http.timeout {"endpoint": "/driver/me/bookings/since", "network_profile_active": "offline", "source": "core.api.client", "timeout_ms": 2500}
 INFO  [driver-telemetry] driver.http.fail_fast_offline {"connected": false, "endpoint": "/driver/me/bookings/since", "internet_reachable": false, "network_type": "fallback", "source": "core.api.client"}
 INFO  [driver-telemetry] driver.network.profile {"network_profile_active": "offline", "recommended_sync_interval_ms": 30000, "source": "core.api.client"}
 INFO  [driver-telemetry] driver.http.timeout {"endpoint": "/driver/me/bookings/since", "network_profile_active": "offline", "source": "core.api.client", "timeout_ms": 2500}
 INFO  [driver-telemetry] driver.http.fail_fast_offline {"connected": false, "endpoint": "/driver/me/bookings/since", "internet_reachable": false, "network_type": "fallback", "source": "core.api.client"}
 INFO  [driver-telemetry] driver.runtime.resume.failure {"context_id": "driver:19", "reason": "resume_failed", "resume_attempt_id": "driver:19:1786874297803:3", "retry_count": 1, "source": "driver.runtime.resume", "will_retry": true}
 INFO  [driver-telemetry] driver.runtime.reconcile.failure {"context_id": "driver:19", "reason": "reconcile_failed", "source": "driver.sync.orchestrator", "trigger": "foreground"}
 INFO  [driver-telemetry] tracking.session.readiness {"readiness": "READY", "reason": "register_ok", "session_generation": 907, "source": "driver.tracking.queue", "tracking_session_id": "trk_sess_1786874298165_hnc6eeqr"}
 INFO  [driver-telemetry] tracking.session.reconciled {"previous_session_id": "trk_sess_1786874290056_kg9cgr0q", "readiness": "READY", "rebound_count": 0, "released_socket_count": 0, "source": "driver.tracking.queue", "tracking_session_id": "trk_sess_1786874298165_hnc6eeqr"}
 INFO  [driver-telemetry] tracking.queue.flush_coalesced {"force_http_fallback": true, "queue_depth": 4, "source": "driver.tracking.queue"}
 INFO  [driver-telemetry] auth.refresh.endpoint_used {"endpoint": "refresh-token", "source": "core.api.client"}
 INFO  [perf-kpi] perf.realtime.notify {"duration_ms": 0, "listener_count": 3, "role": "driver", "screen": "/", "source": "perf.instrumentation", "timestamp_client": "2026-08-16T09:58:18.363Z"}
 INFO  [driver-telemetry] realtime.transport.state {"actual_transport": "polling", "connected": true, "mode": "socket", "source": "core.realtime.manager", "transport_authority": "polling"}
 INFO  [perf-kpi] perf.realtime.notify {"duration_ms": 0, "listener_count": 3, "role": "driver", "screen": "/", "source": "perf.instrumentation", "timestamp_client": "2026-08-16T09:58:18.365Z"}
 LOG  [DriverSocket] {"contextId": "driver:19", "hasToken": true, "path": "/socket.io", "socketUrl": "http://127.0.0.1:15100", "surface": "driver", "transports": ["websocket", "polling"], "urlEnvSource": "EXPO_PUBLIC_DRIVER_SOCKET_URL"}
 INFO  [perf-kpi] perf.runtime.socket_reconnect_failed_total {"context_id": "driver:19", "source": "perf.runtime_stability", "timestamp_client": "2026-08-16T09:58:18.394Z", "total": 10}
 INFO  [driver-telemetry] realtime.transport.state {"actual_transport": "polling", "connected": false, "mode": "polling", "source": "core.realtime.manager", "transport_authority": "degraded"}
 INFO  [perf-kpi] perf.realtime.notify {"duration_ms": 0, "listener_count": 3, "role": "driver", "screen": "/", "source": "perf.instrumentation", "timestamp_client": "2026-08-16T09:58:18.395Z"}
 INFO  [driver-telemetry] realtime.socket.disconnect {"context_id": "driver:19", "reason": "websocket error", "source": "core.realtime.manager"}
 INFO  [driver-telemetry] realtime.transport.mismatch {"actual_transport": "polling", "context_id": "driver:19", "desired_transport": "socket", "source": "core.realtime.manager"}
 INFO  [driver-telemetry] realtime.reconnect.circuit_breaker_blocked {"context_id": "driver:19", "source": "core.realtime.manager"}
 INFO  [driver-telemetry] driver.network.profile {"network_profile_active": "offline", "recommended_sync_interval_ms": 30000, "source": "core.api.client"}
 INFO  [driver-telemetry] driver.http.timeout {"endpoint": "/driver/me/bookings/since", "network_profile_active": "offline", "source": "core.api.client", "timeout_ms": 2500}
 INFO  [driver-telemetry] driver.http.fail_fast_offline {"connected": false, "endpoint": "/driver/me/bookings/since", "internet_reachable": false, "network_type": "fallback", "source": "core.api.client"}
 INFO  [driver-telemetry] driver.runtime.resume.failure {"context_id": "driver:19", "reason": "resume_failed", "resume_attempt_id": "driver:19:1786874297803:3", "retry_count": 2, "source": "driver.runtime.resume", "will_retry": false}
 INFO  [driver-telemetry] tracking.ingest.ack {"accept_reason": "", "ack_status": "persisted", "durability": "persisted_sync", "flush_path": "http_fallback", "mission_id": 27, "queue_item_id": "trk_1786874289679_gh9qli2n", "source": "driver.tracking.queue", "trace_id": "mob_msvmteja_9q69gqv8"}
 INFO  [driver-telemetry] tracking.queue.flush {"backend_acked": 3, "dropped": 0, "flush_path": "http_fallback", "network_profile_active": "normal", "oldest_item_age_ms": 16390, "queue_depth": 1, "retried": 0, "sent": 3, "socket_emitted": 0, "source": "driver.tracking.queue", "tracking_queue_oldest_age_ms": 16390}
 INFO  [driver-telemetry] tracking.flush.transport {"backend_acked": 3, "sent": 3, "socket_emitted": 0, "source": "driver.tracking.queue", "transport": "http"}
 INFO  [driver-telemetry] tracking.bridge.health {"backend_ack_latency_ms": null, "mission_id": 27, "network_profile_active": "normal", "oldest_item_age_ms": 16391, "queue_depth": 1, "socket_emit_without_backend_ack_total": 0, "source": "driver.tracking.bridge", "tracking_flush_batch_size": 3}
 INFO  [driver-telemetry] driver.network.profile {"network_profile_active": "offline", "recommended_sync_interval_ms": 30000, "source": "core.api.client"}
 INFO  [driver-telemetry] driver.http.timeout {"endpoint": "/driver/me/location", "network_profile_active": "offline", "source": "core.api.client", "timeout_ms": 28000}
 INFO  [driver-telemetry] driver.network.profile {"network_profile_active": "offline", "recommended_sync_interval_ms": 30000, "source": "core.api.client"}
 INFO  [driver-telemetry] driver.http.timeout {"endpoint": "/driver/me/bookings/since", "network_profile_active": "offline", "source": "core.api.client", "timeout_ms": 2500}
 INFO  [driver-telemetry] driver.http.fail_fast_offline {"connected": false, "endpoint": "/driver/me/bookings/since", "internet_reachable": false, "network_type": "fallback", "source": "core.api.client"}
 INFO  [driver-telemetry] driver.runtime.reconcile.failure {"context_id": "driver:19", "reason": "reconcile_failed", "source": "driver.sync.orchestrator", "trigger": "reconnect"}
 INFO  [driver-telemetry] auth.refresh.endpoint_used {"endpoint": "refresh-token", "source": "core.api.client"}
 INFO  [driver-telemetry] tracking.queue.flush_coalesced {"force_http_fallback": true, "queue_depth": 1, "source": "driver.tracking.queue"}
 INFO  [driver-telemetry] tracking.auth.presence.ensure_headless {"driver_id": 19, "kind": "SESSION_AVAILABLE", "path": "memory_cache"}
 INFO  [driver-telemetry] tracking.background.task_invoked {"locations_count": 1, "mission_id": 27, "source": "driver.services.backgroundLocationTask", "task_mode": "mission", "task_name": "background-location-task", "timestamp": 1786874302272}
 INFO  [driver-telemetry] tracking.queue.enqueued {"app_state": "background", "location_mode": "mission_live", "mission_id": 27, "oldest_item_age_ms": 4437, "queue_depth": 2, "sequence_id": 1, "source": "driver.tracking.queue", "tracking_session_id": "trk_sess_1786874298165_hnc6eeqr"}
 INFO  [driver-telemetry] tracking.queue.flush_coalesced {"force_http_fallback": true, "queue_depth": 2, "source": "driver.tracking.queue"}
 INFO  [driver-telemetry] tracking.queue.flush_coalesced {"force_http_fallback": true, "queue_depth": 2, "source": "driver.tracking.queue"}
 INFO  [driver-telemetry] tracking.background.task.flush {"backend_acked": 0, "dropped": 0, "mission_id": 27, "network_profile_active": "poor", "queue_depth": 2, "sent": 0, "socket_emitted": 0, "source": "driver.services.backgroundLocationTask", "task_mode": "mission", "task_name": "background-location-task"}
 INFO  [driver-telemetry] tracking.ingest.ack {"accept_reason": "", "ack_status": "persisted", "durability": "persisted_sync", "flush_path": "http_fallback", "mission_id": 27, "queue_item_id": "trk_1786874297855_8oo6xv2c", "source": "driver.tracking.queue", "trace_id": "mob_msvmtkqg_h51tdcwu"}
 INFO  [driver-telemetry] driver.network.profile {"network_profile_active": "offline", "recommended_sync_interval_ms": 30000, "source": "core.api.client"}
 INFO  [driver-telemetry] driver.http.timeout {"endpoint": "/driver/me/location", "network_profile_active": "offline", "source": "core.api.client", "timeout_ms": 28000}
 INFO  [driver-telemetry] tracking.ingest.ack {"accept_reason": "", "ack_status": "persisted", "durability": "persisted_sync", "flush_path": "http_fallback", "mission_id": 27, "queue_item_id": "trk_1786874302273_m4pr7klx", "source": "driver.tracking.queue", "trace_id": "mob_msvmtnwx_n05ce32j"}
 INFO  [driver-telemetry] tracking.queue.flush {"backend_acked": 2, "dropped": 0, "flush_path": "http_fallback", "network_profile_active": "normal", "oldest_item_age_ms": 4802, "queue_depth": 0, "retried": 0, "sent": 2, "socket_emitted": 0, "source": "driver.tracking.queue", "tracking_queue_oldest_age_ms": 4802}
 INFO  [driver-telemetry] tracking.flush.transport {"backend_acked": 2, "sent": 2, "socket_emitted": 0, "source": "driver.tracking.queue", "transport": "http"}
 INFO  [driver-telemetry] tracking.queue.flush {"backend_acked": 0, "dropped": 0, "flush_path": "http_fallback", "network_profile_active": "poor", "oldest_item_age_ms": null, "queue_depth": 0, "retried": 0, "sent": 0, "socket_emitted": 0, "source": "driver.tracking.queue", "tracking_queue_oldest_age_ms": null}
 INFO  [driver-telemetry] tracking.flush.transport {"backend_acked": 0, "sent": 0, "socket_emitted": 0, "source": "driver.tracking.queue", "transport": "http"}
 INFO  [FCM-GATE] register effect start {"enabled": true, "fcmEnabled": true, "source": "driver.notifications.bridge", "stage": "app_foreground"}
 INFO  [driver-telemetry] driver.foreground.resume.resync {"context_id": "driver:19", "foreground_resume_resync_total": 1, "source": "driver.sync_engine"}
 INFO  [driver-telemetry] driver.runtime.resume.start {"app_state": "active", "context_id": "driver:19", "resume_attempt_id": "driver:19:1786874305938:4", "source": "driver.runtime.resume"}
 INFO  [perf-kpi] perf.js_long_task {"duration_ms": 116.18166700005531, "role": "driver", "screen": "/", "source": "perf.instrumentation", "timestamp_client": "2026-08-16T09:58:25.940Z"}
 INFO  [driver-telemetry] tracking.device_health.send_skipped {"age_ms": 16226, "reason": "throttled", "source": "driver.device_health", "trigger_reason": null}
 INFO  [driver-telemetry] tracking.device_health.send_skipped {"age_ms": 16250, "reason": "throttled", "source": "driver.device_health", "trigger_reason": "health_monitor_ok"}
 WARN  MapViewDirections Error: Error on GMAPS route request: This IP, site or mobile application is not authorized to use this API key. Request received from IP address 194.230.196.30, with empty referer
 INFO  [FCM-GATE] requesting token {"source": "driver.notifications.bridge", "stage": "app_foreground"}
 INFO  [driver-telemetry] driver.push.fcm.get_token_start {"platform": "android", "source": "driver.firebaseMessaging"}
 INFO  [FCM-GATE] getDriverFcmToken start {"platform": "android"}
 INFO  [FCM-GATE] getToken success {"tokenLength": 142}
 INFO  [driver-telemetry] driver.push.fcm.token {"source": "driver.firebaseMessaging", "token_present": true}
 INFO  [FCM-GATE] token received {"source": "driver.notifications.bridge", "stage": "app_foreground", "tokenLength": 142}
 INFO  [driver-telemetry] driver_push.token_acquired {"provider": "fcm", "source": "driver.notifications.bridge", "stage": "app_foreground", "token_length": 142}
 INFO  [FCM-GATE] posting token {"provider": "fcm", "source": "driver.notifications.bridge", "stage": "app_foreground"}
 INFO  [driver-telemetry] driver.network.profile {"network_profile_active": "offline", "recommended_sync_interval_ms": 30000, "source": "core.api.client"}
 INFO  [driver-telemetry] driver.http.timeout {"endpoint": "/driver/me/telemetry/push", "network_profile_active": "offline", "source": "core.api.client", "timeout_ms": 2500}
 INFO  [driver-telemetry] driver.network.profile {"network_profile_active": "offline", "recommended_sync_interval_ms": 30000, "source": "core.api.client"}
 INFO  [driver-telemetry] driver.http.timeout {"endpoint": "/driver/save-push-token", "network_profile_active": "offline", "source": "core.api.client", "timeout_ms": 2500}
 INFO  [driver-telemetry] push.token.registered {"provider": "fcm", "source": "driver.notifications.bridge"}
 INFO  [driver-telemetry] driver_push.register_success {"provider": "fcm", "source": "driver.notifications.bridge"}
 INFO  [driver-telemetry] driver.network.profile {"network_profile_active": "offline", "recommended_sync_interval_ms": 30000, "source": "core.api.client"}
 INFO  [driver-telemetry] driver.http.timeout {"endpoint": "/driver/me/telemetry/push", "network_profile_active": "offline", "source": "core.api.client", "timeout_ms": 2500}
 INFO  [driver-telemetry] auth.refresh.endpoint_used {"endpoint": "refresh-token", "source": "core.api.client"}
 INFO  [perf-kpi] perf.realtime.notify {"duration_ms": 0, "listener_count": 3, "role": "driver", "screen": "/", "source": "perf.instrumentation", "timestamp_client": "2026-08-16T09:58:26.284Z"}
 INFO  [driver-telemetry] realtime.transport.state {"actual_transport": "polling", "connected": true, "mode": "socket", "source": "core.realtime.manager", "transport_authority": "polling"}
 INFO  [perf-kpi] perf.realtime.notify {"duration_ms": 1, "listener_count": 3, "role": "driver", "screen": "/", "source": "perf.instrumentation", "timestamp_client": "2026-08-16T09:58:26.287Z"}
 LOG  [DriverSocket] {"contextId": "driver:19", "hasToken": true, "path": "/socket.io", "socketUrl": "http://127.0.0.1:15100", "surface": "driver", "transports": ["websocket", "polling"], "urlEnvSource": "EXPO_PUBLIC_DRIVER_SOCKET_URL"}
 INFO  [driver-telemetry] tracking.session.readiness {"readiness": "CREATING", "reason": "session_conflict", "session_generation": 907, "source": "driver.tracking.queue", "tracking_session_id": "trk_sess_1786874298165_hnc6eeqr"}
 INFO  [driver-telemetry] tracking.session.readiness {"readiness": "REGISTERING", "reason": "session_conflict", "session_generation": null, "source": "driver.tracking.queue", "tracking_session_id": "trk_sess_1786874306290_43ymi0c1"}
 INFO  [driver-telemetry] tracking.session.readiness {"readiness": "REGISTERING", "reason": "register_start", "session_generation": null, "source": "driver.tracking.queue", "tracking_session_id": "trk_sess_1786874306290_43ymi0c1"}
 INFO  [driver-telemetry] driver.network.profile {"network_profile_active": "offline", "recommended_sync_interval_ms": 30000, "source": "core.api.client"}
 INFO  [driver-telemetry] driver.http.timeout {"endpoint": "/driver/me/tracking/sessions", "network_profile_active": "offline", "source": "core.api.client", "timeout_ms": 2500}
 INFO  [perf-kpi] perf.runtime.socket_reconnect_failed_total {"context_id": "driver:19", "source": "perf.runtime_stability", "timestamp_client": "2026-08-16T09:58:26.311Z", "total": 11}
 INFO  [driver-telemetry] realtime.transport.state {"actual_transport": "polling", "connected": false, "mode": "polling", "source": "core.realtime.manager", "transport_authority": "degraded"}
 INFO  [perf-kpi] perf.realtime.notify {"duration_ms": 1, "listener_count": 3, "role": "driver", "screen": "/", "source": "perf.instrumentation", "timestamp_client": "2026-08-16T09:58:26.313Z"}
 INFO  [driver-telemetry] realtime.socket.disconnect {"context_id": "driver:19", "reason": "websocket error", "source": "core.realtime.manager"}
 INFO  [driver-telemetry] realtime.transport.mismatch {"actual_transport": "polling", "context_id": "driver:19", "desired_transport": "socket", "source": "core.realtime.manager"}
 INFO  [driver-telemetry] realtime.reconnect.circuit_breaker_blocked {"context_id": "driver:19", "source": "core.realtime.manager"}
 INFO  [driver-telemetry] tracking.queue.flush {"backend_acked": 0, "dropped": 0, "flush_path": "http_fallback", "network_profile_active": "normal", "oldest_item_age_ms": null, "queue_depth": 0, "retried": 0, "sent": 0, "socket_emitted": 0, "source": "driver.tracking.queue", "tracking_queue_oldest_age_ms": null}
 INFO  [driver-telemetry] tracking.flush.transport {"backend_acked": 0, "sent": 0, "socket_emitted": 0, "source": "driver.tracking.queue", "transport": "http"}
 INFO  [driver-telemetry] driver.network.profile {"network_profile_active": "offline", "recommended_sync_interval_ms": 30000, "source": "core.api.client"}
 INFO  [driver-telemetry] driver.http.timeout {"endpoint": "/driver/me/bookings/since", "network_profile_active": "offline", "source": "core.api.client", "timeout_ms": 2500}
 INFO  [driver-telemetry] driver.http.fail_fast_offline {"connected": false, "endpoint": "/driver/me/bookings/since", "internet_reachable": false, "network_type": "fallback", "source": "core.api.client"}
 INFO  [driver-telemetry] driver.runtime.resume.failure {"context_id": "driver:19", "reason": "resume_failed", "resume_attempt_id": "driver:19:1786874305938:4", "retry_count": 1, "source": "driver.runtime.resume", "will_retry": true}
 INFO  [driver-telemetry] tracking.session.readiness {"readiness": "READY", "reason": "register_ok", "session_generation": 908, "source": "driver.tracking.queue", "tracking_session_id": "trk_sess_1786874306290_43ymi0c1"}
 INFO  [driver-telemetry] tracking.session.reconciled {"previous_session_id": "trk_sess_1786874298165_hnc6eeqr", "readiness": "READY", "rebound_count": 0, "released_socket_count": 0, "source": "driver.tracking.queue", "tracking_session_id": "trk_sess_1786874306290_43ymi0c1"}
 INFO  [driver-telemetry] tracking.queue.flush {"backend_acked": 0, "dropped": 0, "flush_path": "http_fallback", "network_profile_active": "normal", "oldest_item_age_ms": null, "queue_depth": 0, "retried": 0, "sent": 0, "socket_emitted": 0, "source": "driver.tracking.queue", "tracking_queue_oldest_age_ms": null}
 INFO  [driver-telemetry] tracking.flush.transport {"backend_acked": 0, "sent": 0, "socket_emitted": 0, "source": "driver.tracking.queue", "transport": "http"}
 INFO  [driver-telemetry] auth.refresh.endpoint_used {"endpoint": "refresh-token", "source": "core.api.client"}
 INFO  [perf-kpi] perf.realtime.notify {"duration_ms": 0, "listener_count": 3, "role": "driver", "screen": "/", "source": "perf.instrumentation", "timestamp_client": "2026-08-16T09:58:26.498Z"}
 INFO  [driver-telemetry] realtime.transport.state {"actual_transport": "polling", "connected": true, "mode": "socket", "source": "core.realtime.manager", "transport_authority": "polling"}
 INFO  [perf-kpi] perf.realtime.notify {"duration_ms": 0, "listener_count": 3, "role": "driver", "screen": "/", "source": "perf.instrumentation", "timestamp_client": "2026-08-16T09:58:26.500Z"}
 LOG  [DriverSocket] {"contextId": "driver:19", "hasToken": true, "path": "/socket.io", "socketUrl": "http://127.0.0.1:15100", "surface": "driver", "transports": ["websocket", "polling"], "urlEnvSource": "EXPO_PUBLIC_DRIVER_SOCKET_URL"}
 INFO  [driver-telemetry] driver.network.profile {"network_profile_active": "offline", "recommended_sync_interval_ms": 30000, "source": "core.api.client"}
 INFO  [driver-telemetry] driver.http.timeout {"endpoint": "/driver/me/bookings/since", "network_profile_active": "offline", "source": "core.api.client", "timeout_ms": 2500}
 INFO  [driver-telemetry] driver.http.fail_fast_offline {"connected": false, "endpoint": "/driver/me/bookings/since", "internet_reachable": false, "network_type": "fallback", "source": "core.api.client"}
 INFO  [driver-telemetry] driver.runtime.resume.failure {"context_id": "driver:19", "reason": "resume_failed", "resume_attempt_id": "driver:19:1786874305938:4", "retry_count": 2, "source": "driver.runtime.resume", "will_retry": false}
 INFO  [perf-kpi] perf.runtime.socket_reconnect_failed_total {"context_id": "driver:19", "source": "perf.runtime_stability", "timestamp_client": "2026-08-16T09:58:26.553Z", "total": 12}
 INFO  [driver-telemetry] realtime.transport.state {"actual_transport": "polling", "connected": false, "mode": "polling", "source": "core.realtime.manager", "transport_authority": "degraded"}
 INFO  [perf-kpi] perf.realtime.notify {"duration_ms": 1, "listener_count": 3, "role": "driver", "screen": "/", "source": "perf.instrumentation", "timestamp_client": "2026-08-16T09:58:26.557Z"}
 INFO  [driver-telemetry] realtime.socket.disconnect {"context_id": "driver:19", "reason": "websocket error", "source": "core.realtime.manager"}
 INFO  [driver-telemetry] realtime.transport.mismatch {"actual_transport": "polling", "context_id": "driver:19", "desired_transport": "socket", "source": "core.realtime.manager"}
 INFO  [driver-telemetry] realtime.reconnect.circuit_breaker_blocked {"context_id": "driver:19", "source": "core.realtime.manager"}
 INFO  [driver-telemetry] auth.refresh.endpoint_used {"endpoint": "refresh-token", "source": "core.api.client"}
 INFO  [driver-telemetry] driver.network.profile {"network_profile_active": "offline", "recommended_sync_interval_ms": 30000, "source": "core.api.client"}
 INFO  [driver-telemetry] driver.http.timeout {"endpoint": "/driver/me/bookings/since", "network_profile_active": "offline", "source": "core.api.client", "timeout_ms": 2500}
 INFO  [driver-telemetry] driver.http.fail_fast_offline {"connected": false, "endpoint": "/driver/me/bookings/since", "internet_reachable": false, "network_type": "fallback", "source": "core.api.client"}
 INFO  [driver-telemetry] driver.runtime.reconcile.failure {"context_id": "driver:19", "reason": "reconcile_failed", "source": "driver.sync.orchestrator", "trigger": "reconnect"}
 INFO  [driver-telemetry] tracking.queue.enqueued {"app_state": "active", "location_mode": "mission_live", "mission_id": 27, "oldest_item_age_ms": 7, "queue_depth": 1, "sequence_id": 1, "source": "driver.tracking.queue", "tracking_session_id": "trk_sess_1786874306290_43ymi0c1"}
 INFO  [driver-telemetry] driver.network.profile {"network_profile_active": "offline", "recommended_sync_interval_ms": 30000, "source": "core.api.client"}
 INFO  [driver-telemetry] driver.http.timeout {"endpoint": "/driver/me/location", "network_profile_active": "offline", "source": "core.api.client", "timeout_ms": 28000}
 INFO  [driver-telemetry] tracking.ingest.ack {"accept_reason": "", "ack_status": "persisted", "durability": "persisted_sync", "flush_path": "http_fallback", "mission_id": 27, "queue_item_id": "trk_1786874308397_44lk4seo", "source": "driver.tracking.queue", "trace_id": "mob_msvmtsfr_aofoltv6"}
 INFO  [driver-telemetry] tracking.queue.flush {"backend_acked": 1, "dropped": 0, "flush_path": "http_fallback", "network_profile_active": "normal", "oldest_item_age_ms": 134, "queue_depth": 0, "retried": 0, "sent": 1, "socket_emitted": 0, "source": "driver.tracking.queue", "tracking_queue_oldest_age_ms": 134}
 INFO  [driver-telemetry] tracking.flush.transport {"backend_acked": 1, "sent": 1, "socket_emitted": 0, "source": "driver.tracking.queue", "transport": "http"}
 INFO  [driver-telemetry] tracking.bridge.health {"backend_ack_latency_ms": 1381, "mission_id": 27, "network_profile_active": "normal", "oldest_item_age_ms": 137, "queue_depth": 0, "socket_emit_without_backend_ack_total": 0, "source": "driver.tracking.bridge", "tracking_flush_batch_size": 1}
 INFO  [driver-telemetry] driver.network.tick {"app_state": "active", "context_id": "driver:19", "driver_network_tick_total": 1, "mission_presence": "relevant", "network_activity_authority": "mission_active_loop", "network_profile_active": "offline", "source": "driver.realtime"}
 INFO  [driver-telemetry] driver.network.profile {"context_id": "driver:19", "network_profile_active": "offline", "recommended_sync_interval_ms": 30000, "source": "driver.realtime"}
 INFO  [driver-telemetry] driver.network.wake {"context_id": "driver:19", "driver_network_wake_cause": "polling_tick", "network_activity_authority": "mission_active_loop", "source": "driver.realtime"}
 INFO  [driver-telemetry] driver.network.tick.skipped {"context_id": "driver:19", "driver_network_tick_skipped_total": 1, "network_activity_authority": "mission_active_loop", "reason": "idle_rate_limit", "source": "driver.realtime"}
 INFO  [driver-telemetry] driver.network.tick {"app_state": "active", "context_id": "driver:19", "driver_network_tick_total": 1, "mission_presence": "relevant", "network_activity_authority": "mission_active_loop", "source": "driver.sync_engine"}
 INFO  [driver-telemetry] driver.network.wake {"context_id": "driver:19", "driver_network_wake_cause": "sync_engine", "network_activity_authority": "mission_active_loop", "source": "driver.sync_engine"}
 INFO  [driver-telemetry] driver.sync_engine.flush.skipped {"context_id": "driver:19", "reason": "queue_empty_or_tracking_idle", "source": "driver.sync_engine"}
 INFO  [driver-telemetry] realtime.transport.state {"actual_transport": "polling", "connected": false, "mode": "polling", "source": "core.realtime.manager", "transport_authority": "reconcile"}
 INFO  [perf-kpi] perf.realtime.notify {"duration_ms": 0, "listener_count": 3, "role": "driver", "screen": "/", "source": "perf.instrumentation", "timestamp_client": "2026-08-16T09:58:29.544Z"}
 INFO  [driver-telemetry] realtime.transport.authority {"reason": "sync_engine_tick", "source": "core.realtime.manager", "transport_authority": "reconcile"}
 INFO  [driver-telemetry] driver.sync_engine.heartbeat {"allow_gps_flush": false, "allow_socket": false, "app_state": "active", "context_id": "driver:19", "driver_sync_engine_active_ms": 30000, "interval_ms": 30000, "network_activity_authority": "mission_active_loop", "network_mode": "offline", "source": "driver.sync_engine"}
 INFO  [driver-telemetry] driver.network.profile {"network_profile_active": "offline", "recommended_sync_interval_ms": 30000, "source": "core.api.client"}
 INFO  [driver-telemetry] driver.http.timeout {"endpoint": "/driver/me/bookings/since", "network_profile_active": "offline", "source": "core.api.client", "timeout_ms": 2500}
 INFO  [driver-telemetry] driver.http.fail_fast_offline {"connected": false, "endpoint": "/driver/me/bookings/since", "internet_reachable": false, "network_type": "fallback", "source": "core.api.client"}
 INFO  [driver-telemetry] driver.runtime.reconcile.failure {"context_id": "driver:19", "reason": "reconcile_failed", "source": "driver.sync.orchestrator", "trigger": "manual"}
 INFO  [driver-telemetry] driver.network.profile {"network_profile_active": "offline", "recommended_sync_interval_ms": 30000, "source": "core.api.client"}
 INFO  [driver-telemetry] driver.http.timeout {"endpoint": "/driver/me/bookings/eta", "network_profile_active": "offline", "source": "core.api.client", "timeout_ms": 2500}
 INFO  [driver-telemetry] driver.http.fail_fast_offline {"connected": false, "endpoint": "/driver/me/bookings/eta", "internet_reachable": false, "network_type": "fallback", "source": "core.api.client"}
 INFO  [driver-telemetry] driver.network.profile {"network_profile_active": "offline", "recommended_sync_interval_ms": 30000, "source": "core.api.client"}
 INFO  [driver-telemetry] driver.http.timeout {"endpoint": "/driver/me/bookings/eta", "network_profile_active": "offline", "source": "core.api.client", "timeout_ms": 2500}
 INFO  [driver-telemetry] driver.http.fail_fast_offline {"connected": false, "endpoint": "/driver/me/bookings/eta", "internet_reachable": false, "network_type": "fallback", "source": "core.api.client"}
 INFO  [FCM-GATE] register effect start {"enabled": true, "fcmEnabled": true, "source": "driver.notifications.bridge", "stage": "app_foreground"}
 INFO  [driver-telemetry] driver.foreground.resume.resync {"context_id": "driver:19", "foreground_resume_resync_total": 1, "source": "driver.sync_engine"}
 INFO  [driver-telemetry] driver.runtime.resume.start {"app_state": "active", "context_id": "driver:19", "resume_attempt_id": "driver:19:1786874314044:5", "source": "driver.runtime.resume"}
 INFO  [driver-telemetry] tracking.device_health.send_skipped {"age_ms": 24303, "reason": "throttled", "source": "driver.device_health", "trigger_reason": null}
 INFO  [driver-telemetry] tracking.send.skipped {"app_state": "active", "mission_id": 27, "reason": "no_position_fix", "source": "driver.tracking.bridge"}
 INFO  [driver-telemetry] tracking.device_health.send_skipped {"age_ms": 24360, "reason": "throttled", "source": "driver.device_health", "trigger_reason": "health_monitor_ok"}
 INFO  [FCM-GATE] requesting token {"source": "driver.notifications.bridge", "stage": "app_foreground"}
 INFO  [driver-telemetry] driver.push.fcm.get_token_start {"platform": "android", "source": "driver.firebaseMessaging"}
 INFO  [FCM-GATE] getDriverFcmToken start {"platform": "android"}
 INFO  [FCM-GATE] getToken success {"tokenLength": 142}
 INFO  [driver-telemetry] driver.push.fcm.token {"source": "driver.firebaseMessaging", "token_present": true}
 INFO  [FCM-GATE] token received {"source": "driver.notifications.bridge", "stage": "app_foreground", "tokenLength": 142}
 INFO  [driver-telemetry] driver_push.token_acquired {"provider": "fcm", "source": "driver.notifications.bridge", "stage": "app_foreground", "token_length": 142}
 INFO  [FCM-GATE] posting token {"provider": "fcm", "source": "driver.notifications.bridge", "stage": "app_foreground"}
 INFO  [driver-telemetry] driver.network.profile {"network_profile_active": "offline", "recommended_sync_interval_ms": 30000, "source": "core.api.client"}
 INFO  [driver-telemetry] driver.http.timeout {"endpoint": "/driver/me/telemetry/push", "network_profile_active": "offline", "source": "core.api.client", "timeout_ms": 2500}
 INFO  [driver-telemetry] driver.network.profile {"network_profile_active": "offline", "recommended_sync_interval_ms": 30000, "source": "core.api.client"}
 INFO  [driver-telemetry] driver.http.timeout {"endpoint": "/driver/save-push-token", "network_profile_active": "offline", "source": "core.api.client", "timeout_ms": 2500}
 INFO  [driver-telemetry] push.token.registered {"provider": "fcm", "source": "driver.notifications.bridge"}
 INFO  [driver-telemetry] driver_push.register_success {"provider": "fcm", "source": "driver.notifications.bridge"}
 INFO  [driver-telemetry] driver.network.profile {"network_profile_active": "offline", "recommended_sync_interval_ms": 30000, "source": "core.api.client"}
 INFO  [driver-telemetry] driver.http.timeout {"endpoint": "/driver/me/telemetry/push", "network_profile_active": "offline", "source": "core.api.client", "timeout_ms": 2500}
 INFO  [driver-telemetry] auth.refresh.endpoint_used {"endpoint": "refresh-token", "source": "core.api.client"}
 INFO  [perf-kpi] perf.realtime.notify {"duration_ms": 0, "listener_count": 3, "role": "driver", "screen": "/", "source": "perf.instrumentation", "timestamp_client": "2026-08-16T09:58:34.346Z"}
 INFO  [driver-telemetry] realtime.transport.state {"actual_transport": "polling", "connected": true, "mode": "socket", "source": "core.realtime.manager", "transport_authority": "polling"}
 INFO  [perf-kpi] perf.realtime.notify {"duration_ms": 1, "listener_count": 3, "role": "driver", "screen": "/", "source": "perf.instrumentation", "timestamp_client": "2026-08-16T09:58:34.350Z"}
 LOG  [DriverSocket] {"contextId": "driver:19", "hasToken": true, "path": "/socket.io", "socketUrl": "http://127.0.0.1:15100", "surface": "driver", "transports": ["websocket", "polling"], "urlEnvSource": "EXPO_PUBLIC_DRIVER_SOCKET_URL"}
 INFO  [driver-telemetry] tracking.session.readiness {"readiness": "CREATING", "reason": "session_conflict", "session_generation": 908, "source": "driver.tracking.queue", "tracking_session_id": "trk_sess_1786874306290_43ymi0c1"}
 INFO  [driver-telemetry] tracking.session.readiness {"readiness": "REGISTERING", "reason": "session_conflict", "session_generation": null, "source": "driver.tracking.queue", "tracking_session_id": "trk_sess_1786874314353_r0vtd1f8"}
 INFO  [driver-telemetry] tracking.session.readiness {"readiness": "REGISTERING", "reason": "register_start", "session_generation": null, "source": "driver.tracking.queue", "tracking_session_id": "trk_sess_1786874314353_r0vtd1f8"}
 INFO  [driver-telemetry] driver.network.profile {"network_profile_active": "offline", "recommended_sync_interval_ms": 30000, "source": "core.api.client"}
 INFO  [driver-telemetry] driver.http.timeout {"endpoint": "/driver/me/tracking/sessions", "network_profile_active": "offline", "source": "core.api.client", "timeout_ms": 2500}
 INFO  [perf-kpi] perf.runtime.socket_reconnect_failed_total {"context_id": "driver:19", "source": "perf.runtime_stability", "timestamp_client": "2026-08-16T09:58:34.364Z", "total": 13}
 INFO  [driver-telemetry] realtime.transport.state {"actual_transport": "polling", "connected": false, "mode": "polling", "source": "core.realtime.manager", "transport_authority": "degraded"}
 INFO  [perf-kpi] perf.realtime.notify {"duration_ms": 1, "listener_count": 3, "role": "driver", "screen": "/", "source": "perf.instrumentation", "timestamp_client": "2026-08-16T09:58:34.366Z"}
 INFO  [driver-telemetry] realtime.socket.disconnect {"context_id": "driver:19", "reason": "websocket error", "source": "core.realtime.manager"}
 INFO  [driver-telemetry] realtime.transport.mismatch {"actual_transport": "polling", "context_id": "driver:19", "desired_transport": "socket", "source": "core.realtime.manager"}
 INFO  [driver-telemetry] realtime.reconnect.circuit_breaker_blocked {"context_id": "driver:19", "source": "core.realtime.manager"}
 INFO  [driver-telemetry] tracking.queue.flush {"backend_acked": 0, "dropped": 0, "flush_path": "http_fallback", "network_profile_active": "normal", "oldest_item_age_ms": null, "queue_depth": 0, "retried": 0, "sent": 0, "socket_emitted": 0, "source": "driver.tracking.queue", "tracking_queue_oldest_age_ms": null}
 INFO  [driver-telemetry] tracking.flush.transport {"backend_acked": 0, "sent": 0, "socket_emitted": 0, "source": "driver.tracking.queue", "transport": "http"}
 INFO  [driver-telemetry] driver.network.profile {"network_profile_active": "offline", "recommended_sync_interval_ms": 30000, "source": "core.api.client"}
 INFO  [driver-telemetry] driver.http.timeout {"endpoint": "/driver/me/bookings/since", "network_profile_active": "offline", "source": "core.api.client", "timeout_ms": 2500}
 INFO  [driver-telemetry] driver.http.fail_fast_offline {"connected": false, "endpoint": "/driver/me/bookings/since", "internet_reachable": false, "network_type": "fallback", "source": "core.api.client"}
 INFO  [driver-telemetry] driver.runtime.resume.failure {"context_id": "driver:19", "reason": "resume_failed", "resume_attempt_id": "driver:19:1786874314044:5", "retry_count": 1, "source": "driver.runtime.resume", "will_retry": true}
 INFO  [driver-telemetry] tracking.session.readiness {"readiness": "READY", "reason": "register_ok", "session_generation": 909, "source": "driver.tracking.queue", "tracking_session_id": "trk_sess_1786874314353_r0vtd1f8"}
 INFO  [driver-telemetry] tracking.session.reconciled {"previous_session_id": "trk_sess_1786874306290_43ymi0c1", "readiness": "READY", "rebound_count": 0, "released_socket_count": 0, "source": "driver.tracking.queue", "tracking_session_id": "trk_sess_1786874314353_r0vtd1f8"}
 INFO  [driver-telemetry] tracking.queue.flush {"backend_acked": 0, "dropped": 0, "flush_path": "http_fallback", "network_profile_active": "normal", "oldest_item_age_ms": null, "queue_depth": 0, "retried": 0, "sent": 0, "socket_emitted": 0, "source": "driver.tracking.queue", "tracking_queue_oldest_age_ms": null}
 INFO  [driver-telemetry] tracking.flush.transport {"backend_acked": 0, "sent": 0, "socket_emitted": 0, "source": "driver.tracking.queue", "transport": "http"}
 INFO  [driver-telemetry] auth.refresh.endpoint_used {"endpoint": "refresh-token", "source": "core.api.client"}
 INFO  [perf-kpi] perf.realtime.notify {"duration_ms": 1, "listener_count": 3, "role": "driver", "screen": "/", "source": "perf.instrumentation", "timestamp_client": "2026-08-16T09:58:34.510Z"}
 INFO  [driver-telemetry] realtime.transport.state {"actual_transport": "polling", "connected": true, "mode": "socket", "source": "core.realtime.manager", "transport_authority": "polling"}
 INFO  [perf-kpi] perf.realtime.notify {"duration_ms": 1, "listener_count": 3, "role": "driver", "screen": "/", "source": "perf.instrumentation", "timestamp_client": "2026-08-16T09:58:34.512Z"}
 LOG  [DriverSocket] {"contextId": "driver:19", "hasToken": true, "path": "/socket.io", "socketUrl": "http://127.0.0.1:15100", "surface": "driver", "transports": ["websocket", "polling"], "urlEnvSource": "EXPO_PUBLIC_DRIVER_SOCKET_URL"}
 INFO  [driver-telemetry] driver.network.profile {"network_profile_active": "offline", "recommended_sync_interval_ms": 30000, "source": "core.api.client"}
 INFO  [driver-telemetry] driver.http.timeout {"endpoint": "/driver/me/bookings/since", "network_profile_active": "offline", "source": "core.api.client", "timeout_ms": 2500}
 INFO  [driver-telemetry] driver.http.fail_fast_offline {"connected": false, "endpoint": "/driver/me/bookings/since", "internet_reachable": false, "network_type": "fallback", "source": "core.api.client"}
 INFO  [driver-telemetry] driver.runtime.resume.failure {"context_id": "driver:19", "reason": "resume_failed", "resume_attempt_id": "driver:19:1786874314044:5", "retry_count": 2, "source": "driver.runtime.resume", "will_retry": false}
 INFO  [perf-kpi] perf.runtime.socket_reconnect_failed_total {"context_id": "driver:19", "source": "perf.runtime_stability", "timestamp_client": "2026-08-16T09:58:34.528Z", "total": 14}
 INFO  [driver-telemetry] realtime.transport.state {"actual_transport": "polling", "connected": false, "mode": "polling", "source": "core.realtime.manager", "transport_authority": "degraded"}
 INFO  [perf-kpi] perf.realtime.notify {"duration_ms": 0, "listener_count": 3, "role": "driver", "screen": "/", "source": "perf.instrumentation", "timestamp_client": "2026-08-16T09:58:34.529Z"}
 INFO  [driver-telemetry] realtime.socket.disconnect {"context_id": "driver:19", "reason": "websocket error", "source": "core.realtime.manager"}
 INFO  [driver-telemetry] realtime.transport.mismatch {"actual_transport": "polling", "context_id": "driver:19", "desired_transport": "socket", "source": "core.realtime.manager"}
 INFO  [driver-telemetry] realtime.reconnect.circuit_breaker_blocked {"context_id": "driver:19", "source": "core.realtime.manager"}
 INFO  [driver-telemetry] auth.refresh.endpoint_used {"endpoint": "refresh-token", "source": "core.api.client"}
 INFO  [driver-telemetry] driver.network.profile {"network_profile_active": "offline", "recommended_sync_interval_ms": 30000, "source": "core.api.client"}
 INFO  [driver-telemetry] driver.http.timeout {"endpoint": "/driver/me/bookings/since", "network_profile_active": "offline", "source": "core.api.client", "timeout_ms": 2500}
 INFO  [driver-telemetry] driver.http.fail_fast_offline {"connected": false, "endpoint": "/driver/me/bookings/since", "internet_reachable": false, "network_type": "fallback", "source": "core.api.client"}
 INFO  [driver-telemetry] driver.runtime.reconcile.failure {"context_id": "driver:19", "reason": "reconcile_failed", "source": "driver.sync.orchestrator", "trigger": "reconnect"}
 INFO  [FCM-GATE] register effect start {"enabled": true, "fcmEnabled": true, "source": "driver.notifications.bridge", "stage": "app_foreground"}
 INFO  [driver-telemetry] driver.foreground.resume.resync {"context_id": "driver:19", "foreground_resume_resync_total": 1, "source": "driver.sync_engine"}
 INFO  [driver-telemetry] driver.runtime.resume.start {"app_state": "active", "context_id": "driver:19", "resume_attempt_id": "driver:19:1786874322164:6", "source": "driver.runtime.resume"}
 INFO  [perf-kpi] perf.js_long_task {"duration_ms": 107.0963019952178, "role": "driver", "screen": "/", "source": "perf.instrumentation", "timestamp_client": "2026-08-16T09:58:42.166Z"}
 INFO  [driver-telemetry] tracking.device_health.send_skipped {"age_ms": 32422, "reason": "throttled", "source": "driver.device_health", "trigger_reason": null}
 INFO  [driver-telemetry] tracking.send.skipped {"app_state": "active", "mission_id": 27, "reason": "no_position_fix", "source": "driver.tracking.bridge"}
 INFO  [driver-telemetry] tracking.device_health.send_skipped {"age_ms": 32463, "reason": "throttled", "source": "driver.device_health", "trigger_reason": "health_monitor_ok"}
 INFO  [FCM-GATE] requesting token {"source": "driver.notifications.bridge", "stage": "app_foreground"}
 INFO  [driver-telemetry] driver.push.fcm.get_token_start {"platform": "android", "source": "driver.firebaseMessaging"}
 INFO  [FCM-GATE] getDriverFcmToken start {"platform": "android"}
 INFO  [FCM-GATE] getToken success {"tokenLength": 142}
 INFO  [driver-telemetry] driver.push.fcm.token {"source": "driver.firebaseMessaging", "token_present": true}
 INFO  [FCM-GATE] token received {"source": "driver.notifications.bridge", "stage": "app_foreground", "tokenLength": 142}
 INFO  [driver-telemetry] driver_push.token_acquired {"provider": "fcm", "source": "driver.notifications.bridge", "stage": "app_foreground", "token_length": 142}
 INFO  [FCM-GATE] posting token {"provider": "fcm", "source": "driver.notifications.bridge", "stage": "app_foreground"}
 INFO  [driver-telemetry] driver.network.profile {"network_profile_active": "offline", "recommended_sync_interval_ms": 30000, "source": "core.api.client"}
 INFO  [driver-telemetry] driver.http.timeout {"endpoint": "/driver/me/telemetry/push", "network_profile_active": "offline", "source": "core.api.client", "timeout_ms": 2500}
 INFO  [driver-telemetry] auth.refresh.failure {"error_code": "too_many_requests", "reason": "Request failed with status code 429", "source": "core.api.client", "status": 429}
 INFO  [perf-kpi] perf.realtime.notify {"duration_ms": 1, "listener_count": 3, "role": "driver", "screen": "/", "source": "perf.instrumentation", "timestamp_client": "2026-08-16T09:58:42.252Z"}
 INFO  [driver-telemetry] realtime.transport.state {"actual_transport": "polling", "connected": true, "mode": "socket", "source": "core.realtime.manager", "transport_authority": "polling"}
 INFO  [perf-kpi] perf.realtime.notify {"duration_ms": 0, "listener_count": 3, "role": "driver", "screen": "/", "source": "perf.instrumentation", "timestamp_client": "2026-08-16T09:58:42.253Z"}
 LOG  [DriverSocket] {"contextId": "driver:19", "hasToken": true, "path": "/socket.io", "socketUrl": "http://127.0.0.1:15100", "surface": "driver", "transports": ["websocket", "polling"], "urlEnvSource": "EXPO_PUBLIC_DRIVER_SOCKET_URL"}
 INFO  [driver-telemetry] tracking.session.readiness {"readiness": "CREATING", "reason": "session_conflict", "session_generation": 909, "source": "driver.tracking.queue", "tracking_session_id": "trk_sess_1786874314353_r0vtd1f8"}
 INFO  [driver-telemetry] tracking.session.readiness {"readiness": "REGISTERING", "reason": "session_conflict", "session_generation": null, "source": "driver.tracking.queue", "tracking_session_id": "trk_sess_1786874322255_ay0wxbbm"}
 INFO  [driver-telemetry] tracking.session.readiness {"readiness": "REGISTERING", "reason": "register_start", "session_generation": null, "source": "driver.tracking.queue", "tracking_session_id": "trk_sess_1786874322255_ay0wxbbm"}
 INFO  [driver-telemetry] driver.network.profile {"network_profile_active": "offline", "recommended_sync_interval_ms": 30000, "source": "core.api.client"}
 INFO  [driver-telemetry] driver.http.timeout {"endpoint": "/driver/me/tracking/sessions", "network_profile_active": "offline", "source": "core.api.client", "timeout_ms": 2500}
 INFO  [driver-telemetry] driver.network.profile {"network_profile_active": "offline", "recommended_sync_interval_ms": 30000, "source": "core.api.client"}
 INFO  [driver-telemetry] driver.http.timeout {"endpoint": "/driver/save-push-token", "network_profile_active": "offline", "source": "core.api.client", "timeout_ms": 2500}
 INFO  [perf-kpi] perf.runtime.socket_reconnect_failed_total {"context_id": "driver:19", "source": "perf.runtime_stability", "timestamp_client": "2026-08-16T09:58:42.276Z", "total": 15}
 INFO  [driver-telemetry] realtime.transport.state {"actual_transport": "polling", "connected": false, "mode": "polling", "source": "core.realtime.manager", "transport_authority": "degraded"}
 INFO  [perf-kpi] perf.realtime.notify {"duration_ms": 1, "listener_count": 3, "role": "driver", "screen": "/", "source": "perf.instrumentation", "timestamp_client": "2026-08-16T09:58:42.278Z"}
 INFO  [driver-telemetry] realtime.socket.disconnect {"context_id": "driver:19", "reason": "websocket error", "source": "core.realtime.manager"}
 INFO  [driver-telemetry] realtime.transport.mismatch {"actual_transport": "polling", "context_id": "driver:19", "desired_transport": "socket", "source": "core.realtime.manager"}
 INFO  [driver-telemetry] realtime.reconnect.circuit_breaker_blocked {"context_id": "driver:19", "source": "core.realtime.manager"}
 INFO  [driver-telemetry] driver.network.profile {"network_profile_active": "offline", "recommended_sync_interval_ms": 30000, "source": "core.api.client"}
 INFO  [driver-telemetry] driver.http.timeout {"endpoint": "/driver/me/bookings/since", "network_profile_active": "offline", "source": "core.api.client", "timeout_ms": 2500}
 INFO  [driver-telemetry] driver.http.fail_fast_offline {"connected": false, "endpoint": "/driver/me/bookings/since", "internet_reachable": false, "network_type": "fallback", "source": "core.api.client"}
 INFO  [driver-telemetry] driver.runtime.resume.failure {"context_id": "driver:19", "reason": "resume_failed", "resume_attempt_id": "driver:19:1786874322164:6", "retry_count": 1, "source": "driver.runtime.resume", "will_retry": true}
 INFO  [driver-telemetry] tracking.queue.flush {"backend_acked": 0, "dropped": 0, "flush_path": "http_fallback", "network_profile_active": "normal", "oldest_item_age_ms": null, "queue_depth": 0, "retried": 0, "sent": 0, "socket_emitted": 0, "source": "driver.tracking.queue", "tracking_queue_oldest_age_ms": null}
 INFO  [driver-telemetry] tracking.flush.transport {"backend_acked": 0, "sent": 0, "socket_emitted": 0, "source": "driver.tracking.queue", "transport": "http"}
 INFO  [driver-telemetry] push.token.registered {"provider": "fcm", "source": "driver.notifications.bridge"}
 INFO  [driver-telemetry] driver_push.register_success {"provider": "fcm", "source": "driver.notifications.bridge"}
 INFO  [driver-telemetry] driver.network.profile {"network_profile_active": "offline", "recommended_sync_interval_ms": 30000, "source": "core.api.client"}
 INFO  [driver-telemetry] driver.http.timeout {"endpoint": "/driver/me/telemetry/push", "network_profile_active": "offline", "source": "core.api.client", "timeout_ms": 2500}
 INFO  [perf-kpi] perf.realtime.notify {"duration_ms": 0, "listener_count": 3, "role": "driver", "screen": "/", "source": "perf.instrumentation", "timestamp_client": "2026-08-16T09:58:42.346Z"}
 INFO  [driver-telemetry] realtime.transport.state {"actual_transport": "polling", "connected": true, "mode": "socket", "source": "core.realtime.manager", "transport_authority": "polling"}
 INFO  [perf-kpi] perf.realtime.notify {"duration_ms": 0, "listener_count": 3, "role": "driver", "screen": "/", "source": "perf.instrumentation", "timestamp_client": "2026-08-16T09:58:42.347Z"}
 LOG  [DriverSocket] {"contextId": "driver:19", "hasToken": true, "path": "/socket.io", "socketUrl": "http://127.0.0.1:15100", "surface": "driver", "transports": ["websocket", "polling"], "urlEnvSource": "EXPO_PUBLIC_DRIVER_SOCKET_URL"}
 INFO  [driver-telemetry] tracking.session.readiness {"readiness": "READY", "reason": "register_ok", "session_generation": 910, "source": "driver.tracking.queue", "tracking_session_id": "trk_sess_1786874322255_ay0wxbbm"}
 INFO  [driver-telemetry] tracking.session.reconciled {"previous_session_id": "trk_sess_1786874314353_r0vtd1f8", "readiness": "READY", "rebound_count": 0, "released_socket_count": 0, "source": "driver.tracking.queue", "tracking_session_id": "trk_sess_1786874322255_ay0wxbbm"}
 INFO  [driver-telemetry] tracking.queue.flush {"backend_acked": 0, "dropped": 0, "flush_path": "http_fallback", "network_profile_active": "normal", "oldest_item_age_ms": null, "queue_depth": 0, "retried": 0, "sent": 0, "socket_emitted": 0, "source": "driver.tracking.queue", "tracking_queue_oldest_age_ms": null}
 INFO  [driver-telemetry] tracking.flush.transport {"backend_acked": 0, "sent": 0, "socket_emitted": 0, "source": "driver.tracking.queue", "transport": "http"}
 INFO  [perf-kpi] perf.runtime.socket_reconnect_failed_total {"context_id": "driver:19", "source": "perf.runtime_stability", "timestamp_client": "2026-08-16T09:58:42.364Z", "total": 16}
 INFO  [driver-telemetry] realtime.transport.state {"actual_transport": "polling", "connected": false, "mode": "polling", "source": "core.realtime.manager", "transport_authority": "degraded"}
 INFO  [perf-kpi] perf.realtime.notify {"duration_ms": 0, "listener_count": 3, "role": "driver", "screen": "/", "source": "perf.instrumentation", "timestamp_client": "2026-08-16T09:58:42.365Z"}
 INFO  [driver-telemetry] realtime.socket.disconnect {"context_id": "driver:19", "reason": "websocket error", "source": "core.realtime.manager"}
 INFO  [driver-telemetry] realtime.transport.mismatch {"actual_transport": "polling", "context_id": "driver:19", "desired_transport": "socket", "source": "core.realtime.manager"}
 INFO  [driver-telemetry] realtime.reconnect.circuit_breaker_blocked {"context_id": "driver:19", "source": "core.realtime.manager"}
 INFO  [driver-telemetry] driver.network.profile {"network_profile_active": "offline", "recommended_sync_interval_ms": 30000, "source": "core.api.client"}
 INFO  [driver-telemetry] driver.http.timeout {"endpoint": "/driver/me/bookings/since", "network_profile_active": "offline", "source": "core.api.client", "timeout_ms": 2500}
 INFO  [driver-telemetry] driver.http.fail_fast_offline {"connected": false, "endpoint": "/driver/me/bookings/since", "internet_reachable": false, "network_type": "fallback", "source": "core.api.client"}
 INFO  [driver-telemetry] driver.runtime.resume.failure {"context_id": "driver:19", "reason": "resume_failed", "resume_attempt_id": "driver:19:1786874322164:6", "retry_count": 2, "source": "driver.runtime.resume", "will_retry": false}
 INFO  [driver-telemetry] driver.network.profile {"network_profile_active": "offline", "recommended_sync_interval_ms": 30000, "source": "core.api.client"}
 INFO  [driver-telemetry] driver.http.timeout {"endpoint": "/driver/me/bookings/since", "network_profile_active": "offline", "source": "core.api.client", "timeout_ms": 2500}
 INFO  [driver-telemetry] driver.http.fail_fast_offline {"connected": false, "endpoint": "/driver/me/bookings/since", "internet_reachable": false, "network_type": "fallback", "source": "core.api.client"}
 INFO  [driver-telemetry] driver.runtime.reconcile.failure {"context_id": "driver:19", "reason": "reconcile_failed", "source": "driver.sync.orchestrator", "trigger": "reconnect"}
 INFO  [driver-telemetry] driver.network.tick {"app_state": "active", "context_id": "driver:19", "driver_network_tick_total": 1, "mission_presence": "relevant", "network_activity_authority": "mission_active_loop", "network_profile_active": "offline", "source": "driver.realtime"}
 INFO  [driver-telemetry] driver.network.profile {"context_id": "driver:19", "network_profile_active": "offline", "recommended_sync_interval_ms": 30000, "source": "driver.realtime"}
 INFO  [driver-telemetry] driver.network.wake {"context_id": "driver:19", "driver_network_wake_cause": "polling_tick", "network_activity_authority": "mission_active_loop", "source": "driver.realtime"}
 INFO  [driver-telemetry] driver.network.profile {"network_profile_active": "offline", "recommended_sync_interval_ms": 30000, "source": "core.api.client"}
 INFO  [driver-telemetry] driver.http.timeout {"endpoint": "/driver/me/bookings", "network_profile_active": "offline", "source": "core.api.client", "timeout_ms": 2500}
 INFO  [driver-telemetry] realtime.transport.state {"actual_transport": "polling", "connected": false, "mode": "polling", "source": "core.realtime.manager", "transport_authority": "polling"}
 INFO  [perf-kpi] perf.realtime.notify {"duration_ms": 1, "listener_count": 3, "role": "driver", "screen": "/", "source": "perf.instrumentation", "timestamp_client": "2026-08-16T09:58:44.455Z"}
 INFO  [driver-telemetry] realtime.transport.authority {"reason": "full_polling_tick", "source": "core.realtime.manager", "transport_authority": "polling"}
 INFO  [driver-telemetry] realtime.polling.full_refetch {"context_id": "driver:19", "driver_http_calls_per_hour": 1, "mission_poll_full_refetch_total": 1, "network_activity_authority": "mission_active_loop", "source": "driver.realtime"}
 INFO  [driver-telemetry] realtime.mission.freshness {"context_id": "driver:19", "mission_state_freshness_ms": 293457, "realtime_transport_mode": "polling", "source": "driver.realtime.polling"}
 INFO  [driver-telemetry] tracking.auth.presence.ensure_headless {"driver_id": 19, "kind": "SESSION_AVAILABLE", "path": "memory_cache"}
 INFO  [driver-telemetry] tracking.background.task_invoked {"locations_count": 1, "mission_id": 27, "source": "driver.services.backgroundLocationTask", "task_mode": "mission", "task_name": "background-location-task", "timestamp": 1786874326539}
 INFO  [driver-telemetry] tracking.queue.enqueued {"app_state": "background", "location_mode": "mission_live", "mission_id": 27, "oldest_item_age_ms": 15, "queue_depth": 1, "sequence_id": 1, "source": "driver.tracking.queue", "tracking_session_id": "trk_sess_1786874322255_ay0wxbbm"}
 INFO  [driver-telemetry] driver.network.profile {"network_profile_active": "offline", "recommended_sync_interval_ms": 30000, "source": "core.api.client"}
 INFO  [driver-telemetry] driver.http.timeout {"endpoint": "/driver/me/location", "network_profile_active": "offline", "source": "core.api.client", "timeout_ms": 28000}
 INFO  [driver-telemetry] tracking.ingest.ack {"accept_reason": "", "ack_status": "persisted", "durability": "persisted_sync", "flush_path": "http_fallback", "mission_id": 27, "queue_item_id": "trk_1786874326539_zs5vxl7u", "source": "driver.tracking.queue", "trace_id": "mob_msvmu6fx_06vhstqj"}
 INFO  [driver-telemetry] tracking.queue.flush {"backend_acked": 1, "dropped": 0, "flush_path": "http_fallback", "network_profile_active": "poor", "oldest_item_age_ms": 182, "queue_depth": 0, "retried": 0, "sent": 1, "socket_emitted": 0, "source": "driver.tracking.queue", "tracking_queue_oldest_age_ms": 182}
 INFO  [driver-telemetry] tracking.flush.transport {"backend_acked": 1, "sent": 1, "socket_emitted": 0, "source": "driver.tracking.queue", "transport": "http"}
 INFO  [driver-telemetry] tracking.background.task.flush {"backend_acked": 1, "dropped": 0, "mission_id": 27, "network_profile_active": "poor", "queue_depth": 0, "sent": 1, "socket_emitted": 0, "source": "driver.services.backgroundLocationTask", "task_mode": "mission", "task_name": "background-location-task"}
 INFO  [FCM-GATE] register effect start {"enabled": true, "fcmEnabled": true, "source": "driver.notifications.bridge", "stage": "app_foreground"}
 INFO  [driver-telemetry] driver.foreground.resume.resync {"context_id": "driver:19", "foreground_resume_resync_total": 1, "source": "driver.sync_engine"}
 INFO  [driver-telemetry] driver.runtime.resume.start {"app_state": "active", "context_id": "driver:19", "resume_attempt_id": "driver:19:1786874330289:7", "source": "driver.runtime.resume"}
 INFO  [driver-telemetry] tracking.device_health.send_skipped {"age_ms": 40545, "reason": "throttled", "source": "driver.device_health", "trigger_reason": null}
 INFO  [driver-telemetry] tracking.device_health.send_skipped {"age_ms": 40574, "reason": "throttled", "source": "driver.device_health", "trigger_reason": "health_monitor_ok"}
 INFO  [driver-telemetry] realtime.degraded.entered {"degraded_hysteresis_ms": 8000, "source": "core.realtime.manager"}
 INFO  [driver-telemetry] realtime.transport.state {"actual_transport": "polling", "connected": false, "mode": "polling", "source": "core.realtime.manager", "transport_authority": "degraded"}
 INFO  [perf-kpi] perf.realtime.notify {"duration_ms": 0, "listener_count": 3, "role": "driver", "screen": "/", "source": "perf.instrumentation", "timestamp_client": "2026-08-16T09:58:50.359Z"}
 INFO  [FCM-GATE] requesting token {"source": "driver.notifications.bridge", "stage": "app_foreground"}
 INFO  [driver-telemetry] driver.push.fcm.get_token_start {"platform": "android", "source": "driver.firebaseMessaging"}
 INFO  [FCM-GATE] getDriverFcmToken start {"platform": "android"}
 INFO  [FCM-GATE] getToken success {"tokenLength": 142}
 INFO  [driver-telemetry] driver.push.fcm.token {"source": "driver.firebaseMessaging", "token_present": true}
 INFO  [FCM-GATE] token received {"source": "driver.notifications.bridge", "stage": "app_foreground", "tokenLength": 142}
 INFO  [driver-telemetry] driver_push.token_acquired {"provider": "fcm", "source": "driver.notifications.bridge", "stage": "app_foreground", "token_length": 142}
 INFO  [FCM-GATE] posting token {"provider": "fcm", "source": "driver.notifications.bridge", "stage": "app_foreground"}
 INFO  [driver-telemetry] driver.network.profile {"network_profile_active": "offline", "recommended_sync_interval_ms": 30000, "source": "core.api.client"}
 INFO  [driver-telemetry] driver.http.timeout {"endpoint": "/driver/me/telemetry/push", "network_profile_active": "offline", "source": "core.api.client", "timeout_ms": 2500}
 INFO  [perf-kpi] perf.realtime.notify {"duration_ms": 0, "listener_count": 3, "role": "driver", "screen": "/", "source": "perf.instrumentation", "timestamp_client": "2026-08-16T09:58:50.379Z"}
 INFO  [driver-telemetry] realtime.transport.state {"actual_transport": "polling", "connected": true, "mode": "socket", "source": "core.realtime.manager", "transport_authority": "polling"}
 INFO  [perf-kpi] perf.realtime.notify {"duration_ms": 0, "listener_count": 3, "role": "driver", "screen": "/", "source": "perf.instrumentation", "timestamp_client": "2026-08-16T09:58:50.380Z"}
 LOG  [DriverSocket] {"contextId": "driver:19", "hasToken": true, "path": "/socket.io", "socketUrl": "http://127.0.0.1:15100", "surface": "driver", "transports": ["websocket", "polling"], "urlEnvSource": "EXPO_PUBLIC_DRIVER_SOCKET_URL"}
 INFO  [driver-telemetry] tracking.session.readiness {"readiness": "CREATING", "reason": "session_conflict", "session_generation": 910, "source": "driver.tracking.queue", "tracking_session_id": "trk_sess_1786874322255_ay0wxbbm"}
 INFO  [driver-telemetry] tracking.session.readiness {"readiness": "REGISTERING", "reason": "session_conflict", "session_generation": null, "source": "driver.tracking.queue", "tracking_session_id": "trk_sess_1786874330382_4oebhr0x"}
 INFO  [driver-telemetry] tracking.session.readiness {"readiness": "REGISTERING", "reason": "register_start", "session_generation": null, "source": "driver.tracking.queue", "tracking_session_id": "trk_sess_1786874330382_4oebhr0x"}
 INFO  [driver-telemetry] driver.network.profile {"network_profile_active": "offline", "recommended_sync_interval_ms": 30000, "source": "core.api.client"}
 INFO  [driver-telemetry] driver.http.timeout {"endpoint": "/driver/me/tracking/sessions", "network_profile_active": "offline", "source": "core.api.client", "timeout_ms": 2500}
 INFO  [driver-telemetry] driver.network.profile {"network_profile_active": "offline", "recommended_sync_interval_ms": 30000, "source": "core.api.client"}
 INFO  [driver-telemetry] driver.http.timeout {"endpoint": "/driver/save-push-token", "network_profile_active": "offline", "source": "core.api.client", "timeout_ms": 2500}
 INFO  [driver-telemetry] driver.network.profile {"network_profile_active": "offline", "recommended_sync_interval_ms": 30000, "source": "core.api.client"}
 INFO  [driver-telemetry] driver.http.timeout {"endpoint": "/driver/me/bookings/since", "network_profile_active": "offline", "source": "core.api.client", "timeout_ms": 2500}
 INFO  [driver-telemetry] driver.http.fail_fast_offline {"connected": false, "endpoint": "/driver/me/bookings/since", "internet_reachable": false, "network_type": "fallback", "source": "core.api.client"}
 INFO  [driver-telemetry] driver.runtime.resume.failure {"context_id": "driver:19", "reason": "resume_failed", "resume_attempt_id": "driver:19:1786874330289:7", "retry_count": 1, "source": "driver.runtime.resume", "will_retry": true}
 INFO  [perf-kpi] perf.runtime.socket_reconnect_failed_total {"context_id": "driver:19", "source": "perf.runtime_stability", "timestamp_client": "2026-08-16T09:58:50.402Z", "total": 17}
 INFO  [driver-telemetry] realtime.transport.state {"actual_transport": "polling", "connected": false, "mode": "polling", "source": "core.realtime.manager", "transport_authority": "degraded"}
 INFO  [perf-kpi] perf.realtime.notify {"duration_ms": 1, "listener_count": 3, "role": "driver", "screen": "/", "source": "perf.instrumentation", "timestamp_client": "2026-08-16T09:58:50.404Z"}
 INFO  [driver-telemetry] realtime.socket.disconnect {"context_id": "driver:19", "reason": "websocket error", "source": "core.realtime.manager"}
 INFO  [driver-telemetry] realtime.transport.mismatch {"actual_transport": "polling", "context_id": "driver:19", "desired_transport": "socket", "source": "core.realtime.manager"}
 INFO  [driver-telemetry] realtime.reconnect.circuit_breaker_blocked {"context_id": "driver:19", "source": "core.realtime.manager"}
 INFO  [driver-telemetry] tracking.queue.flush {"backend_acked": 0, "dropped": 0, "flush_path": "http_fallback", "network_profile_active": "normal", "oldest_item_age_ms": null, "queue_depth": 0, "retried": 0, "sent": 0, "socket_emitted": 0, "source": "driver.tracking.queue", "tracking_queue_oldest_age_ms": null}
 INFO  [driver-telemetry] tracking.flush.transport {"backend_acked": 0, "sent": 0, "socket_emitted": 0, "source": "driver.tracking.queue", "transport": "http"}
 INFO  [driver-telemetry] push.token.registered {"provider": "fcm", "source": "driver.notifications.bridge"}
 INFO  [driver-telemetry] driver_push.register_success {"provider": "fcm", "source": "driver.notifications.bridge"}
 INFO  [driver-telemetry] driver.network.profile {"network_profile_active": "offline", "recommended_sync_interval_ms": 30000, "source": "core.api.client"}
 INFO  [driver-telemetry] driver.http.timeout {"endpoint": "/driver/me/telemetry/push", "network_profile_active": "offline", "source": "core.api.client", "timeout_ms": 2500}
 INFO  [perf-kpi] perf.realtime.notify {"duration_ms": 1, "listener_count": 3, "role": "driver", "screen": "/", "source": "perf.instrumentation", "timestamp_client": "2026-08-16T09:58:50.473Z"}
 INFO  [driver-telemetry] realtime.transport.state {"actual_transport": "polling", "connected": true, "mode": "socket", "source": "core.realtime.manager", "transport_authority": "polling"}
 INFO  [perf-kpi] perf.realtime.notify {"duration_ms": 0, "listener_count": 3, "role": "driver", "screen": "/", "source": "perf.instrumentation", "timestamp_client": "2026-08-16T09:58:50.475Z"}
 LOG  [DriverSocket] {"contextId": "driver:19", "hasToken": true, "path": "/socket.io", "socketUrl": "http://127.0.0.1:15100", "surface": "driver", "transports": ["websocket", "polling"], "urlEnvSource": "EXPO_PUBLIC_DRIVER_SOCKET_URL"}
 INFO  [driver-telemetry] driver.network.profile {"network_profile_active": "offline", "recommended_sync_interval_ms": 30000, "source": "core.api.client"}
 INFO  [driver-telemetry] driver.http.timeout {"endpoint": "/driver/me/bookings/since", "network_profile_active": "offline", "source": "core.api.client", "timeout_ms": 2500}
 INFO  [driver-telemetry] driver.http.fail_fast_offline {"connected": false, "endpoint": "/driver/me/bookings/since", "internet_reachable": false, "network_type": "fallback", "source": "core.api.client"}
 INFO  [driver-telemetry] driver.runtime.resume.failure {"context_id": "driver:19", "reason": "resume_failed", "resume_attempt_id": "driver:19:1786874330289:7", "retry_count": 2, "source": "driver.runtime.resume", "will_retry": false}
 INFO  [perf-kpi] perf.runtime.socket_reconnect_failed_total {"context_id": "driver:19", "source": "perf.runtime_stability", "timestamp_client": "2026-08-16T09:58:50.489Z", "total": 18}
 INFO  [driver-telemetry] realtime.transport.state {"actual_transport": "polling", "connected": false, "mode": "polling", "source": "core.realtime.manager", "transport_authority": "degraded"}
 INFO  [perf-kpi] perf.realtime.notify {"duration_ms": 0, "listener_count": 3, "role": "driver", "screen": "/", "source": "perf.instrumentation", "timestamp_client": "2026-08-16T09:58:50.490Z"}
 INFO  [driver-telemetry] realtime.socket.disconnect {"context_id": "driver:19", "reason": "websocket error", "source": "core.realtime.manager"}
 INFO  [driver-telemetry] realtime.transport.mismatch {"actual_transport": "polling", "context_id": "driver:19", "desired_transport": "socket", "source": "core.realtime.manager"}
 INFO  [driver-telemetry] realtime.reconnect.circuit_breaker_blocked {"context_id": "driver:19", "source": "core.realtime.manager"}
 INFO  [driver-telemetry] tracking.session.readiness {"readiness": "READY", "reason": "register_ok", "session_generation": 911, "source": "driver.tracking.queue", "tracking_session_id": "trk_sess_1786874330382_4oebhr0x"}
 INFO  [driver-telemetry] tracking.session.reconciled {"previous_session_id": "trk_sess_1786874322255_ay0wxbbm", "readiness": "READY", "rebound_count": 0, "released_socket_count": 0, "source": "driver.tracking.queue", "tracking_session_id": "trk_sess_1786874330382_4oebhr0x"}
 INFO  [driver-telemetry] tracking.queue.flush {"backend_acked": 0, "dropped": 0, "flush_path": "http_fallback", "network_profile_active": "normal", "oldest_item_age_ms": null, "queue_depth": 0, "retried": 0, "sent": 0, "socket_emitted": 0, "source": "driver.tracking.queue", "tracking_queue_oldest_age_ms": null}
 INFO  [driver-telemetry] tracking.flush.transport {"backend_acked": 0, "sent": 0, "socket_emitted": 0, "source": "driver.tracking.queue", "transport": "http"}
 INFO  [driver-telemetry] driver.network.profile {"network_profile_active": "offline", "recommended_sync_interval_ms": 30000, "source": "core.api.client"}
 INFO  [driver-telemetry] driver.http.timeout {"endpoint": "/driver/me/bookings/since", "network_profile_active": "offline", "source": "core.api.client", "timeout_ms": 2500}
 INFO  [driver-telemetry] driver.http.fail_fast_offline {"connected": false, "endpoint": "/driver/me/bookings/since", "internet_reachable": false, "network_type": "fallback", "source": "core.api.client"}
 INFO  [driver-telemetry] driver.runtime.reconcile.failure {"context_id": "driver:19", "reason": "reconcile_failed", "source": "driver.sync.orchestrator", "trigger": "reconnect"}
 INFO  [driver-telemetry] tracking.queue.enqueued {"app_state": "active", "location_mode": "mission_live", "mission_id": 27, "oldest_item_age_ms": 17, "queue_depth": 1, "sequence_id": 1, "source": "driver.tracking.queue", "tracking_session_id": "trk_sess_1786874330382_4oebhr0x"}
 INFO  [driver-telemetry] driver.network.profile {"network_profile_active": "offline", "recommended_sync_interval_ms": 30000, "source": "core.api.client"}
 INFO  [driver-telemetry] driver.http.timeout {"endpoint": "/driver/me/location", "network_profile_active": "offline", "source": "core.api.client", "timeout_ms": 28000}
 INFO  [driver-telemetry] tracking.ingest.ack {"accept_reason": "", "ack_status": "persisted", "durability": "persisted_sync", "flush_path": "http_fallback", "mission_id": 27, "queue_item_id": "trk_1786874333744_qns100hm", "source": "driver.tracking.queue", "trace_id": "mob_msvmuc04_9m7ywgpd"}
 INFO  [driver-telemetry] tracking.queue.flush {"backend_acked": 1, "dropped": 0, "flush_path": "http_fallback", "network_profile_active": "normal", "oldest_item_age_ms": 140, "queue_depth": 0, "retried": 0, "sent": 1, "socket_emitted": 0, "source": "driver.tracking.queue", "tracking_queue_oldest_age_ms": 140}
 INFO  [driver-telemetry] tracking.flush.transport {"backend_acked": 1, "sent": 1, "socket_emitted": 0, "source": "driver.tracking.queue", "transport": "http"}
 INFO  [driver-telemetry] tracking.bridge.health {"backend_ack_latency_ms": 2297, "mission_id": 27, "network_profile_active": "normal", "oldest_item_age_ms": 144, "queue_depth": 0, "socket_emit_without_backend_ack_total": 0, "source": "driver.tracking.bridge", "tracking_flush_batch_size": 1}
 INFO  [perf-kpi] perf.instrumentation.aggregate {"notify_listeners_peak": 3, "row_count": 29, "source": "perf.instrumentation", "tier": "dev", "timestamp_client": "2026-08-16T09:58:58.073Z", "top_by_count": [{"avg_ms": 43.818142772022696, "category": "js_long_task", "count": 1259, "max_ms": 646.5984890013933, "p50_ms": 41.73854199796915, "p95_ms": 46.768646001815796, "role": "driver", "screen": "/", "sub_key": "frame_budget", "sum_ms": 55167.041749976575}, {"avg_ms": 0.44642857142857145, "category": "notify", "count": 56, "max_ms": 2, "p50_ms": 1, "p95_ms": 1, "role": "driver", "screen": "/", "sub_key": "lifecycle", "sum_ms": 25}, {"avg_ms": 0, "category": "http", "count": 26, "max_ms": 0, "p50_ms": 0, "p95_ms": 0, "role": "driver", "screen": "/", "sub_key": "/driver/me/bookings/since", "sum_ms": 0}, {"avg_ms": 0, "category": "http", "count": 25, "max_ms": 0, "p50_ms": 0, "p95_ms": 0, "role": "driver", "screen": "/", "sub_key": "/auth/refresh-token", "sum_ms": 0}, {"avg_ms": 0, "category": "http", "count": 22, "max_ms": 0, "p50_ms": 0, "p95_ms": 0, "role": "driver", "screen": "/", "sub_key": "/driver/me/telemetry/push", "sum_ms": 0}, {"avg_ms": 0, "category": "http", "count": 11, "max_ms": 0, "p50_ms": 0, "p95_ms": 0, "role": "driver", "screen": "/", "sub_key": "/driver/save-push-token", "sum_ms": 0}, {"avg_ms": 0, "category": "http", "count": 8, "max_ms": 0, "p50_ms": 0, "p95_ms": 0, "role": "driver", "screen": "/", "sub_key": "/driver/me/location", "sum_ms": 0}, {"avg_ms": 0, "category": "http", "count": 7, "max_ms": 0, "p50_ms": 0, "p95_ms": 0, "role": "driver", "screen": "/", "sub_key": "/driver/me/tracking/sessions", "sum_ms": 0}, {"avg_ms": 28.571172167857487, "category": "js_long_task", "count": 6, "max_ms": 44.33432300388813, "p50_ms": 25.589896000921726, "p95_ms": 44.33432300388813, "role": "unknown", "screen": "app.root", "sub_key": "frame_budget", "sum_ms": 171.42703300714493}, {"avg_ms": 0, "category": "http", "count": 6, "max_ms": 0, "p50_ms": 0, "p95_ms": 0, "role": "driver", "screen": "/", "sub_key": "/messages/3", "sum_ms": 0}], "top_by_sum_ms": [{"avg_ms": 43.818142772022696, "category": "js_long_task", "count": 1259, "max_ms": 646.5984890013933, "p50_ms": 41.73854199796915, "p95_ms": 46.768646001815796, "role": "driver", "screen": "/", "sub_key": "frame_budget", "sum_ms": 55167.041749976575}, {"avg_ms": 1410, "category": "page_load", "count": 1, "max_ms": 1410, "p50_ms": 1410, "p95_ms": 1410, "role": "driver", "screen": "/", "sub_key": "driver.inbox", "sum_ms": 1410}, {"avg_ms": 474, "category": "page_load", "count": 1, "max_ms": 474, "p50_ms": 474, "p95_ms": 474, "role": "driver", "screen": "/", "sub_key": "driver.hub", "sum_ms": 474}, {"avg_ms": 468, "category": "page_load", "count": 1, "max_ms": 468, "p50_ms": 468, "p95_ms": 468, "role": "driver", "screen": "/", "sub_key": "driver.missions", "sum_ms": 468}, {"avg_ms": 28.571172167857487, "category": "js_long_task", "count": 6, "max_ms": 44.33432300388813, "p50_ms": 25.589896000921726, "p95_ms": 44.33432300388813, "role": "unknown", "screen": "app.root", "sub_key": "frame_budget", "sum_ms": 171.42703300714493}, {"avg_ms": 0.44642857142857145, "category": "notify", "count": 56, "max_ms": 2, "p50_ms": 1, "p95_ms": 1, "role": "driver", "screen": "/", "sub_key": "lifecycle", "sum_ms": 25}, {"avg_ms": 0, "category": "http", "count": 3, "max_ms": 0, "p50_ms": 0, "p95_ms": 0, "role": "unknown", "screen": "app.root", "sub_key": "/driver/me/telemetry/push", "sum_ms": 0}, {"avg_ms": 0, "category": "http", "count": 1, "max_ms": 0, "p50_ms": 0, "p95_ms": 0, "role": "unknown", "screen": "app.root", "sub_key": "/auth/csrf-token", "sum_ms": 0}, {"avg_ms": 0, "category": "http", "count": 1, "max_ms": 0, "p50_ms": 0, "p95_ms": 0, "role": "unknown", "screen": "app.root", "sub_key": "/auth/refresh-token", "sum_ms": 0}, {"avg_ms": 0, "category": "http", "count": 1, "max_ms": 0, "p50_ms": 0, "p95_ms": 0, "role": "unknown", "screen": "app.root", "sub_key": "/auth/bootstrap", "sum_ms": 0}]}
 INFO  [FCM-GATE] register effect start {"enabled": true, "fcmEnabled": true, "source": "driver.notifications.bridge", "stage": "app_foreground"}
 INFO  [driver-telemetry] driver.foreground.resume.resync {"context_id": "driver:19", "foreground_resume_resync_total": 1, "source": "driver.sync_engine"}
 INFO  [driver-telemetry] driver.runtime.resume.start {"app_state": "active", "context_id": "driver:19", "resume_attempt_id": "driver:19:1786874338452:8", "source": "driver.runtime.resume"}
 INFO  [perf-kpi] perf.js_long_task {"duration_ms": 131.93708299845457, "role": "driver", "screen": "/", "source": "perf.instrumentation", "timestamp_client": "2026-08-16T09:58:58.453Z"}
 INFO  [driver-telemetry] tracking.device_health.send_skipped {"age_ms": 48700, "reason": "throttled", "source": "driver.device_health", "trigger_reason": null}
 INFO  [driver-telemetry] tracking.send.skipped {"app_state": "active", "mission_id": 27, "reason": "no_position_fix", "source": "driver.tracking.bridge"}
 INFO  [driver-telemetry] realtime.degraded.entered {"degraded_hysteresis_ms": 8000, "source": "core.realtime.manager"}
 INFO  [perf-kpi] perf.realtime.notify {"duration_ms": 1, "listener_count": 3, "role": "driver", "screen": "/", "source": "perf.instrumentation", "timestamp_client": "2026-08-16T09:58:58.483Z"}
 INFO  [driver-telemetry] tracking.device_health.send_skipped {"age_ms": 48739, "reason": "throttled", "source": "driver.device_health", "trigger_reason": "health_monitor_ok"}
 INFO  [FCM-GATE] requesting token {"source": "driver.notifications.bridge", "stage": "app_foreground"}
 INFO  [driver-telemetry] driver.push.fcm.get_token_start {"platform": "android", "source": "driver.firebaseMessaging"}
 INFO  [FCM-GATE] getDriverFcmToken start {"platform": "android"}
 INFO  [FCM-GATE] getToken success {"tokenLength": 142}
 INFO  [driver-telemetry] driver.push.fcm.token {"source": "driver.firebaseMessaging", "token_present": true}
 INFO  [FCM-GATE] token received {"source": "driver.notifications.bridge", "stage": "app_foreground", "tokenLength": 142}
 INFO  [driver-telemetry] driver_push.token_acquired {"provider": "fcm", "source": "driver.notifications.bridge", "stage": "app_foreground", "token_length": 142}
 INFO  [FCM-GATE] posting token {"provider": "fcm", "source": "driver.notifications.bridge", "stage": "app_foreground"}
 INFO  [driver-telemetry] driver.network.profile {"network_profile_active": "offline", "recommended_sync_interval_ms": 30000, "source": "core.api.client"}
 INFO  [driver-telemetry] driver.http.timeout {"endpoint": "/driver/me/telemetry/push", "network_profile_active": "offline", "source": "core.api.client", "timeout_ms": 2500}
 INFO  [driver-telemetry] driver.network.profile {"network_profile_active": "offline", "recommended_sync_interval_ms": 30000, "source": "core.api.client"}
 INFO  [driver-telemetry] driver.http.timeout {"endpoint": "/driver/save-push-token", "network_profile_active": "offline", "source": "core.api.client", "timeout_ms": 2500}
 INFO  [driver-telemetry] push.token.registered {"provider": "fcm", "source": "driver.notifications.bridge"}
 INFO  [driver-telemetry] driver_push.register_success {"provider": "fcm", "source": "driver.notifications.bridge"}
 INFO  [driver-telemetry] driver.network.profile {"network_profile_active": "offline", "recommended_sync_interval_ms": 30000, "source": "core.api.client"}
 INFO  [driver-telemetry] driver.http.timeout {"endpoint": "/driver/me/telemetry/push", "network_profile_active": "offline", "source": "core.api.client", "timeout_ms": 2500}
 INFO  [driver-telemetry] auth.refresh.endpoint_used {"endpoint": "refresh-token", "source": "core.api.client"}
 INFO  [perf-kpi] perf.realtime.notify {"duration_ms": 0, "listener_count": 3, "role": "driver", "screen": "/", "source": "perf.instrumentation", "timestamp_client": "2026-08-16T09:58:58.751Z"}
 INFO  [driver-telemetry] realtime.transport.state {"actual_transport": "polling", "connected": true, "mode": "socket", "source": "core.realtime.manager", "transport_authority": "polling"}
 INFO  [perf-kpi] perf.realtime.notify {"duration_ms": 0, "listener_count": 3, "role": "driver", "screen": "/", "source": "perf.instrumentation", "timestamp_client": "2026-08-16T09:58:58.753Z"}
 LOG  [DriverSocket] {"contextId": "driver:19", "hasToken": true, "path": "/socket.io", "socketUrl": "http://127.0.0.1:15100", "surface": "driver", "transports": ["websocket", "polling"], "urlEnvSource": "EXPO_PUBLIC_DRIVER_SOCKET_URL"}
 INFO  [driver-telemetry] tracking.session.readiness {"readiness": "CREATING", "reason": "session_conflict", "session_generation": 911, "source": "driver.tracking.queue", "tracking_session_id": "trk_sess_1786874330382_4oebhr0x"}
 INFO  [driver-telemetry] tracking.session.readiness {"readiness": "REGISTERING", "reason": "session_conflict", "session_generation": null, "source": "driver.tracking.queue", "tracking_session_id": "trk_sess_1786874338757_zc4106tk"}
 INFO  [driver-telemetry] tracking.session.readiness {"readiness": "REGISTERING", "reason": "register_start", "session_generation": null, "source": "driver.tracking.queue", "tracking_session_id": "trk_sess_1786874338757_zc4106tk"}
 INFO  [driver-telemetry] driver.network.profile {"network_profile_active": "offline", "recommended_sync_interval_ms": 30000, "source": "core.api.client"}
 INFO  [driver-telemetry] driver.http.timeout {"endpoint": "/driver/me/tracking/sessions", "network_profile_active": "offline", "source": "core.api.client", "timeout_ms": 2500}
 INFO  [driver-telemetry] driver.network.profile {"network_profile_active": "offline", "recommended_sync_interval_ms": 30000, "source": "core.api.client"}
 INFO  [driver-telemetry] driver.http.timeout {"endpoint": "/driver/me/bookings/since", "network_profile_active": "offline", "source": "core.api.client", "timeout_ms": 2500}
 INFO  [driver-telemetry] driver.http.fail_fast_offline {"connected": false, "endpoint": "/driver/me/bookings/since", "internet_reachable": false, "network_type": "fallback", "source": "core.api.client"}
 INFO  [driver-telemetry] driver.runtime.resume.failure {"context_id": "driver:19", "reason": "resume_failed", "resume_attempt_id": "driver:19:1786874338452:8", "retry_count": 1, "source": "driver.runtime.resume", "will_retry": true}
 INFO  [perf-kpi] perf.runtime.socket_reconnect_failed_total {"context_id": "driver:19", "source": "perf.runtime_stability", "timestamp_client": "2026-08-16T09:58:58.809Z", "total": 19}
 INFO  [driver-telemetry] realtime.transport.state {"actual_transport": "polling", "connected": false, "mode": "polling", "source": "core.realtime.manager", "transport_authority": "degraded"}
 INFO  [perf-kpi] perf.realtime.notify {"duration_ms": 0, "listener_count": 3, "role": "driver", "screen": "/", "source": "perf.instrumentation", "timestamp_client": "2026-08-16T09:58:58.811Z"}
 INFO  [driver-telemetry] realtime.socket.disconnect {"context_id": "driver:19", "reason": "websocket error", "source": "core.realtime.manager"}
 INFO  [driver-telemetry] realtime.transport.mismatch {"actual_transport": "polling", "context_id": "driver:19", "desired_transport": "socket", "source": "core.realtime.manager"}
 INFO  [driver-telemetry] realtime.reconnect.circuit_breaker_blocked {"context_id": "driver:19", "source": "core.realtime.manager"}
 INFO  [driver-telemetry] auth.refresh.failure {"error_code": "too_many_requests", "reason": "Request failed with status code 429", "source": "core.api.client", "status": 429}
 INFO  [perf-kpi] perf.realtime.notify {"duration_ms": 1, "listener_count": 3, "role": "driver", "screen": "/", "source": "perf.instrumentation", "timestamp_client": "2026-08-16T09:58:58.817Z"}
 INFO  [driver-telemetry] realtime.transport.state {"actual_transport": "polling", "connected": true, "mode": "socket", "source": "core.realtime.manager", "transport_authority": "polling"}
 INFO  [perf-kpi] perf.realtime.notify {"duration_ms": 1, "listener_count": 3, "role": "driver", "screen": "/", "source": "perf.instrumentation", "timestamp_client": "2026-08-16T09:58:58.819Z"}
 LOG  [DriverSocket] {"contextId": "driver:19", "hasToken": true, "path": "/socket.io", "socketUrl": "http://127.0.0.1:15100", "surface": "driver", "transports": ["websocket", "polling"], "urlEnvSource": "EXPO_PUBLIC_DRIVER_SOCKET_URL"}
 INFO  [driver-telemetry] tracking.queue.flush {"backend_acked": 0, "dropped": 0, "flush_path": "http_fallback", "network_profile_active": "normal", "oldest_item_age_ms": null, "queue_depth": 0, "retried": 0, "sent": 0, "socket_emitted": 0, "source": "driver.tracking.queue", "tracking_queue_oldest_age_ms": null}
 INFO  [driver-telemetry] tracking.flush.transport {"backend_acked": 0, "sent": 0, "socket_emitted": 0, "source": "driver.tracking.queue", "transport": "http"}
 INFO  [driver-telemetry] tracking.session.readiness {"readiness": "READY", "reason": "register_ok", "session_generation": 912, "source": "driver.tracking.queue", "tracking_session_id": "trk_sess_1786874338757_zc4106tk"}
 INFO  [perf-kpi] perf.runtime.socket_reconnect_failed_total {"context_id": "driver:19", "source": "perf.runtime_stability", "timestamp_client": "2026-08-16T09:58:58.836Z", "total": 20}
 INFO  [driver-telemetry] realtime.transport.state {"actual_transport": "polling", "connected": false, "mode": "polling", "source": "core.realtime.manager", "transport_authority": "degraded"}
 INFO  [perf-kpi] perf.realtime.notify {"duration_ms": 0, "listener_count": 3, "role": "driver", "screen": "/", "source": "perf.instrumentation", "timestamp_client": "2026-08-16T09:58:58.837Z"}
 INFO  [driver-telemetry] realtime.socket.disconnect {"context_id": "driver:19", "reason": "websocket error", "source": "core.realtime.manager"}
 INFO  [driver-telemetry] realtime.transport.mismatch {"actual_transport": "polling", "context_id": "driver:19", "desired_transport": "socket", "source": "core.realtime.manager"}
 INFO  [driver-telemetry] realtime.reconnect.circuit_breaker_blocked {"context_id": "driver:19", "source": "core.realtime.manager"}
 INFO  [driver-telemetry] tracking.session.reconciled {"previous_session_id": "trk_sess_1786874330382_4oebhr0x", "readiness": "READY", "rebound_count": 0, "released_socket_count": 0, "source": "driver.tracking.queue", "tracking_session_id": "trk_sess_1786874338757_zc4106tk"}
 INFO  [driver-telemetry] tracking.queue.flush {"backend_acked": 0, "dropped": 0, "flush_path": "http_fallback", "network_profile_active": "normal", "oldest_item_age_ms": null, "queue_depth": 0, "retried": 0, "sent": 0, "socket_emitted": 0, "source": "driver.tracking.queue", "tracking_queue_oldest_age_ms": null}
 INFO  [driver-telemetry] tracking.flush.transport {"backend_acked": 0, "sent": 0, "socket_emitted": 0, "source": "driver.tracking.queue", "transport": "http"}
 INFO  [driver-telemetry] driver.network.profile {"network_profile_active": "offline", "recommended_sync_interval_ms": 30000, "source": "core.api.client"}
 INFO  [driver-telemetry] driver.http.timeout {"endpoint": "/driver/me/bookings/since", "network_profile_active": "offline", "source": "core.api.client", "timeout_ms": 2500}
 INFO  [driver-telemetry] driver.http.fail_fast_offline {"connected": false, "endpoint": "/driver/me/bookings/since", "internet_reachable": false, "network_type": "fallback", "source": "core.api.client"}
 INFO  [driver-telemetry] driver.runtime.resume.failure {"context_id": "driver:19", "reason": "resume_failed", "resume_attempt_id": "driver:19:1786874338452:8", "retry_count": 2, "source": "driver.runtime.resume", "will_retry": false}
 INFO  [driver-telemetry] driver.network.profile {"network_profile_active": "offline", "recommended_sync_interval_ms": 30000, "source": "core.api.client"}
 INFO  [driver-telemetry] driver.http.timeout {"endpoint": "/driver/me/bookings/since", "network_profile_active": "offline", "source": "core.api.client", "timeout_ms": 2500}
 INFO  [driver-telemetry] driver.http.fail_fast_offline {"connected": false, "endpoint": "/driver/me/bookings/since", "internet_reachable": false, "network_type": "fallback", "source": "core.api.client"}
 INFO  [driver-telemetry] driver.runtime.reconcile.failure {"context_id": "driver:19", "reason": "reconcile_failed", "source": "driver.sync.orchestrator", "trigger": "reconnect"}
 INFO  [driver-telemetry] driver.runtime.heartbeat {"app_state": "active", "context_id": "driver:19", "feature_flags_version": null, "mission_runtime_in_flight": 0, "mission_runtime_known": 1, "session_valid": true, "socket_connected": false, "source": "driver.hooks.realtime", "tracking_active": true, "tracking_queue_depth": 0}
 INFO  [driver-telemetry] driver.network.tick {"app_state": "active", "context_id": "driver:19", "driver_network_tick_total": 1, "mission_presence": "relevant", "network_activity_authority": "mission_active_loop", "network_profile_active": "offline", "source": "driver.realtime"}
 INFO  [driver-telemetry] driver.network.profile {"context_id": "driver:19", "network_profile_active": "offline", "recommended_sync_interval_ms": 30000, "source": "driver.realtime"}
 INFO  [driver-telemetry] driver.network.wake {"context_id": "driver:19", "driver_network_wake_cause": "polling_tick", "network_activity_authority": "mission_active_loop", "source": "driver.realtime"}
 INFO  [driver-telemetry] driver.network.tick.skipped {"context_id": "driver:19", "driver_network_tick_skipped_total": 1, "network_activity_authority": "mission_active_loop", "reason": "idle_rate_limit", "source": "driver.realtime"}
 INFO  [driver-telemetry] driver.network.tick {"app_state": "active", "context_id": "driver:19", "driver_network_tick_total": 1, "mission_presence": "relevant", "network_activity_authority": "mission_active_loop", "source": "driver.sync_engine"}
 INFO  [driver-telemetry] driver.network.wake {"context_id": "driver:19", "driver_network_wake_cause": "sync_engine", "network_activity_authority": "mission_active_loop", "source": "driver.sync_engine"}
 INFO  [driver-telemetry] driver.sync_engine.flush.skipped {"context_id": "driver:19", "reason": "queue_empty_or_tracking_idle", "source": "driver.sync_engine"}
 INFO  [driver-telemetry] realtime.transport.state {"actual_transport": "polling", "connected": false, "mode": "polling", "source": "core.realtime.manager", "transport_authority": "reconcile"}
 INFO  [perf-kpi] perf.realtime.notify {"duration_ms": 0, "listener_count": 3, "role": "driver", "screen": "/", "source": "perf.instrumentation", "timestamp_client": "2026-08-16T09:58:59.562Z"}
 INFO  [driver-telemetry] realtime.transport.authority {"reason": "sync_engine_tick", "source": "core.realtime.manager", "transport_authority": "reconcile"}
 INFO  [driver-telemetry] driver.sync_engine.heartbeat {"allow_gps_flush": false, "allow_socket": false, "app_state": "active", "context_id": "driver:19", "driver_sync_engine_active_ms": 30000, "interval_ms": 30000, "network_activity_authority": "mission_active_loop", "network_mode": "offline", "source": "driver.sync_engine"}
 INFO  [driver-telemetry] tracking.device_health.send_skipped {"age_ms": 50065, "reason": "throttled", "source": "driver.device_health", "trigger_reason": "health_monitor_ok"}
 INFO  [driver-telemetry] driver.network.profile {"network_profile_active": "offline", "recommended_sync_interval_ms": 30000, "source": "core.api.client"}
 INFO  [driver-telemetry] driver.http.timeout {"endpoint": "/driver/me/bookings/since", "network_profile_active": "offline", "source": "core.api.client", "timeout_ms": 2500}
 INFO  [driver-telemetry] driver.http.fail_fast_offline {"connected": false, "endpoint": "/driver/me/bookings/since", "internet_reachable": false, "network_type": "fallback", "source": "core.api.client"}
 INFO  [driver-telemetry] driver.runtime.reconcile.failure {"context_id": "driver:19", "reason": "reconcile_failed", "source": "driver.sync.orchestrator", "trigger": "manual"}
 INFO  [driver-telemetry] driver.network.profile {"network_profile_active": "offline", "recommended_sync_interval_ms": 30000, "source": "core.api.client"}
 INFO  [driver-telemetry] driver.http.timeout {"endpoint": "/driver/me/bookings/eta", "network_profile_active": "offline", "source": "core.api.client", "timeout_ms": 2500}
 INFO  [driver-telemetry] driver.http.fail_fast_offline {"connected": false, "endpoint": "/driver/me/bookings/eta", "internet_reachable": false, "network_type": "fallback", "source": "core.api.client"}
 INFO  [driver-telemetry] driver.network.profile {"network_profile_active": "offline", "recommended_sync_interval_ms": 30000, "source": "core.api.client"}
 INFO  [driver-telemetry] driver.http.timeout {"endpoint": "/driver/me/bookings/eta", "network_profile_active": "offline", "source": "core.api.client", "timeout_ms": 2500}
 INFO  [driver-telemetry] driver.http.fail_fast_offline {"connected": false, "endpoint": "/driver/me/bookings/eta", "internet_reachable": false, "network_type": "fallback", "source": "core.api.client"}
 INFO  [driver-telemetry] tracking.auth.presence.ensure_headless {"driver_id": 19, "kind": "SESSION_AVAILABLE", "path": "memory_cache"}
 INFO  [driver-telemetry] tracking.background.task_invoked {"locations_count": 1, "mission_id": 27, "source": "driver.services.backgroundLocationTask", "task_mode": "mission", "task_name": "background-location-task", "timestamp": 1786874343902}
 INFO  [driver-telemetry] tracking.queue.enqueued {"app_state": "background", "location_mode": "mission_live", "mission_id": 27, "oldest_item_age_ms": 17, "queue_depth": 1, "sequence_id": 1, "source": "driver.tracking.queue", "tracking_session_id": "trk_sess_1786874338757_zc4106tk"}
 INFO  [driver-telemetry] driver.network.profile {"network_profile_active": "offline", "recommended_sync_interval_ms": 30000, "source": "core.api.client"}
 INFO  [driver-telemetry] driver.http.timeout {"endpoint": "/driver/me/location", "network_profile_active": "offline", "source": "core.api.client", "timeout_ms": 28000}
 INFO  [driver-telemetry] tracking.ingest.ack {"accept_reason": "", "ack_status": "persisted", "durability": "persisted_sync", "flush_path": "http_fallback", "mission_id": 27, "queue_item_id": "trk_1786874343903_o5n21gcl", "source": "driver.tracking.queue", "trace_id": "mob_msvmujua_44etbn89"}
 INFO  [driver-telemetry] tracking.queue.flush {"backend_acked": 1, "dropped": 0, "flush_path": "http_fallback", "network_profile_active": "poor", "oldest_item_age_ms": 158, "queue_depth": 0, "retried": 0, "sent": 1, "socket_emitted": 0, "source": "driver.tracking.queue", "tracking_queue_oldest_age_ms": 158}
 INFO  [driver-telemetry] tracking.flush.transport {"backend_acked": 1, "sent": 1, "socket_emitted": 0, "source": "driver.tracking.queue", "transport": "http"}
 INFO  [driver-telemetry] tracking.background.task.flush {"backend_acked": 1, "dropped": 0, "mission_id": 27, "network_profile_active": "poor", "queue_depth": 0, "sent": 1, "socket_emitted": 0, "source": "driver.services.backgroundLocationTask", "task_mode": "mission", "task_name": "background-location-task"}
 INFO  [FCM-GATE] register effect start {"enabled": true, "fcmEnabled": true, "source": "driver.notifications.bridge", "stage": "app_foreground"}
 INFO  [driver-telemetry] driver.foreground.resume.resync {"context_id": "driver:19", "foreground_resume_resync_total": 1, "source": "driver.sync_engine"}
 INFO  [driver-telemetry] driver.runtime.resume.start {"app_state": "active", "context_id": "driver:19", "resume_attempt_id": "driver:19:1786874346587:9", "source": "driver.runtime.resume"}
 INFO  [perf-kpi] perf.js_long_task {"duration_ms": 100.71124999970198, "role": "driver", "screen": "/", "source": "perf.instrumentation", "timestamp_client": "2026-08-16T09:59:06.588Z"}
 INFO  [driver-telemetry] tracking.device_health.send_skipped {"age_ms": 56835, "reason": "throttled", "source": "driver.device_health", "trigger_reason": null}
 INFO  [driver-telemetry] tracking.send.skipped {"app_state": "active", "mission_id": 27, "reason": "no_position_fix", "source": "driver.tracking.bridge"}
 INFO  [driver-telemetry] tracking.device_health.send_skipped {"age_ms": 56886, "reason": "throttled", "source": "driver.device_health", "trigger_reason": "health_monitor_ok"}
 INFO  [FCM-GATE] requesting token {"source": "driver.notifications.bridge", "stage": "app_foreground"}
 INFO  [driver-telemetry] driver.push.fcm.get_token_start {"platform": "android", "source": "driver.firebaseMessaging"}
 INFO  [FCM-GATE] getDriverFcmToken start {"platform": "android"}
 INFO  [FCM-GATE] getToken success {"tokenLength": 142}
 INFO  [driver-telemetry] driver.push.fcm.token {"source": "driver.firebaseMessaging", "token_present": true}
 INFO  [FCM-GATE] token received {"source": "driver.notifications.bridge", "stage": "app_foreground", "tokenLength": 142}
 INFO  [driver-telemetry] driver_push.token_acquired {"provider": "fcm", "source": "driver.notifications.bridge", "stage": "app_foreground", "token_length": 142}
 INFO  [FCM-GATE] posting token {"provider": "fcm", "source": "driver.notifications.bridge", "stage": "app_foreground"}
 INFO  [driver-telemetry] driver.network.profile {"network_profile_active": "offline", "recommended_sync_interval_ms": 30000, "source": "core.api.client"}
 INFO  [driver-telemetry] driver.http.timeout {"endpoint": "/driver/me/telemetry/push", "network_profile_active": "offline", "source": "core.api.client", "timeout_ms": 2500}
 INFO  [driver-telemetry] driver.network.profile {"network_profile_active": "offline", "recommended_sync_interval_ms": 30000, "source": "core.api.client"}
 INFO  [driver-telemetry] driver.http.timeout {"endpoint": "/driver/save-push-token", "network_profile_active": "offline", "source": "core.api.client", "timeout_ms": 2500}
 INFO  [driver-telemetry] push.token.registered {"provider": "fcm", "source": "driver.notifications.bridge"}
 INFO  [driver-telemetry] driver_push.register_success {"provider": "fcm", "source": "driver.notifications.bridge"}
 INFO  [driver-telemetry] driver.network.profile {"network_profile_active": "offline", "recommended_sync_interval_ms": 30000, "source": "core.api.client"}
 INFO  [driver-telemetry] driver.http.timeout {"endpoint": "/driver/me/telemetry/push", "network_profile_active": "offline", "source": "core.api.client", "timeout_ms": 2500}
 INFO  [driver-telemetry] realtime.degraded.entered {"degraded_hysteresis_ms": 8000, "source": "core.realtime.manager"}
 INFO  [driver-telemetry] realtime.transport.state {"actual_transport": "polling", "connected": false, "mode": "polling", "source": "core.realtime.manager", "transport_authority": "degraded"}
 INFO  [perf-kpi] perf.realtime.notify {"duration_ms": 1, "listener_count": 3, "role": "driver", "screen": "/", "source": "perf.instrumentation", "timestamp_client": "2026-08-16T09:59:06.823Z"}
 INFO  [driver-telemetry] auth.refresh.endpoint_used {"endpoint": "refresh-token", "source": "core.api.client"}
 INFO  [perf-kpi] perf.realtime.notify {"duration_ms": 1, "listener_count": 3, "role": "driver", "screen": "/", "source": "perf.instrumentation", "timestamp_client": "2026-08-16T09:59:06.867Z"}
 INFO  [driver-telemetry] realtime.transport.state {"actual_transport": "polling", "connected": true, "mode": "socket", "source": "core.realtime.manager", "transport_authority": "polling"}
 INFO  [perf-kpi] perf.realtime.notify {"duration_ms": 0, "listener_count": 3, "role": "driver", "screen": "/", "source": "perf.instrumentation", "timestamp_client": "2026-08-16T09:59:06.869Z"}
 LOG  [DriverSocket] {"contextId": "driver:19", "hasToken": true, "path": "/socket.io", "socketUrl": "http://127.0.0.1:15100", "surface": "driver", "transports": ["websocket", "polling"], "urlEnvSource": "EXPO_PUBLIC_DRIVER_SOCKET_URL"}
 INFO  [driver-telemetry] tracking.session.readiness {"readiness": "CREATING", "reason": "session_conflict", "session_generation": 912, "source": "driver.tracking.queue", "tracking_session_id": "trk_sess_1786874338757_zc4106tk"}
 INFO  [driver-telemetry] tracking.session.readiness {"readiness": "REGISTERING", "reason": "session_conflict", "session_generation": null, "source": "driver.tracking.queue", "tracking_session_id": "trk_sess_1786874346873_5t6nddvw"}
 INFO  [driver-telemetry] tracking.session.readiness {"readiness": "REGISTERING", "reason": "register_start", "session_generation": null, "source": "driver.tracking.queue", "tracking_session_id": "trk_sess_1786874346873_5t6nddvw"}
 INFO  [driver-telemetry] driver.network.profile {"network_profile_active": "offline", "recommended_sync_interval_ms": 30000, "source": "core.api.client"}
 INFO  [driver-telemetry] driver.http.timeout {"endpoint": "/driver/me/tracking/sessions", "network_profile_active": "offline", "source": "core.api.client", "timeout_ms": 2500}
 INFO  [perf-kpi] perf.runtime.socket_reconnect_failed_total {"context_id": "driver:19", "source": "perf.runtime_stability", "timestamp_client": "2026-08-16T09:59:06.887Z", "total": 21}
 INFO  [driver-telemetry] realtime.transport.state {"actual_transport": "polling", "connected": false, "mode": "polling", "source": "core.realtime.manager", "transport_authority": "degraded"}
 INFO  [perf-kpi] perf.realtime.notify {"duration_ms": 0, "listener_count": 3, "role": "driver", "screen": "/", "source": "perf.instrumentation", "timestamp_client": "2026-08-16T09:59:06.888Z"}
 INFO  [driver-telemetry] realtime.socket.disconnect {"context_id": "driver:19", "reason": "websocket error", "source": "core.realtime.manager"}
 INFO  [driver-telemetry] realtime.transport.mismatch {"actual_transport": "polling", "context_id": "driver:19", "desired_transport": "socket", "source": "core.realtime.manager"}
 INFO  [driver-telemetry] realtime.reconnect.circuit_breaker_blocked {"context_id": "driver:19", "source": "core.realtime.manager"}
 INFO  [driver-telemetry] tracking.queue.flush {"backend_acked": 0, "dropped": 0, "flush_path": "http_fallback", "network_profile_active": "offline", "oldest_item_age_ms": null, "queue_depth": 0, "retried": 0, "sent": 0, "socket_emitted": 0, "source": "driver.tracking.queue", "tracking_queue_oldest_age_ms": null}
 INFO  [driver-telemetry] tracking.flush.transport {"backend_acked": 0, "sent": 0, "socket_emitted": 0, "source": "driver.tracking.queue", "transport": "http"}
 INFO  [driver-telemetry] driver.network.profile {"network_profile_active": "offline", "recommended_sync_interval_ms": 30000, "source": "core.api.client"}
 INFO  [driver-telemetry] driver.http.timeout {"endpoint": "/driver/me/bookings/since", "network_profile_active": "offline", "source": "core.api.client", "timeout_ms": 2500}
 INFO  [driver-telemetry] driver.http.fail_fast_offline {"connected": false, "endpoint": "/driver/me/bookings/since", "internet_reachable": false, "network_type": "fallback", "source": "core.api.client"}
 INFO  [driver-telemetry] driver.runtime.resume.failure {"context_id": "driver:19", "reason": "resume_failed", "resume_attempt_id": "driver:19:1786874346587:9", "retry_count": 1, "source": "driver.runtime.resume", "will_retry": true}
 INFO  [driver-telemetry] tracking.session.readiness {"readiness": "READY", "reason": "register_ok", "session_generation": 913, "source": "driver.tracking.queue", "tracking_session_id": "trk_sess_1786874346873_5t6nddvw"}
 INFO  [driver-telemetry] tracking.session.reconciled {"previous_session_id": "trk_sess_1786874338757_zc4106tk", "readiness": "READY", "rebound_count": 0, "released_socket_count": 0, "source": "driver.tracking.queue", "tracking_session_id": "trk_sess_1786874346873_5t6nddvw"}
 INFO  [driver-telemetry] tracking.queue.flush {"backend_acked": 0, "dropped": 0, "flush_path": "http_fallback", "network_profile_active": "offline", "oldest_item_age_ms": null, "queue_depth": 0, "retried": 0, "sent": 0, "socket_emitted": 0, "source": "driver.tracking.queue", "tracking_queue_oldest_age_ms": null}
 INFO  [driver-telemetry] tracking.flush.transport {"backend_acked": 0, "sent": 0, "socket_emitted": 0, "source": "driver.tracking.queue", "transport": "http"}
 INFO  [driver-telemetry] auth.refresh.endpoint_used {"endpoint": "refresh-token", "source": "core.api.client"}
 INFO  [perf-kpi] perf.realtime.notify {"duration_ms": 0, "listener_count": 3, "role": "driver", "screen": "/", "source": "perf.instrumentation", "timestamp_client": "2026-08-16T09:59:07.043Z"}
 INFO  [driver-telemetry] realtime.transport.state {"actual_transport": "polling", "connected": true, "mode": "socket", "source": "core.realtime.manager", "transport_authority": "polling"}
 INFO  [perf-kpi] perf.realtime.notify {"duration_ms": 1, "listener_count": 3, "role": "driver", "screen": "/", "source": "perf.instrumentation", "timestamp_client": "2026-08-16T09:59:07.046Z"}
 LOG  [DriverSocket] {"contextId": "driver:19", "hasToken": true, "path": "/socket.io", "socketUrl": "http://127.0.0.1:15100", "surface": "driver", "transports": ["websocket", "polling"], "urlEnvSource": "EXPO_PUBLIC_DRIVER_SOCKET_URL"}
 INFO  [perf-kpi] perf.runtime.socket_reconnect_failed_total {"context_id": "driver:19", "source": "perf.runtime_stability", "timestamp_client": "2026-08-16T09:59:07.058Z", "total": 22}
 INFO  [driver-telemetry] realtime.transport.state {"actual_transport": "polling", "connected": false, "mode": "polling", "source": "core.realtime.manager", "transport_authority": "degraded"}
 INFO  [perf-kpi] perf.realtime.notify {"duration_ms": 0, "listener_count": 3, "role": "driver", "screen": "/", "source": "perf.instrumentation", "timestamp_client": "2026-08-16T09:59:07.060Z"}
 INFO  [driver-telemetry] realtime.socket.disconnect {"context_id": "driver:19", "reason": "websocket error", "source": "core.realtime.manager"}
 INFO  [driver-telemetry] realtime.transport.mismatch {"actual_transport": "polling", "context_id": "driver:19", "desired_transport": "socket", "source": "core.realtime.manager"}
 INFO  [driver-telemetry] realtime.reconnect.circuit_breaker_blocked {"context_id": "driver:19", "source": "core.realtime.manager"}
 INFO  [driver-telemetry] driver.network.profile {"network_profile_active": "offline", "recommended_sync_interval_ms": 30000, "source": "core.api.client"}
 INFO  [driver-telemetry] driver.http.timeout {"endpoint": "/driver/me/bookings/since", "network_profile_active": "offline", "source": "core.api.client", "timeout_ms": 2500}
 INFO  [driver-telemetry] driver.http.fail_fast_offline {"connected": false, "endpoint": "/driver/me/bookings/since", "internet_reachable": false, "network_type": "fallback", "source": "core.api.client"}
 INFO  [driver-telemetry] driver.runtime.resume.failure {"context_id": "driver:19", "reason": "resume_failed", "resume_attempt_id": "driver:19:1786874346587:9", "retry_count": 2, "source": "driver.runtime.resume", "will_retry": false}
 INFO  [driver-telemetry] auth.refresh.endpoint_used {"endpoint": "refresh-token", "source": "core.api.client"}
 INFO  [driver-telemetry] driver.network.profile {"network_profile_active": "offline", "recommended_sync_interval_ms": 30000, "source": "core.api.client"}
 INFO  [driver-telemetry] driver.http.timeout {"endpoint": "/driver/me/bookings/since", "network_profile_active": "offline", "source": "core.api.client", "timeout_ms": 2500}
 INFO  [driver-telemetry] driver.http.fail_fast_offline {"connected": false, "endpoint": "/driver/me/bookings/since", "internet_reachable": false, "network_type": "fallback", "source": "core.api.client"}
 INFO  [driver-telemetry] driver.runtime.reconcile.failure {"context_id": "driver:19", "reason": "reconcile_failed", "source": "driver.sync.orchestrator", "trigger": "reconnect"}
 INFO  [driver-telemetry] driver.network.tick {"app_state": "active", "context_id": "driver:19", "driver_network_tick_total": 1, "mission_presence": "relevant", "network_activity_authority": "mission_active_loop", "network_profile_active": "offline", "source": "driver.realtime"}
 INFO  [driver-telemetry] driver.network.profile {"context_id": "driver:19", "network_profile_active": "offline", "recommended_sync_interval_ms": 30000, "source": "driver.realtime"}
 INFO  [driver-telemetry] driver.network.wake {"context_id": "driver:19", "driver_network_wake_cause": "polling_tick", "network_activity_authority": "mission_active_loop", "source": "driver.realtime"}
 INFO  [driver-telemetry] driver.network.profile {"network_profile_active": "offline", "recommended_sync_interval_ms": 30000, "source": "core.api.client"}
 INFO  [driver-telemetry] driver.http.timeout {"endpoint": "/driver/me/bookings", "network_profile_active": "offline", "source": "core.api.client", "timeout_ms": 2500}
 INFO  [driver-telemetry] realtime.transport.state {"actual_transport": "polling", "connected": false, "mode": "polling", "source": "core.realtime.manager", "transport_authority": "polling"}
 INFO  [perf-kpi] perf.realtime.notify {"duration_ms": 1, "listener_count": 3, "role": "driver", "screen": "/", "source": "perf.instrumentation", "timestamp_client": "2026-08-16T09:59:14.517Z"}
 INFO  [driver-telemetry] realtime.transport.authority {"reason": "full_polling_tick", "source": "core.realtime.manager", "transport_authority": "polling"}
 INFO  [driver-telemetry] realtime.polling.full_refetch {"context_id": "driver:19", "driver_http_calls_per_hour": 1, "mission_poll_full_refetch_total": 1, "network_activity_authority": "mission_active_loop", "source": "driver.realtime"}
 INFO  [driver-telemetry] realtime.mission.freshness {"context_id": "driver:19", "mission_state_freshness_ms": 323520, "realtime_transport_mode": "polling", "source": "driver.realtime.polling"}
 INFO  [driver-telemetry] realtime.degraded.entered {"degraded_hysteresis_ms": 8000, "source": "core.realtime.manager"}
 INFO  [driver-telemetry] realtime.transport.state {"actual_transport": "polling", "connected": false, "mode": "polling", "source": "core.realtime.manager", "transport_authority": "degraded"}
 INFO  [perf-kpi] perf.realtime.notify {"duration_ms": 1, "listener_count": 3, "role": "driver", "screen": "/", "source": "perf.instrumentation", "timestamp_client": "2026-08-16T09:59:15.061Z"}
 INFO  [driver-telemetry] tracking.auth.presence.ensure_headless {"driver_id": 19, "kind": "SESSION_AVAILABLE", "path": "memory_cache"}
 INFO  [driver-telemetry] tracking.background.task_invoked {"locations_count": 1, "mission_id": 27, "source": "driver.services.backgroundLocationTask", "task_mode": "mission", "task_name": "background-location-task", "timestamp": 1786874364207}
 INFO  [driver-telemetry] tracking.queue.enqueued {"app_state": "background", "location_mode": "mission_live", "mission_id": 27, "oldest_item_age_ms": 15, "queue_depth": 1, "sequence_id": 1, "source": "driver.tracking.queue", "tracking_session_id": "trk_sess_1786874346873_5t6nddvw"}
 INFO  [driver-telemetry] driver.network.profile {"network_profile_active": "offline", "recommended_sync_interval_ms": 30000, "source": "core.api.client"}
 INFO  [driver-telemetry] driver.http.timeout {"endpoint": "/driver/me/location", "network_profile_active": "offline", "source": "core.api.client", "timeout_ms": 28000}
 INFO  [FCM-GATE] register effect start {"enabled": true, "fcmEnabled": true, "source": "driver.notifications.bridge", "stage": "app_foreground"}
 INFO  [driver-telemetry] driver.foreground.resume.resync {"context_id": "driver:19", "foreground_resume_resync_total": 1, "source": "driver.sync_engine"}
 INFO  [driver-telemetry] driver.runtime.resume.start {"app_state": "active", "context_id": "driver:19", "resume_attempt_id": "driver:19:1786874367022:10", "source": "driver.runtime.resume"}
 INFO  [driver-telemetry] driver.network.profile {"network_profile_active": "offline", "recommended_sync_interval_ms": 30000, "source": "core.api.client"}
 INFO  [driver-telemetry] driver.http.timeout {"endpoint": "/driver/me/device-health", "network_profile_active": "offline", "source": "core.api.client", "timeout_ms": 2500}
 INFO  [driver-telemetry] driver.network.profile {"network_profile_active": "offline", "recommended_sync_interval_ms": 30000, "source": "core.api.client"}
 INFO  [driver-telemetry] driver.http.timeout {"endpoint": "/driver/me/device-health", "network_profile_active": "offline", "source": "core.api.client", "timeout_ms": 2500}
 INFO  [FCM-GATE] requesting token {"source": "driver.notifications.bridge", "stage": "app_foreground"}
 INFO  [driver-telemetry] driver.push.fcm.get_token_start {"platform": "android", "source": "driver.firebaseMessaging"}
 INFO  [FCM-GATE] getDriverFcmToken start {"platform": "android"}
 INFO  [driver-telemetry] tracking.device_health.sent {"battery_optimized": false, "constraint_reason": null, "fgs_running": true, "kind": "tracking_health", "source": "driver.device_health", "trigger_reason": null}
 INFO  [FCM-GATE] getToken success {"tokenLength": 142}
 INFO  [driver-telemetry] driver.push.fcm.token {"source": "driver.firebaseMessaging", "token_present": true}
 INFO  [FCM-GATE] token received {"source": "driver.notifications.bridge", "stage": "app_foreground", "tokenLength": 142}
 INFO  [driver-telemetry] driver_push.token_acquired {"provider": "fcm", "source": "driver.notifications.bridge", "stage": "app_foreground", "token_length": 142}
 INFO  [FCM-GATE] posting token {"provider": "fcm", "source": "driver.notifications.bridge", "stage": "app_foreground"}
 INFO  [driver-telemetry] driver.network.profile {"network_profile_active": "offline", "recommended_sync_interval_ms": 30000, "source": "core.api.client"}
 INFO  [driver-telemetry] driver.http.timeout {"endpoint": "/driver/me/telemetry/push", "network_profile_active": "offline", "source": "core.api.client", "timeout_ms": 2500}
 INFO  [driver-telemetry] driver.network.profile {"network_profile_active": "offline", "recommended_sync_interval_ms": 30000, "source": "core.api.client"}
 INFO  [driver-telemetry] driver.http.timeout {"endpoint": "/driver/save-push-token", "network_profile_active": "offline", "source": "core.api.client", "timeout_ms": 2500}
 INFO  [driver-telemetry] tracking.device_health.sent {"battery_optimized": false, "constraint_reason": null, "fgs_running": true, "kind": "tracking_health", "source": "driver.device_health", "trigger_reason": "health_monitor_ok"}
 INFO  [driver-telemetry] push.token.registered {"provider": "fcm", "source": "driver.notifications.bridge"}
 INFO  [driver-telemetry] driver_push.register_success {"provider": "fcm", "source": "driver.notifications.bridge"}
 INFO  [driver-telemetry] driver.network.profile {"network_profile_active": "offline", "recommended_sync_interval_ms": 30000, "source": "core.api.client"}
 INFO  [driver-telemetry] driver.http.timeout {"endpoint": "/driver/me/telemetry/push", "network_profile_active": "offline", "source": "core.api.client", "timeout_ms": 2500}
 INFO  [driver-telemetry] auth.refresh.endpoint_used {"endpoint": "refresh-token", "source": "core.api.client"}
 INFO  [perf-kpi] perf.realtime.notify {"duration_ms": 1, "listener_count": 3, "role": "driver", "screen": "/", "source": "perf.instrumentation", "timestamp_client": "2026-08-16T09:59:27.364Z"}
 INFO  [driver-telemetry] realtime.transport.state {"actual_transport": "polling", "connected": true, "mode": "socket", "source": "core.realtime.manager", "transport_authority": "polling"}
 INFO  [perf-kpi] perf.realtime.notify {"duration_ms": 1, "listener_count": 3, "role": "driver", "screen": "/", "source": "perf.instrumentation", "timestamp_client": "2026-08-16T09:59:27.367Z"}
 LOG  [DriverSocket] {"contextId": "driver:19", "hasToken": true, "path": "/socket.io", "socketUrl": "http://127.0.0.1:15100", "surface": "driver", "transports": ["websocket", "polling"], "urlEnvSource": "EXPO_PUBLIC_DRIVER_SOCKET_URL"}
 INFO  [driver-telemetry] tracking.session.readiness {"readiness": "CREATING", "reason": "session_conflict", "session_generation": 913, "source": "driver.tracking.queue", "tracking_session_id": "trk_sess_1786874346873_5t6nddvw"}
 INFO  [driver-telemetry] tracking.session.readiness {"readiness": "REGISTERING", "reason": "session_conflict", "session_generation": null, "source": "driver.tracking.queue", "tracking_session_id": "trk_sess_1786874367370_xcqmn7pc"}
 INFO  [driver-telemetry] tracking.session.readiness {"readiness": "REGISTERING", "reason": "register_start", "session_generation": null, "source": "driver.tracking.queue", "tracking_session_id": "trk_sess_1786874367370_xcqmn7pc"}
 INFO  [driver-telemetry] driver.network.profile {"network_profile_active": "offline", "recommended_sync_interval_ms": 30000, "source": "core.api.client"}
 INFO  [driver-telemetry] driver.http.timeout {"endpoint": "/driver/me/tracking/sessions", "network_profile_active": "offline", "source": "core.api.client", "timeout_ms": 2500}
 INFO  [perf-kpi] perf.runtime.socket_reconnect_failed_total {"context_id": "driver:19", "source": "perf.runtime_stability", "timestamp_client": "2026-08-16T09:59:27.383Z", "total": 23}
 INFO  [driver-telemetry] realtime.transport.state {"actual_transport": "polling", "connected": false, "mode": "polling", "source": "core.realtime.manager", "transport_authority": "degraded"}
 INFO  [perf-kpi] perf.realtime.notify {"duration_ms": 0, "listener_count": 3, "role": "driver", "screen": "/", "source": "perf.instrumentation", "timestamp_client": "2026-08-16T09:59:27.384Z"}
 INFO  [driver-telemetry] realtime.socket.disconnect {"context_id": "driver:19", "reason": "websocket error", "source": "core.realtime.manager"}
 INFO  [driver-telemetry] realtime.transport.mismatch {"actual_transport": "polling", "context_id": "driver:19", "desired_transport": "socket", "source": "core.realtime.manager"}
 INFO  [driver-telemetry] realtime.reconnect.circuit_breaker_blocked {"context_id": "driver:19", "source": "core.realtime.manager"}
 INFO  [driver-telemetry] tracking.queue.flush_coalesced {"force_http_fallback": false, "queue_depth": 1, "source": "driver.tracking.queue"}
 INFO  [driver-telemetry] driver.network.profile {"network_profile_active": "offline", "recommended_sync_interval_ms": 30000, "source": "core.api.client"}
 INFO  [driver-telemetry] driver.http.timeout {"endpoint": "/driver/me/bookings/since", "network_profile_active": "offline", "source": "core.api.client", "timeout_ms": 2500}
 INFO  [driver-telemetry] driver.http.fail_fast_offline {"connected": false, "endpoint": "/driver/me/bookings/since", "internet_reachable": false, "network_type": "fallback", "source": "core.api.client"}
 INFO  [driver-telemetry] driver.runtime.resume.failure {"context_id": "driver:19", "reason": "resume_failed", "resume_attempt_id": "driver:19:1786874367022:10", "retry_count": 1, "source": "driver.runtime.resume", "will_retry": true}
 INFO  [driver-telemetry] tracking.session.readiness {"readiness": "READY", "reason": "register_ok", "session_generation": 914, "source": "driver.tracking.queue", "tracking_session_id": "trk_sess_1786874367370_xcqmn7pc"}
 INFO  [driver-telemetry] tracking.session.reconciled {"previous_session_id": "trk_sess_1786874346873_5t6nddvw", "readiness": "READY", "rebound_count": 0, "released_socket_count": 0, "source": "driver.tracking.queue", "tracking_session_id": "trk_sess_1786874367370_xcqmn7pc"}
 INFO  [driver-telemetry] tracking.queue.flush_coalesced {"force_http_fallback": false, "queue_depth": 1, "source": "driver.tracking.queue"}
 INFO  [driver-telemetry] auth.refresh.endpoint_used {"endpoint": "refresh-token", "source": "core.api.client"}
 INFO  [perf-kpi] perf.realtime.notify {"duration_ms": 1, "listener_count": 3, "role": "driver", "screen": "/", "source": "perf.instrumentation", "timestamp_client": "2026-08-16T09:59:27.520Z"}
 INFO  [driver-telemetry] realtime.transport.state {"actual_transport": "polling", "connected": true, "mode": "socket", "source": "core.realtime.manager", "transport_authority": "polling"}
 INFO  [perf-kpi] perf.realtime.notify {"duration_ms": 1, "listener_count": 3, "role": "driver", "screen": "/", "source": "perf.instrumentation", "timestamp_client": "2026-08-16T09:59:27.522Z"}
 LOG  [DriverSocket] {"contextId": "driver:19", "hasToken": true, "path": "/socket.io", "socketUrl": "http://127.0.0.1:15100", "surface": "driver", "transports": ["websocket", "polling"], "urlEnvSource": "EXPO_PUBLIC_DRIVER_SOCKET_URL"}
 INFO  [perf-kpi] perf.runtime.socket_reconnect_failed_total {"context_id": "driver:19", "source": "perf.runtime_stability", "timestamp_client": "2026-08-16T09:59:27.534Z", "total": 24}
 INFO  [driver-telemetry] realtime.transport.state {"actual_transport": "polling", "connected": false, "mode": "polling", "source": "core.realtime.manager", "transport_authority": "degraded"}
 INFO  [perf-kpi] perf.realtime.notify {"duration_ms": 1, "listener_count": 3, "role": "driver", "screen": "/", "source": "perf.instrumentation", "timestamp_client": "2026-08-16T09:59:27.536Z"}
 INFO  [driver-telemetry] realtime.socket.disconnect {"context_id": "driver:19", "reason": "websocket error", "source": "core.realtime.manager"}
 INFO  [driver-telemetry] realtime.transport.mismatch {"actual_transport": "polling", "context_id": "driver:19", "desired_transport": "socket", "source": "core.realtime.manager"}
 INFO  [driver-telemetry] realtime.reconnect.circuit_breaker_blocked {"context_id": "driver:19", "source": "core.realtime.manager"}
 INFO  [driver-telemetry] driver.network.profile {"network_profile_active": "offline", "recommended_sync_interval_ms": 30000, "source": "core.api.client"}
 INFO  [driver-telemetry] driver.http.timeout {"endpoint": "/driver/me/bookings/since", "network_profile_active": "offline", "source": "core.api.client", "timeout_ms": 2500}
 INFO  [driver-telemetry] driver.http.fail_fast_offline {"connected": false, "endpoint": "/driver/me/bookings/since", "internet_reachable": false, "network_type": "fallback", "source": "core.api.client"}
 INFO  [driver-telemetry] driver.runtime.resume.failure {"context_id": "driver:19", "reason": "resume_failed", "resume_attempt_id": "driver:19:1786874367022:10", "retry_count": 2, "source": "driver.runtime.resume", "will_retry": false}
 INFO  [driver-telemetry] auth.refresh.endpoint_used {"endpoint": "refresh-token", "source": "core.api.client"}
 INFO  [driver-telemetry] driver.network.profile {"network_profile_active": "offline", "recommended_sync_interval_ms": 30000, "source": "core.api.client"}
 INFO  [driver-telemetry] driver.http.timeout {"endpoint": "/driver/me/bookings/since", "network_profile_active": "offline", "source": "core.api.client", "timeout_ms": 2500}
 INFO  [driver-telemetry] driver.http.fail_fast_offline {"connected": false, "endpoint": "/driver/me/bookings/since", "internet_reachable": false, "network_type": "fallback", "source": "core.api.client"}
 INFO  [driver-telemetry] driver.runtime.reconcile.failure {"context_id": "driver:19", "reason": "reconcile_failed", "source": "driver.sync.orchestrator", "trigger": "reconnect"}
 INFO  [driver-telemetry] tracking.ingest.ack {"accept_reason": "", "ack_status": "persisted", "durability": "persisted_sync", "flush_path": "http_fallback", "mission_id": 27, "queue_item_id": "trk_1786874364208_tbk8ifkd", "source": "driver.tracking.queue", "trace_id": "mob_msvmuzia_jspnr12l"}
 INFO  [driver-telemetry] tracking.queue.flush {"backend_acked": 1, "dropped": 0, "flush_path": "http_fallback", "network_profile_active": "poor", "oldest_item_age_ms": 4244, "queue_depth": 0, "retried": 0, "sent": 1, "socket_emitted": 0, "source": "driver.tracking.queue", "tracking_queue_oldest_age_ms": 4244}
 INFO  [driver-telemetry] tracking.flush.transport {"backend_acked": 1, "sent": 1, "socket_emitted": 0, "source": "driver.tracking.queue", "transport": "http"}
 INFO  [driver-telemetry] tracking.background.task.flush {"backend_acked": 1, "dropped": 0, "mission_id": 27, "network_profile_active": "poor", "queue_depth": 0, "sent": 1, "socket_emitted": 0, "source": "driver.services.backgroundLocationTask", "task_mode": "mission", "task_name": "background-location-task"}
 INFO  [driver-telemetry] tracking.queue.flush {"backend_acked": 0, "dropped": 0, "flush_path": "http_fallback", "network_profile_active": "offline", "oldest_item_age_ms": null, "queue_depth": 0, "retried": 0, "sent": 0, "socket_emitted": 0, "source": "driver.tracking.queue", "tracking_queue_oldest_age_ms": null}
 INFO  [driver-telemetry] tracking.flush.transport {"backend_acked": 0, "sent": 0, "socket_emitted": 0, "source": "driver.tracking.queue", "transport": "http"}
 INFO  [driver-telemetry] driver.network.tick {"app_state": "active", "context_id": "driver:19", "driver_network_tick_total": 1, "mission_presence": "relevant", "network_activity_authority": "mission_active_loop", "network_profile_active": "offline", "source": "driver.realtime"}
 INFO  [driver-telemetry] driver.network.profile {"context_id": "driver:19", "network_profile_active": "offline", "recommended_sync_interval_ms": 30000, "source": "driver.realtime"}
 INFO  [driver-telemetry] driver.network.wake {"context_id": "driver:19", "driver_network_wake_cause": "polling_tick", "network_activity_authority": "mission_active_loop", "source": "driver.realtime"}
 INFO  [driver-telemetry] driver.network.tick.skipped {"context_id": "driver:19", "driver_network_tick_skipped_total": 1, "network_activity_authority": "mission_active_loop", "reason": "idle_rate_limit", "source": "driver.realtime"}
 INFO  [driver-telemetry] driver.network.tick {"app_state": "active", "context_id": "driver:19", "driver_network_tick_total": 1, "mission_presence": "relevant", "network_activity_authority": "mission_active_loop", "source": "driver.sync_engine"}
 INFO  [driver-telemetry] driver.network.wake {"context_id": "driver:19", "driver_network_wake_cause": "sync_engine", "network_activity_authority": "mission_active_loop", "source": "driver.sync_engine"}
 INFO  [driver-telemetry] driver.sync_engine.flush.skipped {"context_id": "driver:19", "reason": "queue_empty_or_tracking_idle", "source": "driver.sync_engine"}
 INFO  [driver-telemetry] realtime.transport.state {"actual_transport": "polling", "connected": false, "mode": "polling", "source": "core.realtime.manager", "transport_authority": "reconcile"}
 INFO  [perf-kpi] perf.realtime.notify {"duration_ms": 1, "listener_count": 3, "role": "driver", "screen": "/", "source": "perf.instrumentation", "timestamp_client": "2026-08-16T09:59:29.588Z"}
 INFO  [driver-telemetry] realtime.transport.authority {"reason": "sync_engine_tick", "source": "core.realtime.manager", "transport_authority": "reconcile"}
 INFO  [driver-telemetry] driver.sync_engine.heartbeat {"allow_gps_flush": false, "allow_socket": false, "app_state": "active", "context_id": "driver:19", "driver_sync_engine_active_ms": 30000, "interval_ms": 30000, "network_activity_authority": "mission_active_loop", "network_mode": "offline", "source": "driver.sync_engine"}
 INFO  [driver-telemetry] driver.network.profile {"network_profile_active": "offline", "recommended_sync_interval_ms": 30000, "source": "core.api.client"}
 INFO  [driver-telemetry] driver.http.timeout {"endpoint": "/driver/me/bookings/since", "network_profile_active": "offline", "source": "core.api.client", "timeout_ms": 2500}
 INFO  [driver-telemetry] driver.http.fail_fast_offline {"connected": false, "endpoint": "/driver/me/bookings/since", "internet_reachable": false, "network_type": "fallback", "source": "core.api.client"}
 INFO  [driver-telemetry] driver.runtime.reconcile.failure {"context_id": "driver:19", "reason": "reconcile_failed", "source": "driver.sync.orchestrator", "trigger": "manual"}
 INFO  [driver-telemetry] tracking.queue.enqueued {"app_state": "active", "location_mode": "mission_live", "mission_id": 27, "oldest_item_age_ms": 7, "queue_depth": 1, "sequence_id": 1, "source": "driver.tracking.queue", "tracking_session_id": "trk_sess_1786874367370_xcqmn7pc"}
 INFO  [driver-telemetry] driver.network.profile {"network_profile_active": "offline", "recommended_sync_interval_ms": 30000, "source": "core.api.client"}
 INFO  [driver-telemetry] driver.http.timeout {"endpoint": "/driver/me/location", "network_profile_active": "offline", "source": "core.api.client", "timeout_ms": 28000}
 INFO  [driver-telemetry] tracking.ingest.ack {"accept_reason": "", "ack_status": "persisted", "durability": "persisted_sync", "flush_path": "http_fallback", "mission_id": 27, "queue_item_id": "trk_1786874371229_4h33v6ec", "source": "driver.tracking.queue", "trace_id": "mob_msvmv4x5_kgbgnoyq"}
 INFO  [driver-telemetry] tracking.queue.flush {"backend_acked": 1, "dropped": 0, "flush_path": "http_fallback", "network_profile_active": "offline", "oldest_item_age_ms": 121, "queue_depth": 0, "retried": 0, "sent": 1, "socket_emitted": 0, "source": "driver.tracking.queue", "tracking_queue_oldest_age_ms": 121}
 INFO  [driver-telemetry] tracking.flush.transport {"backend_acked": 1, "sent": 1, "socket_emitted": 0, "source": "driver.tracking.queue", "transport": "http"}
 INFO  [driver-telemetry] tracking.bridge.health {"backend_ack_latency_ms": 2292, "mission_id": 27, "network_profile_active": "offline", "oldest_item_age_ms": 122, "queue_depth": 0, "socket_emit_without_backend_ack_total": 0, "source": "driver.tracking.bridge", "tracking_flush_batch_size": 1}
 INFO  [driver-telemetry] driver.network.profile {"network_profile_active": "offline", "recommended_sync_interval_ms": 30000, "source": "core.api.client"}
 INFO  [driver-telemetry] driver.http.timeout {"endpoint": "/driver/me/bookings/eta", "network_profile_active": "offline", "source": "core.api.client", "timeout_ms": 2500}
 INFO  [driver-telemetry] driver.http.fail_fast_offline {"connected": false, "endpoint": "/driver/me/bookings/eta", "internet_reachable": false, "network_type": "fallback", "source": "core.api.client"}
 INFO  [driver-telemetry] driver.network.profile {"network_profile_active": "offline", "recommended_sync_interval_ms": 30000, "source": "core.api.client"}
 INFO  [driver-telemetry] driver.http.timeout {"endpoint": "/driver/me/bookings/eta", "network_profile_active": "offline", "source": "core.api.client", "timeout_ms": 2500}
 INFO  [driver-telemetry] driver.http.fail_fast_offline {"connected": false, "endpoint": "/driver/me/bookings/eta", "internet_reachable": false, "network_type": "fallback", "source": "core.api.client"}
 INFO  [driver-telemetry] realtime.degraded.entered {"degraded_hysteresis_ms": 8000, "source": "core.realtime.manager"}
 INFO  [driver-telemetry] realtime.transport.state {"actual_transport": "polling", "connected": false, "mode": "polling", "source": "core.realtime.manager", "transport_authority": "degraded"}
 INFO  [perf-kpi] perf.realtime.notify {"duration_ms": 2, "listener_count": 3, "role": "driver", "screen": "/", "source": "perf.instrumentation", "timestamp_client": "2026-08-16T09:59:35.550Z"}
 INFO  [driver-telemetry] driver.network.tick {"app_state": "active", "context_id": "driver:19", "driver_network_tick_total": 1, "mission_presence": "relevant", "network_activity_authority": "mission_active_loop", "network_profile_active": "offline", "source": "driver.realtime"}
 INFO  [driver-telemetry] driver.network.profile {"context_id": "driver:19", "network_profile_active": "offline", "recommended_sync_interval_ms": 30000, "source": "driver.realtime"}
 INFO  [driver-telemetry] driver.network.wake {"context_id": "driver:19", "driver_network_wake_cause": "polling_tick", "network_activity_authority": "mission_active_loop", "source": "driver.realtime"}
 INFO  [driver-telemetry] driver.network.profile {"network_profile_active": "offline", "recommended_sync_interval_ms": 30000, "source": "core.api.client"}
 INFO  [driver-telemetry] driver.http.timeout {"endpoint": "/driver/me/bookings", "network_profile_active": "offline", "source": "core.api.client", "timeout_ms": 2500}
 INFO  [driver-telemetry] realtime.transport.state {"actual_transport": "polling", "connected": false, "mode": "polling", "source": "core.realtime.manager", "transport_authority": "polling"}
 INFO  [perf-kpi] perf.realtime.notify {"duration_ms": 0, "listener_count": 3, "role": "driver", "screen": "/", "source": "perf.instrumentation", "timestamp_client": "2026-08-16T09:59:44.537Z"}
 INFO  [driver-telemetry] realtime.transport.authority {"reason": "full_polling_tick", "source": "core.realtime.manager", "transport_authority": "polling"}
 INFO  [driver-telemetry] realtime.polling.full_refetch {"context_id": "driver:19", "driver_http_calls_per_hour": 1, "mission_poll_full_refetch_total": 1, "network_activity_authority": "mission_active_loop", "source": "driver.realtime"}
 INFO  [driver-telemetry] realtime.mission.freshness {"context_id": "driver:19", "mission_state_freshness_ms": 353540, "realtime_transport_mode": "polling", "source": "driver.realtime.polling"}
 INFO  [FCM-GATE] register effect start {"enabled": true, "fcmEnabled": true, "source": "driver.notifications.bridge", "stage": "app_foreground"}
 INFO  [driver-telemetry] driver.foreground.resume.resync {"context_id": "driver:19", "foreground_resume_resync_total": 1, "source": "driver.sync_engine"}
 INFO  [driver-telemetry] driver.runtime.resume.start {"app_state": "active", "context_id": "driver:19", "resume_attempt_id": "driver:19:1786874387139:11", "source": "driver.runtime.resume"}
 INFO  [driver-telemetry] tracking.device_health.send_skipped {"age_ms": 20057, "reason": "throttled", "source": "driver.device_health", "trigger_reason": null}
 INFO  [driver-telemetry] tracking.device_health.send_skipped {"age_ms": 20114, "reason": "throttled", "source": "driver.device_health", "trigger_reason": "health_monitor_ok"}
 INFO  [FCM-GATE] requesting token {"source": "driver.notifications.bridge", "stage": "app_foreground"}
 INFO  [driver-telemetry] driver.push.fcm.get_token_start {"platform": "android", "source": "driver.firebaseMessaging"}
 INFO  [FCM-GATE] getDriverFcmToken start {"platform": "android"}
 INFO  [FCM-GATE] getToken success {"tokenLength": 142}
 INFO  [driver-telemetry] driver.push.fcm.token {"source": "driver.firebaseMessaging", "token_present": true}
 INFO  [FCM-GATE] token received {"source": "driver.notifications.bridge", "stage": "app_foreground", "tokenLength": 142}
 INFO  [driver-telemetry] driver_push.token_acquired {"provider": "fcm", "source": "driver.notifications.bridge", "stage": "app_foreground", "token_length": 142}
 INFO  [FCM-GATE] posting token {"provider": "fcm", "source": "driver.notifications.bridge", "stage": "app_foreground"}
 INFO  [driver-telemetry] driver.network.profile {"network_profile_active": "offline", "recommended_sync_interval_ms": 30000, "source": "core.api.client"}
 INFO  [driver-telemetry] driver.http.timeout {"endpoint": "/driver/me/telemetry/push", "network_profile_active": "offline", "source": "core.api.client", "timeout_ms": 2500}
 INFO  [driver-telemetry] driver.network.profile {"network_profile_active": "offline", "recommended_sync_interval_ms": 30000, "source": "core.api.client"}
 INFO  [driver-telemetry] driver.http.timeout {"endpoint": "/driver/save-push-token", "network_profile_active": "offline", "source": "core.api.client", "timeout_ms": 2500}
 INFO  [driver-telemetry] push.token.registered {"provider": "fcm", "source": "driver.notifications.bridge"}
 INFO  [driver-telemetry] driver_push.register_success {"provider": "fcm", "source": "driver.notifications.bridge"}
 INFO  [driver-telemetry] driver.network.profile {"network_profile_active": "offline", "recommended_sync_interval_ms": 30000, "source": "core.api.client"}
 INFO  [driver-telemetry] driver.http.timeout {"endpoint": "/driver/me/telemetry/push", "network_profile_active": "offline", "source": "core.api.client", "timeout_ms": 2500}
 INFO  [driver-telemetry] auth.refresh.endpoint_used {"endpoint": "refresh-token", "source": "core.api.client"}
 INFO  [perf-kpi] perf.realtime.notify {"duration_ms": 1, "listener_count": 3, "role": "driver", "screen": "/", "source": "perf.instrumentation", "timestamp_client": "2026-08-16T09:59:47.414Z"}
 INFO  [driver-telemetry] realtime.transport.state {"actual_transport": "polling", "connected": true, "mode": "socket", "source": "core.realtime.manager", "transport_authority": "polling"}
 INFO  [perf-kpi] perf.realtime.notify {"duration_ms": 0, "listener_count": 3, "role": "driver", "screen": "/", "source": "perf.instrumentation", "timestamp_client": "2026-08-16T09:59:47.416Z"}
 LOG  [DriverSocket] {"contextId": "driver:19", "hasToken": true, "path": "/socket.io", "socketUrl": "http://127.0.0.1:15100", "surface": "driver", "transports": ["websocket", "polling"], "urlEnvSource": "EXPO_PUBLIC_DRIVER_SOCKET_URL"}
 INFO  [driver-telemetry] tracking.session.readiness {"readiness": "CREATING", "reason": "session_conflict", "session_generation": 914, "source": "driver.tracking.queue", "tracking_session_id": "trk_sess_1786874367370_xcqmn7pc"}
 INFO  [driver-telemetry] tracking.session.readiness {"readiness": "REGISTERING", "reason": "session_conflict", "session_generation": null, "source": "driver.tracking.queue", "tracking_session_id": "trk_sess_1786874387419_r4jzn24y"}
 INFO  [driver-telemetry] tracking.session.readiness {"readiness": "REGISTERING", "reason": "register_start", "session_generation": null, "source": "driver.tracking.queue", "tracking_session_id": "trk_sess_1786874387419_r4jzn24y"}
 INFO  [driver-telemetry] driver.network.profile {"network_profile_active": "offline", "recommended_sync_interval_ms": 30000, "source": "core.api.client"}
 INFO  [driver-telemetry] driver.http.timeout {"endpoint": "/driver/me/tracking/sessions", "network_profile_active": "offline", "source": "core.api.client", "timeout_ms": 2500}
 INFO  [perf-kpi] perf.runtime.socket_reconnect_failed_total {"context_id": "driver:19", "source": "perf.runtime_stability", "timestamp_client": "2026-08-16T09:59:47.430Z", "total": 25}
 INFO  [driver-telemetry] realtime.transport.state {"actual_transport": "polling", "connected": false, "mode": "polling", "source": "core.realtime.manager", "transport_authority": "degraded"}
 INFO  [perf-kpi] perf.realtime.notify {"duration_ms": 1, "listener_count": 3, "role": "driver", "screen": "/", "source": "perf.instrumentation", "timestamp_client": "2026-08-16T09:59:47.432Z"}
 INFO  [driver-telemetry] realtime.socket.disconnect {"context_id": "driver:19", "reason": "websocket error", "source": "core.realtime.manager"}
 INFO  [driver-telemetry] realtime.transport.mismatch {"actual_transport": "polling", "context_id": "driver:19", "desired_transport": "socket", "source": "core.realtime.manager"}
 INFO  [driver-telemetry] realtime.reconnect.circuit_breaker_blocked {"context_id": "driver:19", "source": "core.realtime.manager"}
 INFO  [driver-telemetry] tracking.queue.flush {"backend_acked": 0, "dropped": 0, "flush_path": "http_fallback", "network_profile_active": "offline", "oldest_item_age_ms": null, "queue_depth": 0, "retried": 0, "sent": 0, "socket_emitted": 0, "source": "driver.tracking.queue", "tracking_queue_oldest_age_ms": null}
 INFO  [driver-telemetry] tracking.flush.transport {"backend_acked": 0, "sent": 0, "socket_emitted": 0, "source": "driver.tracking.queue", "transport": "http"}
 INFO  [driver-telemetry] driver.network.profile {"network_profile_active": "offline", "recommended_sync_interval_ms": 30000, "source": "core.api.client"}
 INFO  [driver-telemetry] driver.http.timeout {"endpoint": "/driver/me/bookings/since", "network_profile_active": "offline", "source": "core.api.client", "timeout_ms": 2500}
 INFO  [driver-telemetry] driver.http.fail_fast_offline {"connected": false, "endpoint": "/driver/me/bookings/since", "internet_reachable": false, "network_type": "fallback", "source": "core.api.client"}
 INFO  [driver-telemetry] driver.runtime.resume.failure {"context_id": "driver:19", "reason": "resume_failed", "resume_attempt_id": "driver:19:1786874387139:11", "retry_count": 1, "source": "driver.runtime.resume", "will_retry": true}
 INFO  [driver-telemetry] tracking.session.readiness {"readiness": "READY", "reason": "register_ok", "session_generation": 915, "source": "driver.tracking.queue", "tracking_session_id": "trk_sess_1786874387419_r4jzn24y"}
 INFO  [driver-telemetry] tracking.session.reconciled {"previous_session_id": "trk_sess_1786874367370_xcqmn7pc", "readiness": "READY", "rebound_count": 0, "released_socket_count": 0, "source": "driver.tracking.queue", "tracking_session_id": "trk_sess_1786874387419_r4jzn24y"}
 INFO  [driver-telemetry] tracking.queue.flush {"backend_acked": 0, "dropped": 0, "flush_path": "http_fallback", "network_profile_active": "offline", "oldest_item_age_ms": null, "queue_depth": 0, "retried": 0, "sent": 0, "socket_emitted": 0, "source": "driver.tracking.queue", "tracking_queue_oldest_age_ms": null}
 INFO  [driver-telemetry] tracking.flush.transport {"backend_acked": 0, "sent": 0, "socket_emitted": 0, "source": "driver.tracking.queue", "transport": "http"}
 INFO  [driver-telemetry] auth.refresh.endpoint_used {"endpoint": "refresh-token", "source": "core.api.client"}
 INFO  [perf-kpi] perf.realtime.notify {"duration_ms": 0, "listener_count": 3, "role": "driver", "screen": "/", "source": "perf.instrumentation", "timestamp_client": "2026-08-16T09:59:47.568Z"}
 INFO  [driver-telemetry] realtime.transport.state {"actual_transport": "polling", "connected": true, "mode": "socket", "source": "core.realtime.manager", "transport_authority": "polling"}
 INFO  [perf-kpi] perf.realtime.notify {"duration_ms": 1, "listener_count": 3, "role": "driver", "screen": "/", "source": "perf.instrumentation", "timestamp_client": "2026-08-16T09:59:47.571Z"}
 LOG  [DriverSocket] {"contextId": "driver:19", "hasToken": true, "path": "/socket.io", "socketUrl": "http://127.0.0.1:15100", "surface": "driver", "transports": ["websocket", "polling"], "urlEnvSource": "EXPO_PUBLIC_DRIVER_SOCKET_URL"}
 INFO  [perf-kpi] perf.runtime.socket_reconnect_failed_total {"context_id": "driver:19", "source": "perf.runtime_stability", "timestamp_client": "2026-08-16T09:59:47.584Z", "total": 26}
 INFO  [driver-telemetry] realtime.transport.state {"actual_transport": "polling", "connected": false, "mode": "polling", "source": "core.realtime.manager", "transport_authority": "degraded"}
 INFO  [perf-kpi] perf.realtime.notify {"duration_ms": 0, "listener_count": 3, "role": "driver", "screen": "/", "source": "perf.instrumentation", "timestamp_client": "2026-08-16T09:59:47.586Z"}
 INFO  [driver-telemetry] realtime.socket.disconnect {"context_id": "driver:19", "reason": "websocket error", "source": "core.realtime.manager"}
 INFO  [driver-telemetry] realtime.transport.mismatch {"actual_transport": "polling", "context_id": "driver:19", "desired_transport": "socket", "source": "core.realtime.manager"}
 INFO  [driver-telemetry] realtime.reconnect.circuit_breaker_blocked {"context_id": "driver:19", "source": "core.realtime.manager"}
 INFO  [driver-telemetry] driver.network.profile {"network_profile_active": "offline", "recommended_sync_interval_ms": 30000, "source": "core.api.client"}
 INFO  [driver-telemetry] driver.http.timeout {"endpoint": "/driver/me/bookings/since", "network_profile_active": "offline", "source": "core.api.client", "timeout_ms": 2500}
 INFO  [driver-telemetry] driver.http.fail_fast_offline {"connected": false, "endpoint": "/driver/me/bookings/since", "internet_reachable": false, "network_type": "fallback", "source": "core.api.client"}
 INFO  [driver-telemetry] driver.runtime.resume.failure {"context_id": "driver:19", "reason": "resume_failed", "resume_attempt_id": "driver:19:1786874387139:11", "retry_count": 2, "source": "driver.runtime.resume", "will_retry": false}
 INFO  [driver-telemetry] auth.refresh.endpoint_used {"endpoint": "refresh-token", "source": "core.api.client"}
 INFO  [driver-telemetry] driver.network.profile {"network_profile_active": "offline", "recommended_sync_interval_ms": 30000, "source": "core.api.client"}
 INFO  [driver-telemetry] driver.http.timeout {"endpoint": "/driver/me/bookings/since", "network_profile_active": "offline", "source": "core.api.client", "timeout_ms": 2500}
 INFO  [driver-telemetry] driver.http.fail_fast_offline {"connected": false, "endpoint": "/driver/me/bookings/since", "internet_reachable": false, "network_type": "fallback", "source": "core.api.client"}
 INFO  [driver-telemetry] driver.runtime.reconcile.failure {"context_id": "driver:19", "reason": "reconcile_failed", "source": "driver.sync.orchestrator", "trigger": "reconnect"}
 INFO  [driver-telemetry] tracking.auth.presence.ensure_headless {"driver_id": 19, "kind": "SESSION_AVAILABLE", "path": "memory_cache"}
 INFO  [driver-telemetry] tracking.queue.enqueued {"app_state": "active", "location_mode": "mission_live", "mission_id": 27, "oldest_item_age_ms": 12, "queue_depth": 1, "sequence_id": 1, "source": "driver.tracking.queue", "tracking_session_id": "trk_sess_1786874387419_r4jzn24y"}
 INFO  [driver-telemetry] tracking.background.task_invoked {"locations_count": 1, "mission_id": 27, "source": "driver.services.backgroundLocationTask", "task_mode": "mission", "task_name": "background-location-task", "timestamp": 1786874389474}
 INFO  [driver-telemetry] driver.network.profile {"network_profile_active": "offline", "recommended_sync_interval_ms": 30000, "source": "core.api.client"}
 INFO  [driver-telemetry] driver.http.timeout {"endpoint": "/driver/me/location", "network_profile_active": "offline", "source": "core.api.client", "timeout_ms": 28000}
 INFO  [driver-telemetry] tracking.queue.enqueued {"app_state": "background", "location_mode": "mission_live", "mission_id": 27, "oldest_item_age_ms": 39, "queue_depth": 2, "sequence_id": 2, "source": "driver.tracking.queue", "tracking_session_id": "trk_sess_1786874387419_r4jzn24y"}
 INFO  [driver-telemetry] tracking.queue.flush_coalesced {"force_http_fallback": true, "queue_depth": 2, "source": "driver.tracking.queue"}
 INFO  [driver-telemetry] tracking.queue.flush_coalesced {"force_http_fallback": true, "queue_depth": 2, "source": "driver.tracking.queue"}
 INFO  [driver-telemetry] tracking.background.task.flush {"backend_acked": 0, "dropped": 0, "mission_id": 27, "network_profile_active": "poor", "queue_depth": 2, "sent": 0, "socket_emitted": 0, "source": "driver.services.backgroundLocationTask", "task_mode": "mission", "task_name": "background-location-task"}
 INFO  [driver-telemetry] tracking.ingest.ack {"accept_reason": "", "ack_status": "persisted", "durability": "persisted_sync", "flush_path": "http_fallback", "mission_id": 27, "queue_item_id": "trk_1786874389460_vv4f4r0e", "source": "driver.tracking.queue", "trace_id": "mob_msvmvizo_lfuvjjkm"}
 INFO  [driver-telemetry] driver.network.profile {"network_profile_active": "offline", "recommended_sync_interval_ms": 30000, "source": "core.api.client"}
 INFO  [driver-telemetry] driver.http.timeout {"endpoint": "/driver/me/location", "network_profile_active": "offline", "source": "core.api.client", "timeout_ms": 28000}
 INFO  [driver-telemetry] tracking.ingest.ack {"accept_reason": "", "ack_status": "persisted", "durability": "persisted_sync", "flush_path": "http_fallback", "mission_id": 27, "queue_item_id": "trk_1786874389475_ujwrxgtp", "source": "driver.tracking.queue", "trace_id": "mob_msvmvj3s_ccitsykg"}
 INFO  [driver-telemetry] tracking.queue.flush {"backend_acked": 2, "dropped": 0, "flush_path": "http_fallback", "network_profile_active": "offline", "oldest_item_age_ms": 283, "queue_depth": 0, "retried": 0, "sent": 2, "socket_emitted": 0, "source": "driver.tracking.queue", "tracking_queue_oldest_age_ms": 283}
 INFO  [driver-telemetry] tracking.flush.transport {"backend_acked": 2, "sent": 2, "socket_emitted": 0, "source": "driver.tracking.queue", "transport": "http"}
 INFO  [driver-telemetry] tracking.bridge.health {"backend_ack_latency_ms": 2292, "mission_id": 27, "network_profile_active": "offline", "oldest_item_age_ms": 285, "queue_depth": 0, "socket_emit_without_backend_ack_total": 0, "source": "driver.tracking.bridge", "tracking_flush_batch_size": 2}
 INFO  [driver-telemetry] tracking.queue.flush {"backend_acked": 0, "dropped": 0, "flush_path": "http_fallback", "network_profile_active": "poor", "oldest_item_age_ms": null, "queue_depth": 0, "retried": 0, "sent": 0, "socket_emitted": 0, "source": "driver.tracking.queue", "tracking_queue_oldest_age_ms": null}
 INFO  [driver-telemetry] tracking.flush.transport {"backend_acked": 0, "sent": 0, "socket_emitted": 0, "source": "driver.tracking.queue", "transport": "http"}
 INFO  [driver-telemetry] realtime.degraded.entered {"degraded_hysteresis_ms": 8000, "source": "core.realtime.manager"}
 INFO  [perf-kpi] perf.realtime.notify {"duration_ms": 2, "listener_count": 3, "role": "driver", "screen": "/", "source": "perf.instrumentation", "timestamp_client": "2026-08-16T09:59:55.595Z"}
 INFO  [perf-kpi] perf.instrumentation.aggregate {"notify_listeners_peak": 3, "row_count": 29, "source": "perf.instrumentation", "tier": "dev", "timestamp_client": "2026-08-16T09:59:58.097Z", "top_by_count": [{"avg_ms": 42.91903282556791, "category": "js_long_task", "count": 2643, "max_ms": 646.5984890013933, "p50_ms": 41.73854199796915, "p95_ms": 46.768646001815796, "role": "driver", "screen": "/", "sub_key": "frame_budget", "sum_ms": 113435.003757976}, {"avg_ms": 0.5168539325842697, "category": "notify", "count": 89, "max_ms": 2, "p50_ms": 1, "p95_ms": 2, "role": "driver", "screen": "/", "sub_key": "lifecycle", "sum_ms": 46}, {"avg_ms": 0, "category": "http", "count": 40, "max_ms": 0, "p50_ms": 0, "p95_ms": 0, "role": "driver", "screen": "/", "sub_key": "/driver/me/bookings/since", "sum_ms": 0}, {"avg_ms": 0, "category": "http", "count": 37, "max_ms": 0, "p50_ms": 0, "p95_ms": 0, "role": "driver", "screen": "/", "sub_key": "/auth/refresh-token", "sum_ms": 0}, {"avg_ms": 0, "category": "http", "count": 30, "max_ms": 0, "p50_ms": 0, "p95_ms": 0, "role": "driver", "screen": "/", "sub_key": "/driver/me/telemetry/push", "sum_ms": 0}, {"avg_ms": 0, "category": "http", "count": 15, "max_ms": 0, "p50_ms": 0, "p95_ms": 0, "role": "driver", "screen": "/", "sub_key": "/driver/save-push-token", "sum_ms": 0}, {"avg_ms": 0, "category": "http", "count": 13, "max_ms": 0, "p50_ms": 0, "p95_ms": 0, "role": "driver", "screen": "/", "sub_key": "/driver/me/location", "sum_ms": 0}, {"avg_ms": 0, "category": "http", "count": 12, "max_ms": 0, "p50_ms": 0, "p95_ms": 0, "role": "driver", "screen": "/", "sub_key": "/messages/3", "sum_ms": 0}, {"avg_ms": 0, "category": "http", "count": 11, "max_ms": 0, "p50_ms": 0, "p95_ms": 0, "role": "driver", "screen": "/", "sub_key": "/driver/me/tracking/sessions", "sum_ms": 0}, {"avg_ms": 0, "category": "http", "count": 8, "max_ms": 0, "p50_ms": 0, "p95_ms": 0, "role": "driver", "screen": "/", "sub_key": "/messages/3/hub/unread-count", "sum_ms": 0}], "top_by_sum_ms": [{"avg_ms": 42.91903282556791, "category": "js_long_task", "count": 2643, "max_ms": 646.5984890013933, "p50_ms": 41.73854199796915, "p95_ms": 46.768646001815796, "role": "driver", "screen": "/", "sub_key": "frame_budget", "sum_ms": 113435.003757976}, {"avg_ms": 1410, "category": "page_load", "count": 1, "max_ms": 1410, "p50_ms": 1410, "p95_ms": 1410, "role": "driver", "screen": "/", "sub_key": "driver.inbox", "sum_ms": 1410}, {"avg_ms": 474, "category": "page_load", "count": 1, "max_ms": 474, "p50_ms": 474, "p95_ms": 474, "role": "driver", "screen": "/", "sub_key": "driver.hub", "sum_ms": 474}, {"avg_ms": 468, "category": "page_load", "count": 1, "max_ms": 468, "p50_ms": 468, "p95_ms": 468, "role": "driver", "screen": "/", "sub_key": "driver.missions", "sum_ms": 468}, {"avg_ms": 28.571172167857487, "category": "js_long_task", "count": 6, "max_ms": 44.33432300388813, "p50_ms": 25.589896000921726, "p95_ms": 44.33432300388813, "role": "unknown", "screen": "app.root", "sub_key": "frame_budget", "sum_ms": 171.42703300714493}, {"avg_ms": 0.5168539325842697, "category": "notify", "count": 89, "max_ms": 2, "p50_ms": 1, "p95_ms": 2, "role": "driver", "screen": "/", "sub_key": "lifecycle", "sum_ms": 46}, {"avg_ms": 0, "category": "http", "count": 3, "max_ms": 0, "p50_ms": 0, "p95_ms": 0, "role": "unknown", "screen": "app.root", "sub_key": "/driver/me/telemetry/push", "sum_ms": 0}, {"avg_ms": 0, "category": "http", "count": 1, "max_ms": 0, "p50_ms": 0, "p95_ms": 0, "role": "unknown", "screen": "app.root", "sub_key": "/auth/csrf-token", "sum_ms": 0}, {"avg_ms": 0, "category": "http", "count": 1, "max_ms": 0, "p50_ms": 0, "p95_ms": 0, "role": "unknown", "screen": "app.root", "sub_key": "/auth/refresh-token", "sum_ms": 0}, {"avg_ms": 0, "category": "http", "count": 1, "max_ms": 0, "p50_ms": 0, "p95_ms": 0, "role": "unknown", "screen": "app.root", "sub_key": "/auth/bootstrap", "sum_ms": 0}]}
 INFO  [driver-telemetry] tracking.device_health.send_skipped {"age_ms": 31761, "reason": "throttled", "source": "driver.device_health", "trigger_reason": null}
 INFO  [driver-telemetry] driver.runtime.heartbeat {"app_state": "active", "context_id": "driver:19", "feature_flags_version": null, "mission_runtime_in_flight": 0, "mission_runtime_known": 1, "session_valid": true, "socket_connected": false, "source": "driver.hooks.realtime", "tracking_active": true, "tracking_queue_depth": 0}
 INFO  [driver-telemetry] driver.network.tick {"app_state": "active", "context_id": "driver:19", "driver_network_tick_total": 1, "mission_presence": "relevant", "network_activity_authority": "mission_active_loop", "network_profile_active": "offline", "source": "driver.realtime"}
 INFO  [driver-telemetry] driver.network.profile {"context_id": "driver:19", "network_profile_active": "offline", "recommended_sync_interval_ms": 30000, "source": "driver.realtime"}
 INFO  [driver-telemetry] driver.network.wake {"context_id": "driver:19", "driver_network_wake_cause": "polling_tick", "network_activity_authority": "mission_active_loop", "source": "driver.realtime"}
 INFO  [driver-telemetry] driver.network.tick.skipped {"context_id": "driver:19", "driver_network_tick_skipped_total": 1, "network_activity_authority": "mission_active_loop", "reason": "idle_rate_limit", "source": "driver.realtime"}
 INFO  [driver-telemetry] driver.network.tick {"app_state": "active", "context_id": "driver:19", "driver_network_tick_total": 1, "mission_presence": "relevant", "network_activity_authority": "mission_active_loop", "source": "driver.sync_engine"}
 INFO  [driver-telemetry] driver.network.wake {"context_id": "driver:19", "driver_network_wake_cause": "sync_engine", "network_activity_authority": "mission_active_loop", "source": "driver.sync_engine"}
 INFO  [driver-telemetry] driver.sync_engine.flush.skipped {"context_id": "driver:19", "reason": "queue_empty_or_tracking_idle", "source": "driver.sync_engine"}
 INFO  [driver-telemetry] realtime.transport.state {"actual_transport": "polling", "connected": false, "mode": "polling", "source": "core.realtime.manager", "transport_authority": "reconcile"}
 INFO  [perf-kpi] perf.realtime.notify {"duration_ms": 1, "listener_count": 3, "role": "driver", "screen": "/", "source": "perf.instrumentation", "timestamp_client": "2026-08-16T09:59:59.623Z"}
 INFO  [driver-telemetry] realtime.transport.authority {"reason": "sync_engine_tick", "source": "core.realtime.manager", "transport_authority": "reconcile"}
 INFO  [driver-telemetry] driver.sync_engine.heartbeat {"allow_gps_flush": false, "allow_socket": false, "app_state": "active", "context_id": "driver:19", "driver_sync_engine_active_ms": 30000, "interval_ms": 30000, "network_activity_authority": "mission_active_loop", "network_mode": "offline", "source": "driver.sync_engine"}
 INFO  [driver-telemetry] tracking.device_health.send_skipped {"age_ms": 32729, "reason": "throttled", "source": "driver.device_health", "trigger_reason": "health_monitor_ok"}
 INFO  [driver-telemetry] driver.network.profile {"network_profile_active": "offline", "recommended_sync_interval_ms": 30000, "source": "core.api.client"}
 INFO  [driver-telemetry] driver.http.timeout {"endpoint": "/driver/me/bookings/since", "network_profile_active": "offline", "source": "core.api.client", "timeout_ms": 2500}
 INFO  [driver-telemetry] driver.http.fail_fast_offline {"connected": false, "endpoint": "/driver/me/bookings/since", "internet_reachable": false, "network_type": "fallback", "source": "core.api.client"}
 INFO  [driver-telemetry] driver.runtime.reconcile.failure {"context_id": "driver:19", "reason": "reconcile_failed", "source": "driver.sync.orchestrator", "trigger": "manual"}
 INFO  [driver-telemetry] driver.network.profile {"network_profile_active": "offline", "recommended_sync_interval_ms": 30000, "source": "core.api.client"}
 INFO  [driver-telemetry] driver.http.timeout {"endpoint": "/driver/me/bookings/eta", "network_profile_active": "offline", "source": "core.api.client", "timeout_ms": 2500}
 INFO  [driver-telemetry] driver.http.fail_fast_offline {"connected": false, "endpoint": "/driver/me/bookings/eta", "internet_reachable": false, "network_type": "fallback", "source": "core.api.client"}
 INFO  [driver-telemetry] driver.network.profile {"network_profile_active": "offline", "recommended_sync_interval_ms": 30000, "source": "core.api.client"}
 INFO  [driver-telemetry] driver.http.timeout {"endpoint": "/driver/me/bookings/eta", "network_profile_active": "offline", "source": "core.api.client", "timeout_ms": 2500}
 INFO  [driver-telemetry] driver.http.fail_fast_offline {"connected": false, "endpoint": "/driver/me/bookings/eta", "internet_reachable": false, "network_type": "fallback", "source": "core.api.client"}
 INFO  [driver-telemetry] tracking.auth.presence.ensure_headless {"driver_id": 19, "kind": "SESSION_AVAILABLE", "path": "memory_cache"}
 INFO  [driver-telemetry] tracking.background.task_invoked {"locations_count": 1, "mission_id": 27, "source": "driver.services.backgroundLocationTask", "task_mode": "mission", "task_name": "background-location-task", "timestamp": 1786874409768}
 INFO  [driver-telemetry] tracking.queue.enqueued {"app_state": "background", "location_mode": "mission_live", "mission_id": 27, "oldest_item_age_ms": 17, "queue_depth": 1, "sequence_id": 3, "source": "driver.tracking.queue", "tracking_session_id": "trk_sess_1786874387419_r4jzn24y"}
 INFO  [driver-telemetry] driver.network.profile {"network_profile_active": "offline", "recommended_sync_interval_ms": 30000, "source": "core.api.client"}
 INFO  [driver-telemetry] driver.http.timeout {"endpoint": "/driver/me/location", "network_profile_active": "offline", "source": "core.api.client", "timeout_ms": 28000}
 INFO  [driver-telemetry] tracking.ingest.ack {"accept_reason": "", "ack_status": "persisted", "durability": "persisted_sync", "flush_path": "http_fallback", "mission_id": 27, "queue_item_id": "trk_1786874409770_bkgkudme", "source": "driver.tracking.queue", "trace_id": "mob_msvmvyny_g6bjl5z2"}
 INFO  [driver-telemetry] tracking.queue.flush {"backend_acked": 1, "dropped": 0, "flush_path": "http_fallback", "network_profile_active": "poor", "oldest_item_age_ms": 166, "queue_depth": 0, "retried": 0, "sent": 1, "socket_emitted": 0, "source": "driver.tracking.queue", "tracking_queue_oldest_age_ms": 166}
 INFO  [driver-telemetry] tracking.flush.transport {"backend_acked": 1, "sent": 1, "socket_emitted": 0, "source": "driver.tracking.queue", "transport": "http"}
 INFO  [driver-telemetry] tracking.background.task.flush {"backend_acked": 1, "dropped": 0, "mission_id": 27, "network_profile_active": "poor", "queue_depth": 0, "sent": 1, "socket_emitted": 0, "source": "driver.services.backgroundLocationTask", "task_mode": "mission", "task_name": "background-location-task"}
 INFO  [driver-telemetry] driver.network.tick {"app_state": "active", "context_id": "driver:19", "driver_network_tick_total": 1, "mission_presence": "relevant", "network_activity_authority": "mission_active_loop", "network_profile_active": "offline", "source": "driver.realtime"}
 INFO  [driver-telemetry] driver.network.profile {"context_id": "driver:19", "network_profile_active": "offline", "recommended_sync_interval_ms": 30000, "source": "driver.realtime"}
 INFO  [driver-telemetry] driver.network.wake {"context_id": "driver:19", "driver_network_wake_cause": "polling_tick", "network_activity_authority": "mission_active_loop", "source": "driver.realtime"}
 INFO  [driver-telemetry] driver.network.tick.skipped {"context_id": "driver:19", "driver_network_tick_skipped_total": 1, "network_activity_authority": "mission_active_loop", "reason": "reconcile_authority", "source": "driver.realtime"}
 INFO  [driver-telemetry] tracking.auth.presence.ensure_headless {"driver_id": 19, "kind": "SESSION_AVAILABLE", "path": "memory_cache"}
 INFO  [driver-telemetry] tracking.background.task_invoked {"locations_count": 1, "mission_id": 27, "source": "driver.services.backgroundLocationTask", "task_mode": "mission", "task_name": "background-location-task", "timestamp": 1786874438048}
 INFO  [driver-telemetry] tracking.queue.enqueued {"app_state": "background", "location_mode": "mission_live", "mission_id": 27, "oldest_item_age_ms": 17, "queue_depth": 1, "sequence_id": 4, "source": "driver.tracking.queue", "tracking_session_id": "trk_sess_1786874387419_r4jzn24y"}
 INFO  [driver-telemetry] driver.network.profile {"network_profile_active": "offline", "recommended_sync_interval_ms": 30000, "source": "core.api.client"}
 INFO  [driver-telemetry] driver.http.timeout {"endpoint": "/driver/me/location", "network_profile_active": "offline", "source": "core.api.client", "timeout_ms": 28000}
 INFO  [driver-telemetry] tracking.ingest.ack {"accept_reason": "", "ack_status": "persisted", "durability": "persisted_sync", "flush_path": "http_fallback", "mission_id": 27, "queue_item_id": "trk_1786874438049_h5py598f", "source": "driver.tracking.queue", "trace_id": "mob_msvmwkhj_ipophup5"}
 INFO  [driver-telemetry] tracking.queue.flush {"backend_acked": 1, "dropped": 0, "flush_path": "http_fallback", "network_profile_active": "poor", "oldest_item_age_ms": 4257, "queue_depth": 0, "retried": 0, "sent": 1, "socket_emitted": 0, "source": "driver.tracking.queue", "tracking_queue_oldest_age_ms": 4257}
 INFO  [driver-telemetry] tracking.flush.transport {"backend_acked": 1, "sent": 1, "socket_emitted": 0, "source": "driver.tracking.queue", "transport": "http"}
 INFO  [driver-telemetry] tracking.background.task.flush {"backend_acked": 1, "dropped": 0, "mission_id": 27, "network_profile_active": "poor", "queue_depth": 0, "sent": 1, "socket_emitted": 0, "source": "driver.services.backgroundLocationTask", "task_mode": "mission", "task_name": "background-location-task"}
 INFO  [driver-telemetry] tracking.auth.presence.ensure_headless {"driver_id": 19, "kind": "SESSION_AVAILABLE", "path": "memory_cache"}
 INFO  [driver-telemetry] tracking.background.task_invoked {"locations_count": 1, "mission_id": 27, "source": "driver.services.backgroundLocationTask", "task_mode": "mission", "task_name": "background-location-task", "timestamp": 1786874458340}
 INFO  [driver-telemetry] tracking.queue.enqueued {"app_state": "background", "location_mode": "mission_live", "mission_id": 27, "oldest_item_age_ms": 49, "queue_depth": 1, "sequence_id": 5, "source": "driver.tracking.queue", "tracking_session_id": "trk_sess_1786874387419_r4jzn24y"}
 INFO  [driver-telemetry] driver.network.profile {"network_profile_active": "offline", "recommended_sync_interval_ms": 30000, "source": "core.api.client"}
 INFO  [driver-telemetry] driver.http.timeout {"endpoint": "/driver/me/location", "network_profile_active": "offline", "source": "core.api.client", "timeout_ms": 28000}
 INFO  [driver-telemetry] tracking.ingest.ack {"accept_reason": "", "ack_status": "persisted", "durability": "persisted_sync", "flush_path": "http_fallback", "mission_id": 27, "queue_item_id": "trk_1786874458342_1gd4yuhh", "source": "driver.tracking.queue", "trace_id": "mob_msvmx06g_9vmuzmku"}
 INFO  [driver-telemetry] tracking.queue.flush {"backend_acked": 1, "dropped": 0, "flush_path": "http_fallback", "network_profile_active": "poor", "oldest_item_age_ms": 253, "queue_depth": 0, "retried": 0, "sent": 1, "socket_emitted": 0, "source": "driver.tracking.queue", "tracking_queue_oldest_age_ms": 253}
 INFO  [driver-telemetry] tracking.flush.transport {"backend_acked": 1, "sent": 1, "socket_emitted": 0, "source": "driver.tracking.queue", "transport": "http"}
 INFO  [driver-telemetry] tracking.background.task.flush {"backend_acked": 1, "dropped": 0, "mission_id": 27, "network_profile_active": "poor", "queue_depth": 0, "sent": 1, "socket_emitted": 0, "source": "driver.services.backgroundLocationTask", "task_mode": "mission", "task_name": "background-location-task"}
 INFO  [driver-telemetry] tracking.auth.presence.ensure_headless {"driver_id": 19, "kind": "SESSION_AVAILABLE", "path": "memory_cache"}
 INFO  [driver-telemetry] tracking.background.task_invoked {"locations_count": 1, "mission_id": 27, "source": "driver.services.backgroundLocationTask", "task_mode": "mission", "task_name": "background-location-task", "timestamp": 1786874478637}
 INFO  [driver-telemetry] tracking.queue.enqueued {"app_state": "background", "location_mode": "mission_live", "mission_id": 27, "oldest_item_age_ms": 19, "queue_depth": 1, "sequence_id": 6, "source": "driver.tracking.queue", "tracking_session_id": "trk_sess_1786874387419_r4jzn24y"}
 INFO  [driver-telemetry] driver.network.profile {"network_profile_active": "offline", "recommended_sync_interval_ms": 30000, "source": "core.api.client"}
 INFO  [driver-telemetry] driver.http.timeout {"endpoint": "/driver/me/location", "network_profile_active": "offline", "source": "core.api.client", "timeout_ms": 28000}
 INFO  [driver-telemetry] tracking.ingest.ack {"accept_reason": "", "ack_status": "persisted", "durability": "persisted_sync", "flush_path": "http_fallback", "mission_id": 27, "queue_item_id": "trk_1786874478639_5b2cggjq", "source": "driver.tracking.queue", "trace_id": "mob_msvmxfu7_l1a69ijp"}
 INFO  [driver-telemetry] tracking.queue.flush {"backend_acked": 1, "dropped": 0, "flush_path": "http_fallback", "network_profile_active": "poor", "oldest_item_age_ms": 220, "queue_depth": 0, "retried": 0, "sent": 1, "socket_emitted": 0, "source": "driver.tracking.queue", "tracking_queue_oldest_age_ms": 220}
 INFO  [driver-telemetry] tracking.flush.transport {"backend_acked": 1, "sent": 1, "socket_emitted": 0, "source": "driver.tracking.queue", "transport": "http"}
 INFO  [driver-telemetry] tracking.background.task.flush {"backend_acked": 1, "dropped": 0, "mission_id": 27, "network_profile_active": "poor", "queue_depth": 0, "sent": 1, "socket_emitted": 0, "source": "driver.services.backgroundLocationTask", "task_mode": "mission", "task_name": "background-location-task"}
 INFO  [driver-telemetry] tracking.auth.presence.ensure_headless {"driver_id": 19, "kind": "SESSION_AVAILABLE", "path": "memory_cache"}
 INFO  [driver-telemetry] tracking.background.task_invoked {"locations_count": 1, "mission_id": 27, "source": "driver.services.backgroundLocationTask", "task_mode": "mission", "task_name": "background-location-task", "timestamp": 1786874498963}
 INFO  [driver-telemetry] tracking.queue.enqueued {"app_state": "background", "location_mode": "mission_live", "mission_id": 27, "oldest_item_age_ms": 60, "queue_depth": 1, "sequence_id": 7, "source": "driver.tracking.queue", "tracking_session_id": "trk_sess_1786874387419_r4jzn24y"}
 INFO  [driver-telemetry] driver.network.profile {"network_profile_active": "offline", "recommended_sync_interval_ms": 30000, "source": "core.api.client"}
 INFO  [driver-telemetry] driver.http.timeout {"endpoint": "/driver/me/location", "network_profile_active": "offline", "source": "core.api.client", "timeout_ms": 28000}
 INFO  [driver-telemetry] tracking.ingest.ack {"accept_reason": "", "ack_status": "persisted", "durability": "persisted_sync", "flush_path": "http_fallback", "mission_id": 27, "queue_item_id": "trk_1786874498966_f74thmgk", "source": "driver.tracking.queue", "trace_id": "mob_msvmxviy_qfea7fjm"}
 INFO  [driver-telemetry] tracking.queue.flush {"backend_acked": 1, "dropped": 0, "flush_path": "http_fallback", "network_profile_active": "poor", "oldest_item_age_ms": 213, "queue_depth": 0, "retried": 0, "sent": 1, "socket_emitted": 0, "source": "driver.tracking.queue", "tracking_queue_oldest_age_ms": 213}
 INFO  [driver-telemetry] tracking.flush.transport {"backend_acked": 1, "sent": 1, "socket_emitted": 0, "source": "driver.tracking.queue", "transport": "http"}
 INFO  [driver-telemetry] tracking.background.task.flush {"backend_acked": 1, "dropped": 0, "mission_id": 27, "network_profile_active": "poor", "queue_depth": 0, "sent": 1, "socket_emitted": 0, "source": "driver.services.backgroundLocationTask", "task_mode": "mission", "task_name": "background-location-task"}
 INFO  [driver-telemetry] tracking.auth.presence.ensure_headless {"driver_id": 19, "kind": "SESSION_AVAILABLE", "path": "memory_cache"}
 INFO  [driver-telemetry] tracking.background.task_invoked {"locations_count": 1, "mission_id": 27, "source": "driver.services.backgroundLocationTask", "task_mode": "mission", "task_name": "background-location-task", "timestamp": 1786874519281}
 INFO  [driver-telemetry] tracking.queue.enqueued {"app_state": "background", "location_mode": "mission_live", "mission_id": 27, "oldest_item_age_ms": 51, "queue_depth": 1, "sequence_id": 8, "source": "driver.tracking.queue", "tracking_session_id": "trk_sess_1786874387419_r4jzn24y"}
 INFO  [driver-telemetry] driver.network.profile {"network_profile_active": "offline", "recommended_sync_interval_ms": 30000, "source": "core.api.client"}
 INFO  [driver-telemetry] driver.http.timeout {"endpoint": "/driver/me/location", "network_profile_active": "offline", "source": "core.api.client", "timeout_ms": 28000}
 INFO  [driver-telemetry] tracking.ingest.ack {"accept_reason": "", "ack_status": "persisted", "durability": "persisted_sync", "flush_path": "http_fallback", "mission_id": 27, "queue_item_id": "trk_1786874519283_oz6aycvi", "source": "driver.tracking.queue", "trace_id": "mob_msvmyb72_fqscfrg8"}
 INFO  [driver-telemetry] tracking.queue.flush {"backend_acked": 1, "dropped": 0, "flush_path": "http_fallback", "network_profile_active": "poor", "oldest_item_age_ms": 4199, "queue_depth": 0, "retried": 0, "sent": 1, "socket_emitted": 0, "source": "driver.tracking.queue", "tracking_queue_oldest_age_ms": 4199}
 INFO  [driver-telemetry] tracking.flush.transport {"backend_acked": 1, "sent": 1, "socket_emitted": 0, "source": "driver.tracking.queue", "transport": "http"}
 INFO  [driver-telemetry] tracking.background.task.flush {"backend_acked": 1, "dropped": 0, "mission_id": 27, "network_profile_active": "poor", "queue_depth": 0, "sent": 1, "socket_emitted": 0, "source": "driver.services.backgroundLocationTask", "task_mode": "mission", "task_name": "background-location-task"}
 INFO  [driver-telemetry] tracking.auth.presence.ensure_headless {"driver_id": 19, "kind": "SESSION_AVAILABLE", "path": "memory_cache"}
 INFO  [driver-telemetry] tracking.background.task_invoked {"locations_count": 1, "mission_id": 27, "source": "driver.services.backgroundLocationTask", "task_mode": "mission", "task_name": "background-location-task", "timestamp": 1786874539552}
 INFO  [driver-telemetry] tracking.queue.enqueued {"app_state": "background", "location_mode": "mission_live", "mission_id": 27, "oldest_item_age_ms": 55, "queue_depth": 1, "sequence_id": 9, "source": "driver.tracking.queue", "tracking_session_id": "trk_sess_1786874387419_r4jzn24y"}
 INFO  [driver-telemetry] driver.network.profile {"network_profile_active": "offline", "recommended_sync_interval_ms": 30000, "source": "core.api.client"}
 INFO  [driver-telemetry] driver.http.timeout {"endpoint": "/driver/me/location", "network_profile_active": "offline", "source": "core.api.client", "timeout_ms": 28000}
 INFO  [driver-telemetry] tracking.ingest.ack {"accept_reason": "", "ack_status": "persisted", "durability": "persisted_sync", "flush_path": "http_fallback", "mission_id": 27, "queue_item_id": "trk_1786874539554_wkrz2aif", "source": "driver.tracking.queue", "trace_id": "mob_msvmyqua_wrp7ot88"}
 INFO  [driver-telemetry] tracking.queue.flush {"backend_acked": 1, "dropped": 0, "flush_path": "http_fallback", "network_profile_active": "poor", "oldest_item_age_ms": 233, "queue_depth": 0, "retried": 0, "sent": 1, "socket_emitted": 0, "source": "driver.tracking.queue", "tracking_queue_oldest_age_ms": 233}
 INFO  [driver-telemetry] tracking.flush.transport {"backend_acked": 1, "sent": 1, "socket_emitted": 0, "source": "driver.tracking.queue", "transport": "http"}
 INFO  [driver-telemetry] tracking.background.task.flush {"backend_acked": 1, "dropped": 0, "mission_id": 27, "network_profile_active": "poor", "queue_depth": 0, "sent": 1, "socket_emitted": 0, "source": "driver.services.backgroundLocationTask", "task_mode": "mission", "task_name": "background-location-task"}
 INFO  [driver-telemetry] tracking.auth.presence.ensure_headless {"driver_id": 19, "kind": "SESSION_AVAILABLE", "path": "memory_cache"}
 INFO  [driver-telemetry] tracking.background.task_invoked {"locations_count": 1, "mission_id": 27, "source": "driver.services.backgroundLocationTask", "task_mode": "mission", "task_name": "background-location-task", "timestamp": 1786874559906}
 INFO  [driver-telemetry] tracking.queue.enqueued {"app_state": "background", "location_mode": "mission_live", "mission_id": 27, "oldest_item_age_ms": 52, "queue_depth": 1, "sequence_id": 10, "source": "driver.tracking.queue", "tracking_session_id": "trk_sess_1786874387419_r4jzn24y"}
 INFO  [driver-telemetry] driver.network.profile {"network_profile_active": "offline", "recommended_sync_interval_ms": 30000, "source": "core.api.client"}
 INFO  [driver-telemetry] driver.http.timeout {"endpoint": "/driver/me/location", "network_profile_active": "offline", "source": "core.api.client", "timeout_ms": 28000}
 INFO  [driver-telemetry] tracking.ingest.ack {"accept_reason": "", "ack_status": "persisted", "durability": "persisted_sync", "flush_path": "http_fallback", "mission_id": 27, "queue_item_id": "trk_1786874559909_bs022ohj", "source": "driver.tracking.queue", "trace_id": "mob_msvmz6jm_ujvq5sa6"}
 INFO  [driver-telemetry] tracking.queue.flush {"backend_acked": 1, "dropped": 0, "flush_path": "http_fallback", "network_profile_active": "poor", "oldest_item_age_ms": 239, "queue_depth": 0, "retried": 0, "sent": 1, "socket_emitted": 0, "source": "driver.tracking.queue", "tracking_queue_oldest_age_ms": 239}
 INFO  [driver-telemetry] tracking.flush.transport {"backend_acked": 1, "sent": 1, "socket_emitted": 0, "source": "driver.tracking.queue", "transport": "http"}
 INFO  [driver-telemetry] tracking.background.task.flush {"backend_acked": 1, "dropped": 0, "mission_id": 27, "network_profile_active": "poor", "queue_depth": 0, "sent": 1, "socket_emitted": 0, "source": "driver.services.backgroundLocationTask", "task_mode": "mission", "task_name": "background-location-task"}
 INFO  [driver-telemetry] tracking.auth.presence.ensure_headless {"driver_id": 19, "kind": "SESSION_AVAILABLE", "path": "memory_cache"}
 INFO  [driver-telemetry] tracking.background.task_invoked {"locations_count": 1, "mission_id": 27, "source": "driver.services.backgroundLocationTask", "task_mode": "mission", "task_name": "background-location-task", "timestamp": 1786874580202}
 INFO  [driver-telemetry] tracking.queue.enqueued {"app_state": "background", "location_mode": "mission_live", "mission_id": 27, "oldest_item_age_ms": 57, "queue_depth": 1, "sequence_id": 11, "source": "driver.tracking.queue", "tracking_session_id": "trk_sess_1786874387419_r4jzn24y"}
 INFO  [driver-telemetry] driver.network.profile {"network_profile_active": "offline", "recommended_sync_interval_ms": 30000, "source": "core.api.client"}
 INFO  [driver-telemetry] driver.http.timeout {"endpoint": "/driver/me/location", "network_profile_active": "offline", "source": "core.api.client", "timeout_ms": 28000}
 INFO  [driver-telemetry] tracking.ingest.ack {"accept_reason": "", "ack_status": "persisted", "durability": "persisted_sync", "flush_path": "http_fallback", "mission_id": 27, "queue_item_id": "trk_1786874580204_h3sc2ayk", "source": "driver.tracking.queue", "trace_id": "mob_msvmzm7g_om2vv0xi"}
 INFO  [driver-telemetry] tracking.queue.flush {"backend_acked": 1, "dropped": 0, "flush_path": "http_fallback", "network_profile_active": "poor", "oldest_item_age_ms": 228, "queue_depth": 0, "retried": 0, "sent": 1, "socket_emitted": 0, "source": "driver.tracking.queue", "tracking_queue_oldest_age_ms": 228}
 INFO  [driver-telemetry] tracking.flush.transport {"backend_acked": 1, "sent": 1, "socket_emitted": 0, "source": "driver.tracking.queue", "transport": "http"}
 INFO  [driver-telemetry] tracking.background.task.flush {"backend_acked": 1, "dropped": 0, "mission_id": 27, "network_profile_active": "poor", "queue_depth": 0, "sent": 1, "socket_emitted": 0, "source": "driver.services.backgroundLocationTask", "task_mode": "mission", "task_name": "background-location-task"}
 INFO  [driver-telemetry] tracking.auth.presence.ensure_headless {"driver_id": 19, "kind": "SESSION_AVAILABLE", "path": "memory_cache"}
 INFO  [driver-telemetry] tracking.background.task_invoked {"locations_count": 1, "mission_id": 27, "source": "driver.services.backgroundLocationTask", "task_mode": "mission", "task_name": "background-location-task", "timestamp": 1786874600458}
 INFO  [driver-telemetry] tracking.queue.enqueued {"app_state": "background", "location_mode": "mission_live", "mission_id": 27, "oldest_item_age_ms": 56, "queue_depth": 1, "sequence_id": 12, "source": "driver.tracking.queue", "tracking_session_id": "trk_sess_1786874387419_r4jzn24y"}
 INFO  [driver-telemetry] driver.network.profile {"network_profile_active": "offline", "recommended_sync_interval_ms": 30000, "source": "core.api.client"}
 INFO  [driver-telemetry] driver.http.timeout {"endpoint": "/driver/me/location", "network_profile_active": "offline", "source": "core.api.client", "timeout_ms": 28000}
 INFO  [driver-telemetry] tracking.ingest.ack {"accept_reason": "", "ack_status": "persisted", "durability": "persisted_sync", "flush_path": "http_fallback", "mission_id": 27, "queue_item_id": "trk_1786874600460_jnqbyz8d", "source": "driver.tracking.queue", "trace_id": "mob_msvn01u3_3zg2x52u"}
 INFO  [driver-telemetry] tracking.queue.flush {"backend_acked": 1, "dropped": 0, "flush_path": "http_fallback", "network_profile_active": "poor", "oldest_item_age_ms": 4267, "queue_depth": 0, "retried": 0, "sent": 1, "socket_emitted": 0, "source": "driver.tracking.queue", "tracking_queue_oldest_age_ms": 4267}
 INFO  [driver-telemetry] tracking.flush.transport {"backend_acked": 1, "sent": 1, "socket_emitted": 0, "source": "driver.tracking.queue", "transport": "http"}
 INFO  [driver-telemetry] tracking.background.task.flush {"backend_acked": 1, "dropped": 0, "mission_id": 27, "network_profile_active": "poor", "queue_depth": 0, "sent": 1, "socket_emitted": 0, "source": "driver.services.backgroundLocationTask", "task_mode": "mission", "task_name": "background-location-task"}
 INFO  [driver-telemetry] tracking.auth.presence.ensure_headless {"driver_id": 19, "kind": "SESSION_AVAILABLE", "path": "memory_cache"}
 INFO  [driver-telemetry] tracking.background.task_invoked {"locations_count": 1, "mission_id": 27, "source": "driver.services.backgroundLocationTask", "task_mode": "mission", "task_name": "background-location-task", "timestamp": 1786874620370}
 INFO  [driver-telemetry] tracking.queue.enqueued {"app_state": "background", "location_mode": "mission_live", "mission_id": 27, "oldest_item_age_ms": 151, "queue_depth": 1, "sequence_id": 13, "source": "driver.tracking.queue", "tracking_session_id": "trk_sess_1786874387419_r4jzn24y"}
 INFO  [driver-telemetry] driver.network.profile {"network_profile_active": "offline", "recommended_sync_interval_ms": 30000, "source": "core.api.client"}
 INFO  [driver-telemetry] driver.http.timeout {"endpoint": "/driver/me/location", "network_profile_active": "offline", "source": "core.api.client", "timeout_ms": 28000}
 INFO  [driver-telemetry] tracking.ingest.ack {"accept_reason": "", "ack_status": "persisted", "durability": "persisted_sync", "flush_path": "http_fallback", "mission_id": 27, "queue_item_id": "trk_1786874620377_ngeuxcbf", "source": "driver.tracking.queue", "trace_id": "mob_msvn0ha4_aueo2ozu"}
 INFO  [driver-telemetry] tracking.queue.flush {"backend_acked": 1, "dropped": 0, "flush_path": "http_fallback", "network_profile_active": "poor", "oldest_item_age_ms": 384, "queue_depth": 0, "retried": 0, "sent": 1, "socket_emitted": 0, "source": "driver.tracking.queue", "tracking_queue_oldest_age_ms": 384}
 INFO  [driver-telemetry] tracking.flush.transport {"backend_acked": 1, "sent": 1, "socket_emitted": 0, "source": "driver.tracking.queue", "transport": "http"}
 INFO  [driver-telemetry] tracking.background.task.flush {"backend_acked": 1, "dropped": 0, "mission_id": 27, "network_profile_active": "poor", "queue_depth": 0, "sent": 1, "socket_emitted": 0, "source": "driver.services.backgroundLocationTask", "task_mode": "mission", "task_name": "background-location-task"}
Android .\index.js ░░░░░░░░░░░░░░░░  0.0% (0/1)
Android Bundled 204ms index.js (1 module)
 WARN  [Reanimated] Reduced motion setting is enabled on this device. This warning is visible only in the development mode. Some animations will be disabled by default. You can override the behavior for individual animations, see https://docs.swmansion.com/react-native-reanimated/docs/guides/troubleshooting#reduced-motion-setting-is-enabled-on-this-device.
 INFO  [driver-telemetry] tracking.background.task.registration_status {"bg_flag_enabled": true, "runtime": "dev_client_or_standalone", "source": "driver.services.backgroundLocationTask", "task_defined": true, "task_name": "background-location-task", "task_started": true}
 LOG  [BootSplash] state {"status":"idle","introState":"loading","animFinished":false,"showLottieLayer":false,"showOverlay":true,"overlayMounted":true,"elapsedMs":85}
 INFO  [perf-kpi] perf.boot.milestone {"milestone": "APP_JS_READY", "since_cold_start_ms": 1074, "source": "boot.milestones", "timestamp_client": "2026-08-16T10:03:54.929Z"}
 LOG  [BootSplash] status transition idle -> bootstrapping
 LOG  [BootSplash] state {"status":"bootstrapping","introState":"loading","animFinished":false,"showLottieLayer":false,"showOverlay":true,"overlayMounted":true,"elapsedMs":124}
 LOG  [BootSplash] state {"status":"bootstrapping","introState":"skip","animFinished":false,"showLottieLayer":false,"showOverlay":false,"overlayMounted":true,"elapsedMs":148}
 INFO  [perf-kpi] perf.boot.milestone {"milestone": "SESSION_RESTORED", "since_cold_start_ms": 1166, "source": "boot.milestones", "timestamp_client": "2026-08-16T10:03:55.021Z"}
 INFO  [FCM-GATE] DriverNotificationsBridge state {"contextType": "driver", "driverId": 19, "enabled": false, "fcmEnabled": true, "pushEnabled": true, "status": "bootstrapping"}
 INFO  [driver-telemetry] driver_push.bridge_mounted {"context_type": "driver", "driver_id": 19, "enabled": false, "fcm_enabled": true, "source": "driver.notifications.bridge"}
 INFO  [perf-kpi] perf.runtime.context_switch_total {"from_context": null, "source": "perf.runtime_stability", "timestamp_client": "2026-08-16T10:03:55.047Z", "to_context": "driver:driver:19", "total": 1}
 INFO  [driver-telemetry] driver.network.profile {"network_profile_active": "normal", "recommended_sync_interval_ms": 10000, "source": "core.api.client"}
 INFO  [driver-telemetry] driver.http.timeout {"endpoint": "/driver/me/telemetry/push", "network_profile_active": "normal", "source": "core.api.client", "timeout_ms": 15000}
 INFO  [driver-telemetry] driver.push.fcm.token {"source": "driver.firebaseMessaging", "token_present": true}
 INFO  [driver-telemetry] auth.refresh.endpoint_used {"endpoint": "refresh-token", "source": "core.api.client"}
 INFO  [driver-telemetry] driver.network.profile {"network_profile_active": "normal", "recommended_sync_interval_ms": 10000, "source": "core.api.client"}
 INFO  [driver-telemetry] driver.http.timeout {"endpoint": "/driver/me/telemetry/push", "network_profile_active": "normal", "source": "core.api.client", "timeout_ms": 15000}
 INFO  [driver-telemetry] tracking.session.readiness {"readiness": "READY", "reason": "load_persisted", "session_generation": 915, "source": "driver.tracking.queue", "tracking_session_id": "trk_sess_1786874387419_r4jzn24y"}
 INFO  [driver-telemetry] tracking.queue.resume_after_auth {"auth_session_changed": false, "pending_count": 0, "preserve_pending": true, "source": "driver.tracking.queue"}
 INFO  [perf-kpi] perf.boot.milestone {"milestone": "SESSION_READY", "since_cold_start_ms": 1563, "source": "boot.milestones", "timestamp_client": "2026-08-16T10:03:55.418Z"}
 INFO  [driver-telemetry] realtime.transport.state {"actual_transport": "polling", "connected": true, "mode": "socket", "source": "core.realtime.manager", "transport_authority": "polling"}
 INFO  [perf-kpi] perf.realtime.notify {"duration_ms": 0, "listener_count": 0, "role": "unknown", "screen": "app.root", "source": "perf.instrumentation", "timestamp_client": "2026-08-16T10:03:55.424Z"}
 LOG  [DriverSocket] {"contextId": "driver:19", "hasToken": true, "path": "/socket.io", "socketUrl": "http://127.0.0.1:15100", "surface": "driver", "transports": ["websocket", "polling"], "urlEnvSource": "EXPO_PUBLIC_DRIVER_SOCKET_URL"}
 INFO  [perf-kpi] perf.runtime.socket_reconnect_failed_total {"context_id": "driver:19", "source": "perf.runtime_stability", "timestamp_client": "2026-08-16T10:03:55.446Z", "total": 1}
 INFO  [driver-telemetry] realtime.transport.state {"actual_transport": "polling", "connected": false, "mode": "polling", "source": "core.realtime.manager", "transport_authority": "degraded"}
 INFO  [perf-kpi] perf.realtime.notify {"duration_ms": 0, "listener_count": 0, "role": "unknown", "screen": "app.root", "source": "perf.instrumentation", "timestamp_client": "2026-08-16T10:03:55.448Z"}
 INFO  [driver-telemetry] realtime.socket.disconnect {"context_id": "driver:19", "reason": "websocket error", "source": "core.realtime.manager"}
 INFO  [driver-telemetry] realtime.transport.mismatch {"actual_transport": "polling", "context_id": "driver:19", "desired_transport": "socket", "source": "core.realtime.manager"}
 INFO  [perf-kpi] perf.realtime.notify {"duration_ms": 0, "listener_count": 0, "role": "unknown", "screen": "app.root", "source": "perf.instrumentation", "timestamp_client": "2026-08-16T10:03:55.451Z"}
 INFO  [driver-telemetry] tracking.queue.resume_after_auth {"auth_session_changed": false, "pending_count": 0, "preserve_pending": true, "source": "driver.tracking.queue"}
 INFO  [FCM-GATE] register effect start {"enabled": true, "fcmEnabled": true, "source": "driver.notifications.bridge", "stage": "session_ready"}
 INFO  [FCM-GATE] DriverNotificationsBridge state {"contextType": "driver", "driverId": 19, "enabled": true, "fcmEnabled": true, "pushEnabled": true, "status": "ready"}
 INFO  [driver-telemetry] driver_push.bridge_mounted {"context_type": "driver", "driver_id": 19, "enabled": true, "fcm_enabled": true, "source": "driver.notifications.bridge"}
 LOG  [BootSplash] status transition bootstrapping -> ready
 LOG  [BootSplash] state {"status":"ready","introState":"skip","animFinished":false,"showLottieLayer":false,"showOverlay":false,"overlayMounted":true,"elapsedMs":639}
 INFO  [driver-telemetry] driver.network.profile {"network_profile_active": "normal", "recommended_sync_interval_ms": 10000, "source": "core.api.client"}
 INFO  [driver-telemetry] driver.http.timeout {"endpoint": "/driver/me/telemetry/push", "network_profile_active": "normal", "source": "core.api.client", "timeout_ms": 15000}
 INFO  [driver-telemetry] driver.network.profile {"network_profile_active": "normal", "recommended_sync_interval_ms": 10000, "source": "core.api.client"}
 INFO  [driver-telemetry] driver.http.timeout {"endpoint": "/driver/me/device-health", "network_profile_active": "normal", "source": "core.api.client", "timeout_ms": 15000}
 INFO  [driver-telemetry] driver.push.fcm.token {"source": "driver.firebaseMessaging", "token_present": true}
 LOG  [BootSplash] overlay hidden after 658 ms
 LOG  [BootSplash] state {"status":"ready","introState":"skip","animFinished":false,"showLottieLayer":false,"showOverlay":false,"overlayMounted":false,"elapsedMs":668}
 INFO  [driver-telemetry] tracking.presence_context.updated {"driver_available": true, "mission_id": null, "presence_window_open": true, "source": "driver.tracking.bridge"}
 INFO  [perf-kpi] perf.realtime.notify {"duration_ms": 0, "listener_count": 0, "role": "unknown", "screen": "app.root", "source": "perf.instrumentation", "timestamp_client": "2026-08-16T10:03:55.871Z"}
 INFO  [driver-telemetry] realtime.transport.state {"actual_transport": "polling", "connected": true, "mode": "socket", "source": "core.realtime.manager", "transport_authority": "polling"}
 INFO  [perf-kpi] perf.realtime.notify {"duration_ms": 0, "listener_count": 0, "role": "unknown", "screen": "app.root", "source": "perf.instrumentation", "timestamp_client": "2026-08-16T10:03:55.874Z"}
 LOG  [DriverSocket] {"contextId": "driver:19", "hasToken": true, "path": "/socket.io", "socketUrl": "http://127.0.0.1:15100", "surface": "driver", "transports": ["websocket", "polling"], "urlEnvSource": "EXPO_PUBLIC_DRIVER_SOCKET_URL"}
 INFO  [driver-telemetry] driver.gate.unified_evaluated {"allowed": true, "enabled": true, "option": "C", "source": "DriverUnifiedGateGuard"}
 INFO  [driver-telemetry] driver.network.profile {"network_profile_active": "normal", "recommended_sync_interval_ms": 10000, "source": "core.api.client"}
 INFO  [driver-telemetry] driver.http.timeout {"endpoint": "/driver/me/bookings", "network_profile_active": "normal", "source": "core.api.client", "timeout_ms": 15000}
 INFO  [driver-telemetry] driver.network.profile {"network_profile_active": "normal", "recommended_sync_interval_ms": 10000, "source": "core.api.client"}
 INFO  [driver-telemetry] driver.http.timeout {"endpoint": "/driver/me/bookings/since", "network_profile_active": "normal", "source": "core.api.client", "timeout_ms": 15000}
 INFO  [driver-telemetry] driver.network.profile {"network_profile_active": "normal", "recommended_sync_interval_ms": 10000, "source": "core.api.client"}
 INFO  [driver-telemetry] driver.http.timeout {"endpoint": "/driver/me/company-bookings/today", "network_profile_active": "normal", "source": "core.api.client", "timeout_ms": 15000}
 INFO  [driver-telemetry] tracking.session.readiness {"readiness": "CREATING", "reason": "session_conflict", "session_generation": 915, "source": "driver.tracking.queue", "tracking_session_id": "trk_sess_1786874387419_r4jzn24y"}
 INFO  [perf-kpi] perf.js_long_task {"duration_ms": 517.0027080029249, "role": "driver", "screen": "/", "source": "perf.instrumentation", "timestamp_client": "2026-08-16T10:03:56.005Z"}
 INFO  [driver-telemetry] tracking.device_health.sent {"battery_optimized": false, "constraint_reason": null, "fgs_running": true, "kind": "tracking_health", "source": "driver.device_health", "trigger_reason": null}
 INFO  [driver-telemetry] auth.refresh.endpoint_used {"endpoint": "refresh-token", "source": "core.api.client"}
 INFO  [perf-kpi] perf.runtime.socket_reconnect_failed_total {"context_id": "driver:19", "source": "perf.runtime_stability", "timestamp_client": "2026-08-16T10:03:56.075Z", "total": 2}
 INFO  [driver-telemetry] realtime.transport.state {"actual_transport": "polling", "connected": false, "mode": "polling", "source": "core.realtime.manager", "transport_authority": "degraded"}
 INFO  [perf-kpi] perf.realtime.notify {"duration_ms": 1, "listener_count": 3, "role": "driver", "screen": "/", "source": "perf.instrumentation", "timestamp_client": "2026-08-16T10:03:56.077Z"}
 INFO  [driver-telemetry] realtime.socket.disconnect {"context_id": "driver:19", "reason": "websocket error", "source": "core.realtime.manager"}
 INFO  [driver-telemetry] realtime.transport.mismatch {"actual_transport": "polling", "context_id": "driver:19", "desired_transport": "socket", "source": "core.realtime.manager"}
 INFO  [perf-kpi] perf.realtime.notify {"duration_ms": 0, "listener_count": 3, "role": "driver", "screen": "/", "source": "perf.instrumentation", "timestamp_client": "2026-08-16T10:03:56.079Z"}
 INFO  [driver-telemetry] tracking.queue.flush_coalesced {"force_http_fallback": false, "queue_depth": 0, "source": "driver.tracking.queue"}
 INFO  [driver-telemetry] tracking.queue.flush {"backend_acked": 0, "dropped": 0, "flush_path": "http_fallback", "network_profile_active": "normal", "oldest_item_age_ms": null, "queue_depth": 0, "retried": 0, "sent": 0, "socket_emitted": 0, "source": "driver.tracking.queue", "tracking_queue_oldest_age_ms": null}
 INFO  [driver-telemetry] tracking.flush.transport {"backend_acked": 0, "sent": 0, "socket_emitted": 0, "source": "driver.tracking.queue", "transport": "http"}
 INFO  [driver-telemetry] tracking.session.readiness {"readiness": "REGISTERING", "reason": "session_conflict", "session_generation": null, "source": "driver.tracking.queue", "tracking_session_id": "trk_sess_1786874636001_pl0bhgi9"}
 INFO  [driver-telemetry] tracking.session.readiness {"readiness": "REGISTERING", "reason": "register_start", "session_generation": null, "source": "driver.tracking.queue", "tracking_session_id": "trk_sess_1786874636001_pl0bhgi9"}
 INFO  [driver-telemetry] driver.network.profile {"network_profile_active": "offline", "recommended_sync_interval_ms": 30000, "source": "core.api.client"}
 INFO  [driver-telemetry] driver.http.timeout {"endpoint": "/driver/me/tracking/sessions", "network_profile_active": "offline", "source": "core.api.client", "timeout_ms": 2500}
 INFO  [FCM-GATE] requesting token {"source": "driver.notifications.bridge", "stage": "session_ready"}
 INFO  [driver-telemetry] driver.push.fcm.get_token_start {"platform": "android", "source": "driver.firebaseMessaging"}
 INFO  [FCM-GATE] getDriverFcmToken start {"platform": "android"}
 INFO  [driver-telemetry] driver.runtime.reconcile {"background_enabled": true, "background_permission": "undetermined", "context_id": "driver:19", "mission_id": null, "services_enabled": false, "source": "driver.tracking.reconcile", "tracking_mode": "off"}
 INFO  [perf-kpi] perf.js_long_task {"duration_ms": 105.86937499791384, "role": "driver", "screen": "/", "source": "perf.instrumentation", "timestamp_client": "2026-08-16T10:03:56.110Z"}
 INFO  [driver-telemetry] tracking.queue.flush {"backend_acked": 0, "dropped": 0, "flush_path": "http_fallback", "network_profile_active": "normal", "oldest_item_age_ms": null, "queue_depth": 0, "retried": 0, "sent": 0, "socket_emitted": 0, "source": "driver.tracking.queue", "tracking_queue_oldest_age_ms": null}
 INFO  [driver-telemetry] tracking.flush.transport {"backend_acked": 0, "sent": 0, "socket_emitted": 0, "source": "driver.tracking.queue", "transport": "http"}
 INFO  [perf-kpi] perf.motion.animation {"duration_expected_ms": 150, "duration_ratio": 1.54, "duration_real_ms": 231, "kind": "data_reveal", "layer": "data", "screen": "driver.inbox", "source": "motion.data", "timestamp_client": "2026-08-16T10:03:56.126Z"}
 INFO  [perf-kpi] perf.page_load {"duration_ms": 437, "role": "driver", "screen": "driver.hub", "screen_tag": "/", "source": "driver.hub.data_ready", "timestamp_client": "2026-08-16T10:03:56.326Z"}
 INFO  [perf-kpi] perf.page_load {"duration_ms": 434, "role": "driver", "screen": "driver.missions", "screen_tag": "/", "source": "driver.missions.data_ready", "timestamp_client": "2026-08-16T10:03:56.328Z"}
 INFO  [driver-telemetry] driver.network.profile {"network_profile_active": "offline", "recommended_sync_interval_ms": 30000, "source": "core.api.client"}
 INFO  [driver-telemetry] driver.http.timeout {"endpoint": "/driver/me/bookings/eta", "network_profile_active": "offline", "source": "core.api.client", "timeout_ms": 2500}
 INFO  [driver-telemetry] driver.http.fail_fast_offline {"connected": false, "endpoint": "/driver/me/bookings/eta", "internet_reachable": false, "network_type": "fallback", "source": "core.api.client"}
 INFO  [FCM-GATE] getToken success {"tokenLength": 142}
 INFO  [driver-telemetry] driver.push.fcm.token {"source": "driver.firebaseMessaging", "token_present": true}
 INFO  [FCM-GATE] token received {"source": "driver.notifications.bridge", "stage": "session_ready", "tokenLength": 142}
 INFO  [driver-telemetry] driver_push.token_acquired {"provider": "fcm", "source": "driver.notifications.bridge", "stage": "session_ready", "token_length": 142}
 INFO  [FCM-GATE] posting token {"provider": "fcm", "source": "driver.notifications.bridge", "stage": "session_ready"}
 INFO  [driver-telemetry] driver.network.profile {"network_profile_active": "offline", "recommended_sync_interval_ms": 30000, "source": "core.api.client"}
 INFO  [driver-telemetry] driver.http.timeout {"endpoint": "/driver/me/telemetry/push", "network_profile_active": "offline", "source": "core.api.client", "timeout_ms": 2500}
 INFO  [perf-kpi] perf.js_long_task {"duration_ms": 453.02208299934864, "role": "driver", "screen": "/", "source": "perf.instrumentation", "timestamp_client": "2026-08-16T10:03:56.563Z"}
 INFO  [driver-telemetry] tracking.background.stop_requested {"app_state_at_request": "active", "mission_id": null, "native_owner": null, "source": "driver.services.backgroundLocationTask", "start_in_flight": 0, "stop_attempt_id": "nlo_stop_1786874636090_1", "stop_in_flight": 1, "stop_reason": "ineligible_tracking_state", "stop_requested_at": 1786874636090, "task_name": "background-location-task"}
 INFO  [driver-telemetry] tracking.background.task.registration_status {"bg_flag_enabled": true, "runtime": "dev_client_or_standalone", "source": "driver.services.backgroundLocationTask", "task_defined": true, "task_name": "background-location-task", "task_started": true}
 INFO  [driver-telemetry] tracking.context.lease.updated {"from_driver": undefined, "lease_state": "driver_active", "source": "driver.services.trackingContextLease"}
 INFO  [perf-kpi] perf.motion.animation {"duration_expected_ms": 180, "duration_ratio": 1.9388888888888889, "duration_real_ms": 349, "kind": "indicator_slide", "layer": "inbox_indicator", "screen": "messages.inbox", "source": "motion.inbox_indicator", "timestamp_client": "2026-08-16T10:03:56.679Z"}
 INFO  [perf-kpi] perf.thread_runtime {"company_id": 3, "duration_ms": 1, "message_count": 0, "path": "hub_thread", "phase": "perf.thread.normalize_done", "row_count": 0, "source": "thread.messages.normalize", "thread_id": "team", "timestamp_client": "2026-08-16T10:03:56.728Z"}
 INFO  [driver-telemetry] driver.network.profile {"network_profile_active": "offline", "recommended_sync_interval_ms": 30000, "source": "core.api.client"}
 INFO  [driver-telemetry] driver.http.timeout {"endpoint": "/driver/me/bookings/since", "network_profile_active": "offline", "source": "core.api.client", "timeout_ms": 2500}
 INFO  [driver-telemetry] driver.http.fail_fast_offline {"connected": false, "endpoint": "/driver/me/bookings/since", "internet_reachable": false, "network_type": "fallback", "source": "core.api.client"}
 INFO  [driver-telemetry] driver.runtime.reconcile.failure {"context_id": "driver:19", "reason": "reconcile_failed", "source": "driver.sync.orchestrator", "trigger": "reconnect"}
 INFO  [perf-kpi] perf.thread_runtime {"company_id": 3, "duration_ms": 0, "message_count": 0, "path": "hub_thread", "phase": "perf.thread.normalize_done", "row_count": 0, "source": "thread.messages.normalize", "thread_id": "dispatch", "timestamp_client": "2026-08-16T10:03:56.737Z"}
 INFO  [FCM-GATE] register effect start {"enabled": true, "fcmEnabled": true, "source": "driver.notifications.bridge", "stage": "app_foreground"}
 INFO  [driver-telemetry] driver.foreground.resume.resync {"context_id": "driver:19", "foreground_resume_resync_total": 1, "source": "driver.sync_engine"}
 INFO  [driver-telemetry] driver.runtime.resume.start {"app_state": "active", "context_id": "driver:19", "resume_attempt_id": "driver:19:1786874636755:1", "source": "driver.runtime.resume"}
 INFO  [perf-kpi] perf.thread_runtime {"company_id": 3, "duration_ms": 0, "message_count": 0, "path": "hub_thread", "phase": "perf.thread.normalize_done", "row_count": 0, "source": "thread.messages.normalize", "thread_id": "support", "timestamp_client": "2026-08-16T10:03:56.767Z"}
 INFO  [driver-telemetry] tracking.background.stop_success {"app_state_at_request": "active", "app_state_at_resolve": "active", "mission_id": null, "native_owner": null, "source": "driver.services.backgroundLocationTask", "start_in_flight": 0, "stop_attempt_id": "nlo_stop_1786874636090_1", "stop_in_flight": 1, "stop_reason": "ineligible_tracking_state", "stop_requested_at": 1786874636090, "task_name": "background-location-task"}
 INFO  [driver-telemetry] tracking.background.task.stopped {"reason": "ineligible_tracking_state", "source": "driver.services.backgroundLocationTask", "task_name": "background-location-task"}
 INFO  [driver-telemetry] driver.runtime.reconcile {"background_enabled": true, "background_permission": "undetermined", "context_id": "driver:19", "mission_id": 27, "services_enabled": false, "source": "driver.tracking.reconcile", "tracking_mode": "mission_live"}
 INFO  [driver-telemetry] driver.network.profile {"network_profile_active": "offline", "recommended_sync_interval_ms": 30000, "source": "core.api.client"}
 INFO  [driver-telemetry] driver.http.timeout {"endpoint": "/driver/me/device-health", "network_profile_active": "offline", "source": "core.api.client", "timeout_ms": 2500}
 INFO  [driver-telemetry] driver.network.profile {"network_profile_active": "offline", "recommended_sync_interval_ms": 30000, "source": "core.api.client"}
 INFO  [driver-telemetry] driver.http.timeout {"endpoint": "/driver/save-push-token", "network_profile_active": "offline", "source": "core.api.client", "timeout_ms": 2500}
 INFO  [driver-telemetry] driver.network.profile {"network_profile_active": "offline", "recommended_sync_interval_ms": 30000, "source": "core.api.client"}
 INFO  [driver-telemetry] driver.http.timeout {"endpoint": "/driver/me/device-health", "network_profile_active": "offline", "source": "core.api.client", "timeout_ms": 2500}
 INFO  [driver-telemetry] tracking.watch.started {"accuracy_tier": "high", "app_state": "background", "distance_m": 10, "mission_id": 27, "source": "driver.tracking.bridge"}
 INFO  [driver-telemetry] tracking.watch.started {"accuracy_tier": "high", "app_state": "active", "distance_m": 10, "mission_id": 27, "source": "driver.tracking.bridge"}
 INFO  [driver-telemetry] tracking.watch.started {"accuracy_tier": "high", "app_state": "active", "distance_m": 10, "mission_id": 27, "source": "driver.tracking.bridge"}
 INFO  [perf-kpi] perf.motion.animation {"duration_expected_ms": 150, "duration_ratio": 3.7133333333333334, "duration_real_ms": 557, "kind": "data_reveal", "layer": "data", "screen": "driver.inbox", "source": "motion.data", "timestamp_client": "2026-08-16T10:03:56.887Z"}
 INFO  [driver-telemetry] tracking.fgs_stopped_during_mission {"constraint_reason": "fgs_not_running", "mission_id": 27, "source": "driver.background_tracking_health_monitor"}
 INFO  [driver-telemetry] tracking.health_monitor.constraint_changed {"constraint_reason": "fgs_not_running", "ok": false, "source": "driver.background_tracking_health_monitor"}
 INFO  [perf-kpi] perf.js_long_task {"duration_ms": 421.74807300418615, "role": "driver", "screen": "/", "source": "perf.instrumentation", "timestamp_client": "2026-08-16T10:03:56.985Z"}
 INFO  [perf-kpi] perf.page_load {"duration_ms": 1249, "role": "driver", "screen": "driver.inbox", "screen_tag": "/", "source": "driver.messages.inbox.data_ready", "timestamp_client": "2026-08-16T10:03:57.147Z"}
 INFO  [driver-telemetry] push.token.registered {"provider": "fcm", "source": "driver.notifications.bridge"}
 INFO  [driver-telemetry] driver_push.register_success {"provider": "fcm", "source": "driver.notifications.bridge"}
 INFO  [driver-telemetry] driver.network.profile {"network_profile_active": "offline", "recommended_sync_interval_ms": 30000, "source": "core.api.client"}
 INFO  [driver-telemetry] driver.http.timeout {"endpoint": "/driver/me/telemetry/push", "network_profile_active": "offline", "source": "core.api.client", "timeout_ms": 2500}
 INFO  [driver-telemetry] driver.network.profile {"network_profile_active": "offline", "recommended_sync_interval_ms": 30000, "source": "core.api.client"}
 INFO  [driver-telemetry] driver.http.timeout {"endpoint": "/driver/me/device-health", "network_profile_active": "offline", "source": "core.api.client", "timeout_ms": 2500}
 INFO  [driver-telemetry] tracking.background.task.stopped {"reason": "tracking_bridge_stopped", "source": "driver.services.backgroundLocationTask", "task_name": "background-location-task"}
 INFO  [driver-telemetry] tracking.device_health.sent {"battery_optimized": false, "constraint_reason": "fgs_not_running", "fgs_running": false, "kind": "tracking_health", "source": "driver.device_health", "trigger_reason": "health_monitor_ok"}
 INFO  [driver-telemetry] tracking.device_health.sent {"battery_optimized": false, "constraint_reason": "fgs_not_running", "fgs_running": false, "kind": "tracking_health", "source": "driver.device_health", "trigger_reason": null}
 INFO  [perf-kpi] perf.js_long_task {"duration_ms": 245.75515599548817, "role": "driver", "screen": "/", "source": "perf.instrumentation", "timestamp_client": "2026-08-16T10:03:57.231Z"}
 INFO  [perf-kpi] perf.thread_runtime {"company_id": 3, "duration_ms": 0, "message_count": 1, "path": "hub_thread", "phase": "perf.thread.normalize_done", "row_count": 1, "source": "thread.messages.normalize", "thread_id": "mission:25", "timestamp_client": "2026-08-16T10:03:57.253Z"}
 INFO  [driver-telemetry] tracking.session.readiness {"readiness": "READY", "reason": "register_ok", "session_generation": 916, "source": "driver.tracking.queue", "tracking_session_id": "trk_sess_1786874636001_pl0bhgi9"}
 INFO  [perf-kpi] perf.realtime.notify {"duration_ms": 1, "listener_count": 3, "role": "driver", "screen": "/", "source": "perf.instrumentation", "timestamp_client": "2026-08-16T10:03:57.262Z"}
 INFO  [driver-telemetry] realtime.transport.state {"actual_transport": "polling", "connected": true, "mode": "socket", "source": "core.realtime.manager", "transport_authority": "polling"}
 INFO  [perf-kpi] perf.realtime.notify {"duration_ms": 0, "listener_count": 3, "role": "driver", "screen": "/", "source": "perf.instrumentation", "timestamp_client": "2026-08-16T10:03:57.265Z"}
 LOG  [DriverSocket] {"contextId": "driver:19", "hasToken": true, "path": "/socket.io", "socketUrl": "http://127.0.0.1:15100", "surface": "driver", "transports": ["websocket", "polling"], "urlEnvSource": "EXPO_PUBLIC_DRIVER_SOCKET_URL"}
 INFO  [perf-kpi] perf.thread_runtime {"company_id": 3, "duration_ms": 0, "message_count": 0, "path": "hub_thread", "phase": "perf.thread.normalize_done", "row_count": 0, "source": "thread.messages.normalize", "thread_id": "direct:21", "timestamp_client": "2026-08-16T10:03:57.283Z"}
 INFO  [driver-telemetry] tracking.session.reconciled {"previous_session_id": "trk_sess_1786874387419_r4jzn24y", "readiness": "READY", "rebound_count": 0, "released_socket_count": 0, "source": "driver.tracking.queue", "tracking_session_id": "trk_sess_1786874636001_pl0bhgi9"}
 INFO  [FCM-GATE] requesting token {"source": "driver.notifications.bridge", "stage": "app_foreground"}
 INFO  [driver-telemetry] driver.push.fcm.get_token_start {"platform": "android", "source": "driver.firebaseMessaging"}
 INFO  [FCM-GATE] getDriverFcmToken start {"platform": "android"}
 WARN  MapViewDirections Error: Error on GMAPS route request: This IP, site or mobile application is not authorized to use this API key. Request received from IP address 194.230.196.30, with empty referer
 INFO  [driver-telemetry] driver.network.profile {"network_profile_active": "offline", "recommended_sync_interval_ms": 30000, "source": "core.api.client"}
 INFO  [driver-telemetry] driver.http.timeout {"endpoint": "/driver/me/bookings/since", "network_profile_active": "offline", "source": "core.api.client", "timeout_ms": 2500}
 INFO  [driver-telemetry] driver.http.fail_fast_offline {"connected": false, "endpoint": "/driver/me/bookings/since", "internet_reachable": false, "network_type": "fallback", "source": "core.api.client"}
 INFO  [driver-telemetry] driver.network.profile {"network_profile_active": "offline", "recommended_sync_interval_ms": 30000, "source": "core.api.client"}
 INFO  [driver-telemetry] driver.http.timeout {"endpoint": "/driver/me/bookings/since", "network_profile_active": "offline", "source": "core.api.client", "timeout_ms": 2500}
 INFO  [driver-telemetry] driver.http.fail_fast_offline {"connected": false, "endpoint": "/driver/me/bookings/since", "internet_reachable": false, "network_type": "fallback", "source": "core.api.client"}
 INFO  [driver-telemetry] driver.runtime.resume.failure {"context_id": "driver:19", "reason": "resume_failed", "resume_attempt_id": "driver:19:1786874636755:1", "retry_count": 1, "source": "driver.runtime.resume", "will_retry": true}
 INFO  [driver-telemetry] driver.runtime.reconcile.failure {"context_id": "driver:19", "reason": "reconcile_failed", "source": "driver.sync.orchestrator", "trigger": "foreground"}
 INFO  [driver-telemetry] tracking.queue.flush {"backend_acked": 0, "dropped": 0, "flush_path": "http_fallback", "network_profile_active": "normal", "oldest_item_age_ms": null, "queue_depth": 0, "retried": 0, "sent": 0, "socket_emitted": 0, "source": "driver.tracking.queue", "tracking_queue_oldest_age_ms": null}
 INFO  [driver-telemetry] tracking.flush.transport {"backend_acked": 0, "sent": 0, "socket_emitted": 0, "source": "driver.tracking.queue", "transport": "http"}
 INFO  [perf-kpi] perf.runtime.socket_reconnect_failed_total {"context_id": "driver:19", "source": "perf.runtime_stability", "timestamp_client": "2026-08-16T10:03:57.352Z", "total": 3}
 INFO  [driver-telemetry] realtime.transport.state {"actual_transport": "polling", "connected": false, "mode": "polling", "source": "core.realtime.manager", "transport_authority": "degraded"}
 INFO  [perf-kpi] perf.realtime.notify {"duration_ms": 0, "listener_count": 3, "role": "driver", "screen": "/", "source": "perf.instrumentation", "timestamp_client": "2026-08-16T10:03:57.354Z"}
 INFO  [driver-telemetry] realtime.socket.disconnect {"context_id": "driver:19", "reason": "websocket error", "source": "core.realtime.manager"}
 INFO  [driver-telemetry] realtime.transport.mismatch {"actual_transport": "polling", "context_id": "driver:19", "desired_transport": "socket", "source": "core.realtime.manager"}
 INFO  [perf-kpi] perf.realtime.notify {"duration_ms": 0, "listener_count": 3, "role": "driver", "screen": "/", "source": "perf.instrumentation", "timestamp_client": "2026-08-16T10:03:57.366Z"}
 INFO  [FCM-GATE] getToken success {"tokenLength": 142}
 INFO  [driver-telemetry] driver.push.fcm.token {"source": "driver.firebaseMessaging", "token_present": true}
 INFO  [FCM-GATE] token received {"source": "driver.notifications.bridge", "stage": "app_foreground", "tokenLength": 142}
 INFO  [driver-telemetry] driver_push.token_acquired {"provider": "fcm", "source": "driver.notifications.bridge", "stage": "app_foreground", "token_length": 142}
 INFO  [FCM-GATE] posting token {"provider": "fcm", "source": "driver.notifications.bridge", "stage": "app_foreground"}
 INFO  [driver-telemetry] driver.network.profile {"network_profile_active": "offline", "recommended_sync_interval_ms": 30000, "source": "core.api.client"}
 INFO  [driver-telemetry] driver.http.timeout {"endpoint": "/driver/me/telemetry/push", "network_profile_active": "offline", "source": "core.api.client", "timeout_ms": 2500}
 INFO  [driver-telemetry] tracking.device_health.sent {"battery_optimized": false, "constraint_reason": "fgs_not_running", "fgs_running": false, "kind": "tracking_health", "source": "driver.device_health", "trigger_reason": "health_monitor:fgs_not_running"}
 INFO  [driver-telemetry] driver.network.profile {"network_profile_active": "offline", "recommended_sync_interval_ms": 30000, "source": "core.api.client"}
 INFO  [driver-telemetry] driver.http.timeout {"endpoint": "/driver/me/bookings/eta", "network_profile_active": "offline", "source": "core.api.client", "timeout_ms": 2500}
 INFO  [driver-telemetry] driver.http.fail_fast_offline {"connected": false, "endpoint": "/driver/me/bookings/eta", "internet_reachable": false, "network_type": "fallback", "source": "core.api.client"}
 INFO  [driver-telemetry] driver.network.profile {"network_profile_active": "offline", "recommended_sync_interval_ms": 30000, "source": "core.api.client"}
 INFO  [driver-telemetry] driver.http.timeout {"endpoint": "/driver/save-push-token", "network_profile_active": "offline", "source": "core.api.client", "timeout_ms": 2500}
 INFO  [driver-telemetry] push.token.registered {"provider": "fcm", "source": "driver.notifications.bridge"}
 INFO  [driver-telemetry] driver_push.register_success {"provider": "fcm", "source": "driver.notifications.bridge"}
 INFO  [driver-telemetry] driver.network.profile {"network_profile_active": "offline", "recommended_sync_interval_ms": 30000, "source": "core.api.client"}
 INFO  [driver-telemetry] driver.http.timeout {"endpoint": "/driver/me/telemetry/push", "network_profile_active": "offline", "source": "core.api.client", "timeout_ms": 2500}
 INFO  [driver-telemetry] tracking.background.fgs_recover {"mission_id": 27, "reason": "mission_started", "source": "driver.services.backgroundLocationTask", "task_mode": "mission"}
 INFO  [driver-telemetry] tracking.background.fgs_recover {"mission_id": 27, "reason": "ensure_manager_state", "source": "driver.services.backgroundLocationTask", "task_mode": "mission"}
 INFO  [driver-telemetry] auth.refresh.endpoint_used {"endpoint": "refresh-token", "source": "core.api.client"}
 INFO  [driver-telemetry] tracking.background.start_deferred {"app_state": "background", "mission_id": 27, "reason": "ensure_manager_state", "source": "driver.services.backgroundLocationTask", "task_defined": true, "task_started": false}
 INFO  [FCM-GATE] register effect start {"enabled": true, "fcmEnabled": true, "source": "driver.notifications.bridge", "stage": "app_foreground"}
 INFO  [driver-telemetry] driver.foreground.resume.resync.coalesced {"context_id": "driver:19", "foreground_resume_resync_coalesced_total": 1, "source": "driver.sync_engine"}
 INFO  [driver-telemetry] tracking.device_health.send_skipped {"age_ms": 549, "reason": "throttled", "source": "driver.device_health", "trigger_reason": null}
 INFO  [perf-kpi] perf.js_long_task {"duration_ms": 167.72145800292492, "role": "driver", "screen": "/", "source": "perf.instrumentation", "timestamp_client": "2026-08-16T10:03:57.763Z"}
 INFO  [driver-telemetry] tracking.auth.presence.ensure_headless {"kind": "AUTH_TEMPORARILY_UNAVAILABLE", "path": "memory_temp"}
 INFO  [driver-telemetry] tracking.background.start_deferred {"app_state": "background", "mission_id": 27, "reason": "ensure_manager_state", "source": "driver.services.backgroundLocationTask", "task_defined": true, "task_started": false}
 INFO  [FCM-GATE] register effect start {"enabled": true, "fcmEnabled": true, "source": "driver.notifications.bridge", "stage": "app_foreground"}
 INFO  [driver-telemetry] driver.foreground.resume.resync.coalesced {"context_id": "driver:19", "foreground_resume_resync_coalesced_total": 1, "source": "driver.sync_engine"}
 INFO  [perf-kpi] perf.js_long_task {"duration_ms": 151.06421899795532, "role": "driver", "screen": "/", "source": "perf.instrumentation", "timestamp_client": "2026-08-16T10:03:57.914Z"}
 INFO  [driver-telemetry] tracking.auth.presence.ensure_headless {"kind": "AUTH_TEMPORARILY_UNAVAILABLE", "path": "memory_temp"}
 INFO  [driver-telemetry] tracking.device_health.send_skipped {"age_ms": 946, "reason": "throttled", "source": "driver.device_health", "trigger_reason": "health_monitor:fgs_not_running"}
 INFO  [driver-telemetry] tracking.send.skipped {"app_state": "background", "mission_id": 27, "reason": "no_position_fix", "source": "driver.tracking.bridge"}
 INFO  [driver-telemetry] tracking.device_health.send_skipped {"age_ms": 952, "reason": "throttled", "source": "driver.device_health", "trigger_reason": null}
 INFO  [driver-telemetry] tracking.watch.started {"accuracy_tier": "high", "app_state": "active", "distance_m": 10, "mission_id": 27, "source": "driver.tracking.bridge"}
 INFO  [driver-telemetry] tracking.watch.started {"accuracy_tier": "high", "app_state": "background", "distance_m": 10, "mission_id": 27, "source": "driver.tracking.bridge"}
 INFO  [driver-telemetry] tracking.watch.started {"accuracy_tier": "high", "app_state": "active", "distance_m": 10, "mission_id": 27, "source": "driver.tracking.bridge"}
 INFO  [driver-telemetry] tracking.watch.started {"accuracy_tier": "high", "app_state": "background", "distance_m": 10, "mission_id": 27, "source": "driver.tracking.bridge"}
 INFO  [driver-telemetry] tracking.device_health.send_skipped {"age_ms": 978, "reason": "throttled", "source": "driver.device_health", "trigger_reason": "health_monitor:fgs_not_running"}
 INFO  [driver-telemetry] tracking.background.start_deferred {"app_state": "background", "mission_id": 27, "reason": "app_resume_pending", "source": "driver.services.backgroundLocationTask", "task_defined": true, "task_started": false}
 INFO  [FCM-GATE] register effect start {"enabled": true, "fcmEnabled": true, "source": "driver.notifications.bridge", "stage": "app_foreground"}
 INFO  [driver-telemetry] driver.foreground.resume.resync.coalesced {"context_id": "driver:19", "foreground_resume_resync_coalesced_total": 1, "source": "driver.sync_engine"}
 INFO  [perf-kpi] perf.js_long_task {"duration_ms": 149.47848900407553, "role": "driver", "screen": "/", "source": "perf.instrumentation", "timestamp_client": "2026-08-16T10:03:58.314Z"}
 INFO  [driver-telemetry] tracking.background.start_deferred {"app_state": "background", "mission_id": 27, "reason": "ensure_manager_state", "source": "driver.services.backgroundLocationTask", "task_defined": true, "task_started": false}
 INFO  [driver-telemetry] tracking.auth.presence.ensure_headless {"kind": "AUTH_TEMPORARILY_UNAVAILABLE", "path": "memory_temp"}
 INFO  [FCM-GATE] requesting token {"source": "driver.notifications.bridge", "stage": "app_foreground"}
 INFO  [driver-telemetry] driver.push.fcm.get_token_start {"platform": "android", "source": "driver.firebaseMessaging"}
 INFO  [FCM-GATE] getDriverFcmToken start {"platform": "android"}
 INFO  [driver-telemetry] tracking.device_health.send_skipped {"age_ms": 1163, "reason": "throttled", "source": "driver.device_health", "trigger_reason": null}
 INFO  [FCM-GATE] getToken success {"tokenLength": 142}
 INFO  [driver-telemetry] driver.push.fcm.token {"source": "driver.firebaseMessaging", "token_present": true}
 INFO  [FCM-GATE] token received {"source": "driver.notifications.bridge", "stage": "app_foreground", "tokenLength": 142}
 INFO  [driver-telemetry] driver_push.token_acquired {"provider": "fcm", "source": "driver.notifications.bridge", "stage": "app_foreground", "token_length": 142}
 INFO  [FCM-GATE] posting token {"provider": "fcm", "source": "driver.notifications.bridge", "stage": "app_foreground"}
 INFO  [driver-telemetry] driver.network.profile {"network_profile_active": "offline", "recommended_sync_interval_ms": 30000, "source": "core.api.client"}
 INFO  [driver-telemetry] driver.http.timeout {"endpoint": "/driver/me/telemetry/push", "network_profile_active": "offline", "source": "core.api.client", "timeout_ms": 2500}
 INFO  [FCM-GATE] requesting token {"source": "driver.notifications.bridge", "stage": "app_foreground"}
 INFO  [driver-telemetry] driver.push.fcm.get_token_start {"platform": "android", "source": "driver.firebaseMessaging"}
 INFO  [FCM-GATE] getDriverFcmToken start {"platform": "android"}
 INFO  [driver-telemetry] tracking.background.start_deferred {"app_state": "background", "mission_id": 27, "reason": "ensure_manager_state", "source": "driver.services.backgroundLocationTask", "task_defined": true, "task_started": false}
 INFO  [FCM-GATE] register effect start {"enabled": true, "fcmEnabled": true, "source": "driver.notifications.bridge", "stage": "app_foreground"}
 INFO  [driver-telemetry] driver.foreground.resume.resync.coalesced {"context_id": "driver:19", "foreground_resume_resync_coalesced_total": 1, "source": "driver.sync_engine"}
 INFO  [perf-kpi] perf.js_long_task {"duration_ms": 153.42520900070667, "role": "driver", "screen": "/", "source": "perf.instrumentation", "timestamp_client": "2026-08-16T10:03:58.468Z"}
 INFO  [FCM-GATE] getToken success {"tokenLength": 142}
 INFO  [driver-telemetry] driver.push.fcm.token {"source": "driver.firebaseMessaging", "token_present": true}
 INFO  [FCM-GATE] token received {"source": "driver.notifications.bridge", "stage": "app_foreground", "tokenLength": 142}
 INFO  [driver-telemetry] driver_push.token_acquired {"provider": "fcm", "source": "driver.notifications.bridge", "stage": "app_foreground", "token_length": 142}
 INFO  [FCM-GATE] posting token {"provider": "fcm", "source": "driver.notifications.bridge", "stage": "app_foreground"}
 INFO  [driver-telemetry] driver.network.profile {"network_profile_active": "offline", "recommended_sync_interval_ms": 30000, "source": "core.api.client"}
 INFO  [driver-telemetry] driver.http.timeout {"endpoint": "/driver/me/telemetry/push", "network_profile_active": "offline", "source": "core.api.client", "timeout_ms": 2500}
 WARN  MapViewDirections Error: Error on GMAPS route request: This IP, site or mobile application is not authorized to use this API key. Request received from IP address 194.230.196.30, with empty referer
 INFO  [driver-telemetry] tracking.auth.presence.ensure_headless {"kind": "AUTH_TEMPORARILY_UNAVAILABLE", "path": "memory_temp"}
 INFO  [driver-telemetry] driver.network.profile {"network_profile_active": "offline", "recommended_sync_interval_ms": 30000, "source": "core.api.client"}
 INFO  [driver-telemetry] driver.http.timeout {"endpoint": "/driver/save-push-token", "network_profile_active": "offline", "source": "core.api.client", "timeout_ms": 2500}
 INFO  [driver-telemetry] driver.network.profile {"network_profile_active": "offline", "recommended_sync_interval_ms": 30000, "source": "core.api.client"}
 INFO  [driver-telemetry] driver.http.timeout {"endpoint": "/driver/save-push-token", "network_profile_active": "offline", "source": "core.api.client", "timeout_ms": 2500}
 INFO  [driver-telemetry] push.token.registered {"provider": "fcm", "source": "driver.notifications.bridge"}
 INFO  [driver-telemetry] driver_push.register_success {"provider": "fcm", "source": "driver.notifications.bridge"}
 INFO  [driver-telemetry] driver.network.profile {"network_profile_active": "offline", "recommended_sync_interval_ms": 30000, "source": "core.api.client"}
 INFO  [driver-telemetry] driver.http.timeout {"endpoint": "/driver/me/telemetry/push", "network_profile_active": "offline", "source": "core.api.client", "timeout_ms": 2500}
 INFO  [driver-telemetry] push.token.registered {"provider": "fcm", "source": "driver.notifications.bridge"}
 INFO  [driver-telemetry] driver_push.register_success {"provider": "fcm", "source": "driver.notifications.bridge"}
 INFO  [driver-telemetry] driver.network.profile {"network_profile_active": "offline", "recommended_sync_interval_ms": 30000, "source": "core.api.client"}
 INFO  [driver-telemetry] driver.http.timeout {"endpoint": "/driver/me/telemetry/push", "network_profile_active": "offline", "source": "core.api.client", "timeout_ms": 2500}
 INFO  [driver-telemetry] tracking.device_health.send_skipped {"age_ms": 1526, "reason": "throttled", "source": "driver.device_health", "trigger_reason": "health_monitor:fgs_not_running"}
 INFO  [driver-telemetry] tracking.device_health.send_skipped {"age_ms": 1529, "reason": "throttled", "source": "driver.device_health", "trigger_reason": null}
 INFO  [driver-telemetry] tracking.watch.started {"accuracy_tier": "high", "app_state": "background", "distance_m": 10, "mission_id": 27, "source": "driver.tracking.bridge"}
 INFO  [driver-telemetry] tracking.device_health.send_skipped {"age_ms": 1669, "reason": "throttled", "source": "driver.device_health", "trigger_reason": "health_monitor:fgs_not_running"}
 INFO  [driver-telemetry] tracking.background.start_requested {"app_state": "active", "bg_permission": "granted", "fg_permission": "granted", "mission_id": 27, "reason": "ensure_manager_state", "source": "driver.services.backgroundLocationTask", "task_defined": true, "task_mode": "mission", "task_started": false}
 INFO  [FCM-GATE] requesting token {"source": "driver.notifications.bridge", "stage": "app_foreground"}
 INFO  [driver-telemetry] driver.push.fcm.get_token_start {"platform": "android", "source": "driver.firebaseMessaging"}
 INFO  [FCM-GATE] getDriverFcmToken start {"platform": "android"}
 INFO  [FCM-GATE] requesting token {"source": "driver.notifications.bridge", "stage": "app_foreground"}
 INFO  [driver-telemetry] driver.push.fcm.get_token_start {"platform": "android", "source": "driver.firebaseMessaging"}
 INFO  [FCM-GATE] getDriverFcmToken start {"platform": "android"}
 INFO  [perf-kpi] perf.realtime.notify {"duration_ms": 1, "listener_count": 3, "role": "driver", "screen": "/", "source": "perf.instrumentation", "timestamp_client": "2026-08-16T10:03:58.892Z"}
 INFO  [driver-telemetry] realtime.transport.state {"actual_transport": "polling", "connected": true, "mode": "socket", "source": "core.realtime.manager", "transport_authority": "polling"}
 INFO  [perf-kpi] perf.realtime.notify {"duration_ms": 0, "listener_count": 3, "role": "driver", "screen": "/", "source": "perf.instrumentation", "timestamp_client": "2026-08-16T10:03:58.893Z"}
 LOG  [DriverSocket] {"contextId": "driver:19", "hasToken": true, "path": "/socket.io", "socketUrl": "http://127.0.0.1:15100", "surface": "driver", "transports": ["websocket", "polling"], "urlEnvSource": "EXPO_PUBLIC_DRIVER_SOCKET_URL"}
 INFO  [driver-telemetry] tracking.session.readiness {"readiness": "CREATING", "reason": "session_conflict", "session_generation": 916, "source": "driver.tracking.queue", "tracking_session_id": "trk_sess_1786874636001_pl0bhgi9"}
 INFO  [FCM-GATE] getToken success {"tokenLength": 142}
 INFO  [driver-telemetry] driver.push.fcm.token {"source": "driver.firebaseMessaging", "token_present": true}
 INFO  [FCM-GATE] token received {"source": "driver.notifications.bridge", "stage": "app_foreground", "tokenLength": 142}
 INFO  [driver-telemetry] driver_push.token_acquired {"provider": "fcm", "source": "driver.notifications.bridge", "stage": "app_foreground", "token_length": 142}
 INFO  [FCM-GATE] posting token {"provider": "fcm", "source": "driver.notifications.bridge", "stage": "app_foreground"}
 INFO  [driver-telemetry] driver.network.profile {"network_profile_active": "offline", "recommended_sync_interval_ms": 30000, "source": "core.api.client"}
 INFO  [driver-telemetry] driver.http.timeout {"endpoint": "/driver/me/telemetry/push", "network_profile_active": "offline", "source": "core.api.client", "timeout_ms": 2500}
 INFO  [FCM-GATE] getToken success {"tokenLength": 142}
 INFO  [driver-telemetry] driver.push.fcm.token {"source": "driver.firebaseMessaging", "token_present": true}
 INFO  [FCM-GATE] token received {"source": "driver.notifications.bridge", "stage": "app_foreground", "tokenLength": 142}
 INFO  [driver-telemetry] driver_push.token_acquired {"provider": "fcm", "source": "driver.notifications.bridge", "stage": "app_foreground", "token_length": 142}
 INFO  [FCM-GATE] posting token {"provider": "fcm", "source": "driver.notifications.bridge", "stage": "app_foreground"}
 INFO  [driver-telemetry] driver.network.profile {"network_profile_active": "offline", "recommended_sync_interval_ms": 30000, "source": "core.api.client"}
 INFO  [driver-telemetry] driver.http.timeout {"endpoint": "/driver/me/telemetry/push", "network_profile_active": "offline", "source": "core.api.client", "timeout_ms": 2500}
 INFO  [driver-telemetry] tracking.background.start_success {"app_state": "active", "mission_id": 27, "reason": "ensure_manager_state", "source": "driver.services.backgroundLocationTask", "task_defined": true, "task_mode": "mission", "task_started": true}
 INFO  [driver-telemetry] tracking.background.task.started {"battery_degrades_gps": false, "battery_level": 0.8899999856948853, "distance_m": 0, "interval_ms": 20000, "low_battery_mode": false, "mission_id": 27, "source": "driver.services.backgroundLocationTask", "task_mode": "mission", "task_name": "background-location-task"}
 INFO  [driver-telemetry] tracking.session.readiness {"readiness": "REGISTERING", "reason": "session_conflict", "session_generation": null, "source": "driver.tracking.queue", "tracking_session_id": "trk_sess_1786874638895_vyj8epdg"}
 INFO  [driver-telemetry] tracking.session.readiness {"readiness": "REGISTERING", "reason": "register_start", "session_generation": null, "source": "driver.tracking.queue", "tracking_session_id": "trk_sess_1786874638895_vyj8epdg"}
 INFO  [driver-telemetry] driver.network.profile {"network_profile_active": "offline", "recommended_sync_interval_ms": 30000, "source": "core.api.client"}
 INFO  [driver-telemetry] driver.http.timeout {"endpoint": "/driver/me/tracking/sessions", "network_profile_active": "offline", "source": "core.api.client", "timeout_ms": 2500}
 INFO  [driver-telemetry] driver.network.profile {"network_profile_active": "offline", "recommended_sync_interval_ms": 30000, "source": "core.api.client"}
 INFO  [driver-telemetry] driver.http.timeout {"endpoint": "/driver/save-push-token", "network_profile_active": "offline", "source": "core.api.client", "timeout_ms": 2500}
 INFO  [driver-telemetry] driver.network.profile {"network_profile_active": "offline", "recommended_sync_interval_ms": 30000, "source": "core.api.client"}
 INFO  [driver-telemetry] driver.http.timeout {"endpoint": "/driver/me/bookings/since", "network_profile_active": "offline", "source": "core.api.client", "timeout_ms": 2500}
 INFO  [driver-telemetry] driver.http.fail_fast_offline {"connected": false, "endpoint": "/driver/me/bookings/since", "internet_reachable": false, "network_type": "fallback", "source": "core.api.client"}
 INFO  [driver-telemetry] driver.runtime.resume.failure {"context_id": "driver:19", "reason": "resume_failed", "resume_attempt_id": "driver:19:1786874636755:1", "retry_count": 2, "source": "driver.runtime.resume", "will_retry": false}
 INFO  [driver-telemetry] driver.network.profile {"network_profile_active": "offline", "recommended_sync_interval_ms": 30000, "source": "core.api.client"}
 INFO  [driver-telemetry] driver.http.timeout {"endpoint": "/driver/save-push-token", "network_profile_active": "offline", "source": "core.api.client", "timeout_ms": 2500}
 INFO  [perf-kpi] perf.runtime.socket_reconnect_failed_total {"context_id": "driver:19", "source": "perf.runtime_stability", "timestamp_client": "2026-08-16T10:03:58.982Z", "total": 4}
 INFO  [driver-telemetry] realtime.transport.state {"actual_transport": "polling", "connected": false, "mode": "polling", "source": "core.realtime.manager", "transport_authority": "degraded"}
 INFO  [perf-kpi] perf.realtime.notify {"duration_ms": 1, "listener_count": 3, "role": "driver", "screen": "/", "source": "perf.instrumentation", "timestamp_client": "2026-08-16T10:03:58.984Z"}
 INFO  [driver-telemetry] realtime.socket.disconnect {"context_id": "driver:19", "reason": "websocket error", "source": "core.realtime.manager"}
 INFO  [driver-telemetry] realtime.transport.mismatch {"actual_transport": "polling", "context_id": "driver:19", "desired_transport": "socket", "source": "core.realtime.manager"}
 INFO  [perf-kpi] perf.realtime.notify {"duration_ms": 4, "listener_count": 3, "role": "driver", "screen": "/", "source": "perf.instrumentation", "timestamp_client": "2026-08-16T10:03:58.989Z"}
 INFO  [driver-telemetry] tracking.queue.flush {"backend_acked": 0, "dropped": 0, "flush_path": "http_fallback", "network_profile_active": "normal", "oldest_item_age_ms": null, "queue_depth": 0, "retried": 0, "sent": 0, "socket_emitted": 0, "source": "driver.tracking.queue", "tracking_queue_oldest_age_ms": null}
 INFO  [driver-telemetry] tracking.flush.transport {"backend_acked": 0, "sent": 0, "socket_emitted": 0, "source": "driver.tracking.queue", "transport": "http"}
 INFO  [driver-telemetry] tracking.auth.presence.ensure_headless {"driver_id": 19, "kind": "SESSION_AVAILABLE", "path": "memory_cache"}
 INFO  [driver-telemetry] tracking.session.readiness {"readiness": "READY", "reason": "register_ok", "session_generation": 917, "source": "driver.tracking.queue", "tracking_session_id": "trk_sess_1786874638895_vyj8epdg"}
 INFO  [driver-telemetry] tracking.background.task_invoked {"locations_count": 1, "mission_id": 27, "source": "driver.services.backgroundLocationTask", "task_mode": "mission", "task_name": "background-location-task", "timestamp": 1786874639072}
 INFO  [driver-telemetry] tracking.session.reconciled {"previous_session_id": "trk_sess_1786874636001_pl0bhgi9", "readiness": "READY", "rebound_count": 0, "released_socket_count": 0, "source": "driver.tracking.queue", "tracking_session_id": "trk_sess_1786874638895_vyj8epdg"}
 INFO  [driver-telemetry] push.token.registered {"provider": "fcm", "source": "driver.notifications.bridge"}
 INFO  [driver-telemetry] driver_push.register_success {"provider": "fcm", "source": "driver.notifications.bridge"}
 INFO  [driver-telemetry] driver.network.profile {"network_profile_active": "offline", "recommended_sync_interval_ms": 30000, "source": "core.api.client"}
 INFO  [driver-telemetry] driver.http.timeout {"endpoint": "/driver/me/telemetry/push", "network_profile_active": "offline", "source": "core.api.client", "timeout_ms": 2500}
 INFO  [driver-telemetry] tracking.queue.flush {"backend_acked": 0, "dropped": 0, "flush_path": "http_fallback", "network_profile_active": "normal", "oldest_item_age_ms": null, "queue_depth": 0, "retried": 0, "sent": 0, "socket_emitted": 0, "source": "driver.tracking.queue", "tracking_queue_oldest_age_ms": null}
 INFO  [driver-telemetry] tracking.flush.transport {"backend_acked": 0, "sent": 0, "socket_emitted": 0, "source": "driver.tracking.queue", "transport": "http"}
 INFO  [driver-telemetry] push.token.registered {"provider": "fcm", "source": "driver.notifications.bridge"}
 INFO  [driver-telemetry] driver_push.register_success {"provider": "fcm", "source": "driver.notifications.bridge"}
 INFO  [driver-telemetry] driver.network.profile {"network_profile_active": "offline", "recommended_sync_interval_ms": 30000, "source": "core.api.client"}
 INFO  [driver-telemetry] driver.http.timeout {"endpoint": "/driver/me/telemetry/push", "network_profile_active": "offline", "source": "core.api.client", "timeout_ms": 2500}
 INFO  [driver-telemetry] tracking.queue.enqueued {"app_state": "active", "location_mode": "mission_live", "mission_id": 27, "oldest_item_age_ms": 161, "queue_depth": 1, "sequence_id": 1, "source": "driver.tracking.queue", "tracking_session_id": "trk_sess_1786874638895_vyj8epdg"}
 INFO  [driver-telemetry] driver.network.profile {"network_profile_active": "offline", "recommended_sync_interval_ms": 30000, "source": "core.api.client"}
 INFO  [driver-telemetry] driver.http.timeout {"endpoint": "/driver/me/location", "network_profile_active": "offline", "source": "core.api.client", "timeout_ms": 28000}
 INFO  [driver-telemetry] tracking.queue.enqueued {"app_state": "background", "location_mode": "mission_live", "mission_id": 27, "oldest_item_age_ms": 268, "queue_depth": 2, "sequence_id": 2, "source": "driver.tracking.queue", "tracking_session_id": "trk_sess_1786874638895_vyj8epdg"}
 INFO  [driver-telemetry] tracking.queue.flush_coalesced {"force_http_fallback": true, "queue_depth": 2, "source": "driver.tracking.queue"}
 INFO  [driver-telemetry] tracking.queue.flush_coalesced {"force_http_fallback": true, "queue_depth": 2, "source": "driver.tracking.queue"}
 INFO  [driver-telemetry] tracking.background.task.flush {"backend_acked": 0, "dropped": 0, "mission_id": 27, "network_profile_active": "poor", "queue_depth": 2, "sent": 0, "socket_emitted": 0, "source": "driver.services.backgroundLocationTask", "task_mode": "mission", "task_name": "background-location-task"}
 INFO  [driver-telemetry] driver.network.profile {"network_profile_active": "offline", "recommended_sync_interval_ms": 30000, "source": "core.api.client"}
 INFO  [driver-telemetry] driver.http.timeout {"endpoint": "/driver/me/bookings/since", "network_profile_active": "offline", "source": "core.api.client", "timeout_ms": 2500}
 INFO  [driver-telemetry] driver.http.fail_fast_offline {"connected": false, "endpoint": "/driver/me/bookings/since", "internet_reachable": false, "network_type": "fallback", "source": "core.api.client"}
 INFO  [driver-telemetry] driver.runtime.reconcile.failure {"context_id": "driver:19", "reason": "reconcile_failed", "source": "driver.sync.orchestrator", "trigger": "reconnect"}
 INFO  [FCM-GATE] register effect start {"enabled": true, "fcmEnabled": true, "source": "driver.notifications.bridge", "stage": "app_foreground"}
 INFO  [driver-telemetry] driver.foreground.resume.resync.coalesced {"context_id": "driver:19", "foreground_resume_resync_coalesced_total": 1, "source": "driver.sync_engine"}
 INFO  [driver-telemetry] driver.runtime.resume.start {"app_state": "active", "context_id": "driver:19", "resume_attempt_id": "driver:19:1786874639388:2", "source": "driver.runtime.resume"}
 WARN  MapViewDirections Error: Error on GMAPS route request: This IP, site or mobile application is not authorized to use this API key. Request received from IP address 194.230.196.30, with empty referer
 INFO  [driver-telemetry] auth.refresh.endpoint_used {"endpoint": "refresh-token", "source": "core.api.client"}
 INFO  [driver-telemetry] driver.network.profile {"network_profile_active": "offline", "recommended_sync_interval_ms": 30000, "source": "core.api.client"}
 INFO  [driver-telemetry] driver.http.timeout {"endpoint": "/driver/me/device-health", "network_profile_active": "offline", "source": "core.api.client", "timeout_ms": 2500}
 INFO  [driver-telemetry] tracking.health_monitor.constraint_changed {"constraint_reason": null, "ok": true, "source": "driver.background_tracking_health_monitor"}
 INFO  [driver-telemetry] tracking.device_health.sent {"battery_optimized": false, "constraint_reason": null, "fgs_running": true, "kind": "tracking_health", "source": "driver.device_health", "trigger_reason": null}
 INFO  [driver-telemetry] tracking.device_health.send_skipped {"age_ms": 56, "reason": "throttled", "source": "driver.device_health", "trigger_reason": "health_monitor_ok"}
 INFO  [FCM-GATE] register effect start {"enabled": true, "fcmEnabled": true, "source": "driver.notifications.bridge", "stage": "app_foreground"}
 INFO  [driver-telemetry] driver.foreground.resume.resync.coalesced {"context_id": "driver:19", "foreground_resume_resync_coalesced_total": 1, "source": "driver.sync_engine"}
 INFO  [perf-kpi] perf.js_long_task {"duration_ms": 217.00687500089407, "role": "driver", "screen": "/", "source": "perf.instrumentation", "timestamp_client": "2026-08-16T10:03:59.706Z"}
 INFO  [driver-telemetry] tracking.ingest.ack {"accept_reason": "", "ack_status": "persisted", "durability": "persisted_sync", "flush_path": "http_fallback", "mission_id": 27, "queue_item_id": "trk_1786874639069_ztfjf18i", "source": "driver.tracking.queue", "trace_id": "mob_msvn0vpk_k3mlgk9e"}
 INFO  [driver-telemetry] driver.network.profile {"network_profile_active": "offline", "recommended_sync_interval_ms": 30000, "source": "core.api.client"}
 INFO  [driver-telemetry] driver.http.timeout {"endpoint": "/driver/me/location", "network_profile_active": "offline", "source": "core.api.client", "timeout_ms": 28000}
 INFO  [driver-telemetry] tracking.device_health.send_skipped {"age_ms": 238, "reason": "throttled", "source": "driver.device_health", "trigger_reason": null}
 INFO  [FCM-GATE] requesting token {"source": "driver.notifications.bridge", "stage": "app_foreground"}
 INFO  [driver-telemetry] driver.push.fcm.get_token_start {"platform": "android", "source": "driver.firebaseMessaging"}
 INFO  [FCM-GATE] getDriverFcmToken start {"platform": "android"}
 INFO  [driver-telemetry] tracking.device_health.send_skipped {"age_ms": 314, "reason": "throttled", "source": "driver.device_health", "trigger_reason": "health_monitor_ok"}
 INFO  [FCM-GATE] getToken success {"tokenLength": 142}
 INFO  [driver-telemetry] driver.push.fcm.token {"source": "driver.firebaseMessaging", "token_present": true}
 INFO  [FCM-GATE] token received {"source": "driver.notifications.bridge", "stage": "app_foreground", "tokenLength": 142}
 INFO  [driver-telemetry] driver_push.token_acquired {"provider": "fcm", "source": "driver.notifications.bridge", "stage": "app_foreground", "token_length": 142}
 INFO  [FCM-GATE] posting token {"provider": "fcm", "source": "driver.notifications.bridge", "stage": "app_foreground"}
 INFO  [driver-telemetry] driver.network.profile {"network_profile_active": "offline", "recommended_sync_interval_ms": 30000, "source": "core.api.client"}
 INFO  [driver-telemetry] driver.http.timeout {"endpoint": "/driver/me/telemetry/push", "network_profile_active": "offline", "source": "core.api.client", "timeout_ms": 2500}
 INFO  [FCM-GATE] requesting token {"source": "driver.notifications.bridge", "stage": "app_foreground"}
 INFO  [driver-telemetry] driver.push.fcm.get_token_start {"platform": "android", "source": "driver.firebaseMessaging"}
 INFO  [FCM-GATE] getDriverFcmToken start {"platform": "android"}
 INFO  [driver-telemetry] driver.network.profile {"network_profile_active": "offline", "recommended_sync_interval_ms": 30000, "source": "core.api.client"}
 INFO  [driver-telemetry] driver.http.timeout {"endpoint": "/driver/save-push-token", "network_profile_active": "offline", "source": "core.api.client", "timeout_ms": 2500}
 INFO  [FCM-GATE] getToken success {"tokenLength": 142}
 INFO  [driver-telemetry] driver.push.fcm.token {"source": "driver.firebaseMessaging", "token_present": true}
 INFO  [FCM-GATE] token received {"source": "driver.notifications.bridge", "stage": "app_foreground", "tokenLength": 142}
 INFO  [driver-telemetry] driver_push.token_acquired {"provider": "fcm", "source": "driver.notifications.bridge", "stage": "app_foreground", "token_length": 142}
 INFO  [FCM-GATE] posting token {"provider": "fcm", "source": "driver.notifications.bridge", "stage": "app_foreground"}
 INFO  [driver-telemetry] driver.network.profile {"network_profile_active": "offline", "recommended_sync_interval_ms": 30000, "source": "core.api.client"}
 INFO  [driver-telemetry] driver.http.timeout {"endpoint": "/driver/me/telemetry/push", "network_profile_active": "offline", "source": "core.api.client", "timeout_ms": 2500}
 INFO  [perf-kpi] perf.realtime.notify {"duration_ms": 3, "listener_count": 3, "role": "driver", "screen": "/", "source": "perf.instrumentation", "timestamp_client": "2026-08-16T10:03:59.832Z"}
 INFO  [driver-telemetry] realtime.transport.state {"actual_transport": "polling", "connected": true, "mode": "socket", "source": "core.realtime.manager", "transport_authority": "polling"}
 INFO  [perf-kpi] perf.realtime.notify {"duration_ms": 1, "listener_count": 3, "role": "driver", "screen": "/", "source": "perf.instrumentation", "timestamp_client": "2026-08-16T10:03:59.834Z"}
 LOG  [DriverSocket] {"contextId": "driver:19", "hasToken": true, "path": "/socket.io", "socketUrl": "http://127.0.0.1:15100", "surface": "driver", "transports": ["websocket", "polling"], "urlEnvSource": "EXPO_PUBLIC_DRIVER_SOCKET_URL"}
 INFO  [driver-telemetry] tracking.ingest.ack {"accept_reason": "", "ack_status": "persisted", "durability": "persisted_sync", "flush_path": "http_fallback", "mission_id": 27, "queue_item_id": "trk_1786874639076_71rtlufl", "source": "driver.tracking.queue", "trace_id": "mob_msvn0w2o_t9tvueb7"}
 INFO  [driver-telemetry] tracking.queue.flush {"backend_acked": 2, "dropped": 0, "flush_path": "http_fallback", "network_profile_active": "normal", "oldest_item_age_ms": 837, "queue_depth": 0, "retried": 0, "sent": 2, "socket_emitted": 0, "source": "driver.tracking.queue", "tracking_queue_oldest_age_ms": 837}
 INFO  [driver-telemetry] tracking.flush.transport {"backend_acked": 2, "sent": 2, "socket_emitted": 0, "source": "driver.tracking.queue", "transport": "http"}
 INFO  [driver-telemetry] tracking.bridge.health {"backend_ack_latency_ms": null, "mission_id": 27, "network_profile_active": "normal", "oldest_item_age_ms": 838, "queue_depth": 0, "socket_emit_without_backend_ack_total": 0, "source": "driver.tracking.bridge", "tracking_flush_batch_size": 2}
 INFO  [driver-telemetry] driver.network.profile {"network_profile_active": "offline", "recommended_sync_interval_ms": 30000, "source": "core.api.client"}
 INFO  [driver-telemetry] driver.http.timeout {"endpoint": "/driver/me/bookings/since", "network_profile_active": "offline", "source": "core.api.client", "timeout_ms": 2500}
 INFO  [driver-telemetry] driver.http.fail_fast_offline {"connected": false, "endpoint": "/driver/me/bookings/since", "internet_reachable": false, "network_type": "fallback", "source": "core.api.client"}
 INFO  [driver-telemetry] driver.runtime.resume.failure {"context_id": "driver:19", "reason": "resume_failed", "resume_attempt_id": "driver:19:1786874639388:2", "retry_count": 1, "source": "driver.runtime.resume", "will_retry": true}
 INFO  [perf-kpi] perf.runtime.socket_reconnect_failed_total {"context_id": "driver:19", "source": "perf.runtime_stability", "timestamp_client": "2026-08-16T10:03:59.915Z", "total": 5}
 INFO  [driver-telemetry] realtime.transport.state {"actual_transport": "polling", "connected": false, "mode": "polling", "source": "core.realtime.manager", "transport_authority": "degraded"}
 INFO  [perf-kpi] perf.realtime.notify {"duration_ms": 0, "listener_count": 3, "role": "driver", "screen": "/", "source": "perf.instrumentation", "timestamp_client": "2026-08-16T10:03:59.916Z"}
 INFO  [driver-telemetry] realtime.socket.disconnect {"context_id": "driver:19", "reason": "websocket error", "source": "core.realtime.manager"}
 INFO  [driver-telemetry] realtime.transport.mismatch {"actual_transport": "polling", "context_id": "driver:19", "desired_transport": "socket", "source": "core.realtime.manager"}
 INFO  [perf-kpi] perf.realtime.notify {"duration_ms": 0, "listener_count": 3, "role": "driver", "screen": "/", "source": "perf.instrumentation", "timestamp_client": "2026-08-16T10:03:59.918Z"}
 INFO  [driver-telemetry] tracking.queue.flush {"backend_acked": 0, "dropped": 0, "flush_path": "http_fallback", "network_profile_active": "poor", "oldest_item_age_ms": null, "queue_depth": 0, "retried": 0, "sent": 0, "socket_emitted": 0, "source": "driver.tracking.queue", "tracking_queue_oldest_age_ms": null}
 INFO  [driver-telemetry] tracking.flush.transport {"backend_acked": 0, "sent": 0, "socket_emitted": 0, "source": "driver.tracking.queue", "transport": "http"}
 INFO  [driver-telemetry] push.token.registered {"provider": "fcm", "source": "driver.notifications.bridge"}
 INFO  [driver-telemetry] driver_push.register_success {"provider": "fcm", "source": "driver.notifications.bridge"}
 INFO  [driver-telemetry] driver.network.profile {"network_profile_active": "offline", "recommended_sync_interval_ms": 30000, "source": "core.api.client"}
 INFO  [driver-telemetry] driver.http.timeout {"endpoint": "/driver/me/telemetry/push", "network_profile_active": "offline", "source": "core.api.client", "timeout_ms": 2500}
 INFO  [driver-telemetry] auth.refresh.endpoint_used {"endpoint": "refresh-token", "source": "core.api.client"}
 INFO  [perf-kpi] perf.realtime.notify {"duration_ms": 0, "listener_count": 3, "role": "driver", "screen": "/", "source": "perf.instrumentation", "timestamp_client": "2026-08-16T10:04:00.071Z"}
 INFO  [driver-telemetry] realtime.transport.state {"actual_transport": "polling", "connected": true, "mode": "socket", "source": "core.realtime.manager", "transport_authority": "polling"}
 INFO  [perf-kpi] perf.realtime.notify {"duration_ms": 0, "listener_count": 3, "role": "driver", "screen": "/", "source": "perf.instrumentation", "timestamp_client": "2026-08-16T10:04:00.073Z"}
 LOG  [DriverSocket] {"contextId": "driver:19", "hasToken": true, "path": "/socket.io", "socketUrl": "http://127.0.0.1:15100", "surface": "driver", "transports": ["websocket", "polling"], "urlEnvSource": "EXPO_PUBLIC_DRIVER_SOCKET_URL"}
 INFO  [perf-kpi] perf.runtime.socket_reconnect_failed_total {"context_id": "driver:19", "source": "perf.runtime_stability", "timestamp_client": "2026-08-16T10:04:00.087Z", "total": 6}
 INFO  [driver-telemetry] realtime.transport.state {"actual_transport": "polling", "connected": false, "mode": "polling", "source": "core.realtime.manager", "transport_authority": "degraded"}
 INFO  [perf-kpi] perf.realtime.notify {"duration_ms": 0, "listener_count": 3, "role": "driver", "screen": "/", "source": "perf.instrumentation", "timestamp_client": "2026-08-16T10:04:00.088Z"}
 INFO  [driver-telemetry] realtime.socket.disconnect {"context_id": "driver:19", "reason": "websocket error", "source": "core.realtime.manager"}
 INFO  [driver-telemetry] realtime.transport.mismatch {"actual_transport": "polling", "context_id": "driver:19", "desired_transport": "socket", "source": "core.realtime.manager"}
 INFO  [perf-kpi] perf.realtime.notify {"duration_ms": 0, "listener_count": 3, "role": "driver", "screen": "/", "source": "perf.instrumentation", "timestamp_client": "2026-08-16T10:04:00.090Z"}
 INFO  [driver-telemetry] driver.network.profile {"network_profile_active": "offline", "recommended_sync_interval_ms": 30000, "source": "core.api.client"}
 INFO  [driver-telemetry] driver.http.timeout {"endpoint": "/driver/me/bookings/since", "network_profile_active": "offline", "source": "core.api.client", "timeout_ms": 2500}
 INFO  [driver-telemetry] driver.http.fail_fast_offline {"connected": false, "endpoint": "/driver/me/bookings/since", "internet_reachable": false, "network_type": "fallback", "source": "core.api.client"}
 INFO  [driver-telemetry] driver.runtime.resume.failure {"context_id": "driver:19", "reason": "resume_failed", "resume_attempt_id": "driver:19:1786874639388:2", "retry_count": 2, "source": "driver.runtime.resume", "will_retry": false}
 INFO  [driver-telemetry] auth.refresh.endpoint_used {"endpoint": "refresh-token", "source": "core.api.client"}
 INFO  [driver-telemetry] auth.refresh.endpoint_used {"endpoint": "refresh-token", "source": "core.api.client"}
 LOG  [DriverSocket] {"contextId": "driver:19", "hasToken": true, "path": "/socket.io", "socketUrl": "http://127.0.0.1:15100", "surface": "driver", "transports": ["websocket", "polling"], "urlEnvSource": "EXPO_PUBLIC_DRIVER_SOCKET_URL"}
 INFO  [perf-kpi] perf.runtime.socket_reconnect_failed_total {"context_id": "driver:19", "source": "perf.runtime_stability", "timestamp_client": "2026-08-16T10:04:02.547Z", "total": 7}
 INFO  [perf-kpi] perf.realtime.notify {"duration_ms": 0, "listener_count": 3, "role": "driver", "screen": "/", "source": "perf.instrumentation", "timestamp_client": "2026-08-16T10:04:02.548Z"}
 INFO  [driver-telemetry] realtime.socket.disconnect {"context_id": "driver:19", "reason": "websocket error", "source": "core.realtime.manager"}
 INFO  [driver-telemetry] realtime.transport.mismatch {"actual_transport": "polling", "context_id": "driver:19", "desired_transport": "socket", "source": "core.realtime.manager"}
 INFO  [perf-kpi] perf.realtime.notify {"duration_ms": 1, "listener_count": 3, "role": "driver", "screen": "/", "source": "perf.instrumentation", "timestamp_client": "2026-08-16T10:04:02.551Z"}
 INFO  [driver-telemetry] auth.refresh.endpoint_used {"endpoint": "refresh-token", "source": "core.api.client"}
 INFO  [perf-kpi] perf.js_long_task {"duration_ms": 100.30666700005531, "role": "driver", "screen": "/", "source": "perf.instrumentation", "timestamp_client": "2026-08-16T10:04:04.557Z"}
 INFO  [driver-telemetry] auth.refresh.endpoint_used {"endpoint": "refresh-token", "source": "core.api.client"}
 LOG  [DriverSocket] {"contextId": "driver:19", "hasToken": true, "path": "/socket.io", "socketUrl": "http://127.0.0.1:15100", "surface": "driver", "transports": ["websocket", "polling"], "urlEnvSource": "EXPO_PUBLIC_DRIVER_SOCKET_URL"}
 INFO  [perf-kpi] perf.runtime.socket_reconnect_failed_total {"context_id": "driver:19", "source": "perf.runtime_stability", "timestamp_client": "2026-08-16T10:04:06.421Z", "total": 8}
 INFO  [perf-kpi] perf.realtime.notify {"duration_ms": 0, "listener_count": 3, "role": "driver", "screen": "/", "source": "perf.instrumentation", "timestamp_client": "2026-08-16T10:04:06.422Z"}
 INFO  [driver-telemetry] realtime.socket.disconnect {"context_id": "driver:19", "reason": "websocket error", "source": "core.realtime.manager"}
 INFO  [driver-telemetry] realtime.transport.mismatch {"actual_transport": "polling", "context_id": "driver:19", "desired_transport": "socket", "source": "core.realtime.manager"}
 INFO  [driver-telemetry] realtime.reconnect.circuit_breaker_blocked {"context_id": "driver:19", "source": "core.realtime.manager"}
 INFO  [driver-telemetry] auth.refresh.endpoint_used {"endpoint": "refresh-token", "source": "core.api.client"}
 INFO  [driver-telemetry] realtime.degraded.entered {"degraded_hysteresis_ms": 8000, "source": "core.realtime.manager"}
 INFO  [perf-kpi] perf.realtime.notify {"duration_ms": 2, "listener_count": 3, "role": "driver", "screen": "/", "source": "perf.instrumentation", "timestamp_client": "2026-08-16T10:04:08.100Z"}
 INFO  [driver-telemetry] tracking.auth.presence.ensure_headless {"driver_id": 19, "kind": "SESSION_AVAILABLE", "path": "memory_cache"}
 INFO  [driver-telemetry] tracking.background.task_invoked {"locations_count": 1, "mission_id": 27, "source": "driver.services.backgroundLocationTask", "task_mode": "mission", "task_name": "background-location-task", "timestamp": 1786874649241}
 INFO  [driver-telemetry] tracking.queue.enqueued {"app_state": "background", "location_mode": "mission_live", "mission_id": 27, "oldest_item_age_ms": 21, "queue_depth": 1, "sequence_id": 3, "source": "driver.tracking.queue", "tracking_session_id": "trk_sess_1786874638895_vyj8epdg"}
 INFO  [driver-telemetry] driver.network.profile {"network_profile_active": "offline", "recommended_sync_interval_ms": 30000, "source": "core.api.client"}
 INFO  [driver-telemetry] driver.http.timeout {"endpoint": "/driver/me/location", "network_profile_active": "offline", "source": "core.api.client", "timeout_ms": 28000}
 INFO  [driver-telemetry] tracking.ingest.ack {"accept_reason": "", "ack_status": "persisted", "durability": "persisted_sync", "flush_path": "http_fallback", "mission_id": 27, "queue_item_id": "trk_1786874649243_vcncc3q1", "source": "driver.tracking.queue", "trace_id": "mob_msvn13g3_04aq8uhj"}
 INFO  [driver-telemetry] tracking.queue.flush {"backend_acked": 1, "dropped": 0, "flush_path": "http_fallback", "network_profile_active": "poor", "oldest_item_age_ms": 148, "queue_depth": 0, "retried": 0, "sent": 1, "socket_emitted": 0, "source": "driver.tracking.queue", "tracking_queue_oldest_age_ms": 148}
 INFO  [driver-telemetry] tracking.flush.transport {"backend_acked": 1, "sent": 1, "socket_emitted": 0, "source": "driver.tracking.queue", "transport": "http"}
 INFO  [driver-telemetry] tracking.background.task.flush {"backend_acked": 1, "dropped": 0, "mission_id": 27, "network_profile_active": "poor", "queue_depth": 0, "sent": 1, "socket_emitted": 0, "source": "driver.services.backgroundLocationTask", "task_mode": "mission", "task_name": "background-location-task"}
 INFO  [driver-telemetry] driver.network.tick {"app_state": "active", "context_id": "driver:19", "driver_network_tick_total": 1, "mission_presence": "relevant", "network_activity_authority": "mission_active_loop", "network_profile_active": "offline", "source": "driver.realtime"}
 INFO  [driver-telemetry] driver.network.profile {"context_id": "driver:19", "network_profile_active": "offline", "recommended_sync_interval_ms": 30000, "source": "driver.realtime"}
 INFO  [driver-telemetry] driver.network.wake {"context_id": "driver:19", "driver_network_wake_cause": "polling_tick", "network_activity_authority": "mission_active_loop", "source": "driver.realtime"}
 INFO  [driver-telemetry] driver.network.profile {"network_profile_active": "offline", "recommended_sync_interval_ms": 30000, "source": "core.api.client"}
 INFO  [driver-telemetry] driver.http.timeout {"endpoint": "/driver/me/bookings", "network_profile_active": "offline", "source": "core.api.client", "timeout_ms": 2500}
 INFO  [driver-telemetry] realtime.transport.state {"actual_transport": "polling", "connected": false, "mode": "polling", "source": "core.realtime.manager", "transport_authority": "polling"}
 INFO  [perf-kpi] perf.realtime.notify {"duration_ms": 0, "listener_count": 3, "role": "driver", "screen": "/", "source": "perf.instrumentation", "timestamp_client": "2026-08-16T10:04:11.009Z"}
 INFO  [driver-telemetry] realtime.transport.authority {"reason": "full_polling_tick", "source": "core.realtime.manager", "transport_authority": "polling"}
 INFO  [driver-telemetry] realtime.polling.full_refetch {"context_id": "driver:19", "driver_http_calls_per_hour": 1, "mission_poll_full_refetch_total": 1, "network_activity_authority": "mission_active_loop", "source": "driver.realtime"}
 INFO  [driver-telemetry] realtime.mission.freshness {"context_id": "driver:19", "mission_state_freshness_ms": 620012, "realtime_transport_mode": "polling", "source": "driver.realtime.polling"}
 INFO  [FCM-GATE] register effect start {"enabled": true, "fcmEnabled": true, "source": "driver.notifications.bridge", "stage": "app_foreground"}
 INFO  [driver-telemetry] driver.foreground.resume.resync {"context_id": "driver:19", "foreground_resume_resync_total": 1, "source": "driver.sync_engine"}
 INFO  [driver-telemetry] driver.runtime.resume.start {"app_state": "active", "context_id": "driver:19", "resume_attempt_id": "driver:19:1786874652693:3", "source": "driver.runtime.resume"}
 INFO  [perf-kpi] perf.js_long_task {"duration_ms": 114.51130200177431, "role": "driver", "screen": "/", "source": "perf.instrumentation", "timestamp_client": "2026-08-16T10:04:12.695Z"}
 INFO  [driver-telemetry] tracking.device_health.send_skipped {"age_ms": 13244, "reason": "throttled", "source": "driver.device_health", "trigger_reason": null}
 INFO  [driver-telemetry] tracking.queue.enqueued {"app_state": "active", "location_mode": "mission_live", "mission_id": 27, "oldest_item_age_ms": 47, "queue_depth": 1, "sequence_id": 4, "source": "driver.tracking.queue", "tracking_session_id": "trk_sess_1786874638895_vyj8epdg"}
 INFO  [driver-telemetry] driver.network.profile {"network_profile_active": "offline", "recommended_sync_interval_ms": 30000, "source": "core.api.client"}
 INFO  [driver-telemetry] driver.http.timeout {"endpoint": "/driver/me/location", "network_profile_active": "offline", "source": "core.api.client", "timeout_ms": 28000}
 INFO  [driver-telemetry] tracking.device_health.send_skipped {"age_ms": 13291, "reason": "throttled", "source": "driver.device_health", "trigger_reason": "health_monitor_ok"}
 INFO  [FCM-GATE] requesting token {"source": "driver.notifications.bridge", "stage": "app_foreground"}
 INFO  [driver-telemetry] driver.push.fcm.get_token_start {"platform": "android", "source": "driver.firebaseMessaging"}
 INFO  [FCM-GATE] getDriverFcmToken start {"platform": "android"}
 INFO  [FCM-GATE] getToken success {"tokenLength": 142}
 INFO  [driver-telemetry] driver.push.fcm.token {"source": "driver.firebaseMessaging", "token_present": true}
 INFO  [FCM-GATE] token received {"source": "driver.notifications.bridge", "stage": "app_foreground", "tokenLength": 142}
 INFO  [driver-telemetry] driver_push.token_acquired {"provider": "fcm", "source": "driver.notifications.bridge", "stage": "app_foreground", "token_length": 142}
 INFO  [FCM-GATE] posting token {"provider": "fcm", "source": "driver.notifications.bridge", "stage": "app_foreground"}
 INFO  [driver-telemetry] driver.network.profile {"network_profile_active": "offline", "recommended_sync_interval_ms": 30000, "source": "core.api.client"}
 INFO  [driver-telemetry] driver.http.timeout {"endpoint": "/driver/me/telemetry/push", "network_profile_active": "offline", "source": "core.api.client", "timeout_ms": 2500}
 INFO  [driver-telemetry] driver.network.profile {"network_profile_active": "offline", "recommended_sync_interval_ms": 30000, "source": "core.api.client"}
 INFO  [driver-telemetry] driver.http.timeout {"endpoint": "/driver/save-push-token", "network_profile_active": "offline", "source": "core.api.client", "timeout_ms": 2500}
 INFO  [driver-telemetry] push.token.registered {"provider": "fcm", "source": "driver.notifications.bridge"}
 INFO  [driver-telemetry] driver_push.register_success {"provider": "fcm", "source": "driver.notifications.bridge"}
 INFO  [driver-telemetry] driver.network.profile {"network_profile_active": "offline", "recommended_sync_interval_ms": 30000, "source": "core.api.client"}
 INFO  [driver-telemetry] driver.http.timeout {"endpoint": "/driver/me/telemetry/push", "network_profile_active": "offline", "source": "core.api.client", "timeout_ms": 2500}
 INFO  [driver-telemetry] driver.network.profile {"network_profile_active": "offline", "recommended_sync_interval_ms": 30000, "source": "core.api.client"}
 INFO  [driver-telemetry] driver.http.timeout {"endpoint": "/driver/me/bookings/since", "network_profile_active": "offline", "source": "core.api.client", "timeout_ms": 2500}
 INFO  [driver-telemetry] driver.http.fail_fast_offline {"connected": false, "endpoint": "/driver/me/bookings/since", "internet_reachable": false, "network_type": "fallback", "source": "core.api.client"}
 INFO  [driver-telemetry] driver.runtime.reconcile.failure {"context_id": "driver:19", "reason": "reconcile_failed", "source": "driver.sync.orchestrator", "trigger": "foreground"}
 INFO  [driver-telemetry] tracking.ingest.ack {"accept_reason": "", "ack_status": "persisted", "durability": "persisted_sync", "flush_path": "http_fallback", "mission_id": 27, "queue_item_id": "trk_1786874652695_u3gwgd7i", "source": "driver.tracking.queue", "trace_id": "mob_msvn165g_j9426otl"}
 INFO  [driver-telemetry] tracking.queue.flush {"backend_acked": 1, "dropped": 0, "flush_path": "http_fallback", "network_profile_active": "normal", "oldest_item_age_ms": 378, "queue_depth": 0, "retried": 0, "sent": 1, "socket_emitted": 0, "source": "driver.tracking.queue", "tracking_queue_oldest_age_ms": 378}
 INFO  [driver-telemetry] tracking.flush.transport {"backend_acked": 1, "sent": 1, "socket_emitted": 0, "source": "driver.tracking.queue", "transport": "http"}
 INFO  [driver-telemetry] tracking.bridge.health {"backend_ack_latency_ms": 16159, "mission_id": 27, "network_profile_active": "normal", "oldest_item_age_ms": 379, "queue_depth": 0, "socket_emit_without_backend_ack_total": 0, "source": "driver.tracking.bridge", "tracking_flush_batch_size": 1}
 INFO  [driver-telemetry] auth.refresh.endpoint_used {"endpoint": "refresh-token", "source": "core.api.client"}
 INFO  [perf-kpi] perf.realtime.notify {"duration_ms": 1, "listener_count": 3, "role": "driver", "screen": "/", "source": "perf.instrumentation", "timestamp_client": "2026-08-16T10:04:13.160Z"}
 INFO  [driver-telemetry] realtime.transport.state {"actual_transport": "polling", "connected": true, "mode": "socket", "source": "core.realtime.manager", "transport_authority": "polling"}
 INFO  [perf-kpi] perf.realtime.notify {"duration_ms": 0, "listener_count": 3, "role": "driver", "screen": "/", "source": "perf.instrumentation", "timestamp_client": "2026-08-16T10:04:13.162Z"}
 LOG  [DriverSocket] {"contextId": "driver:19", "hasToken": true, "path": "/socket.io", "socketUrl": "http://127.0.0.1:15100", "surface": "driver", "transports": ["websocket", "polling"], "urlEnvSource": "EXPO_PUBLIC_DRIVER_SOCKET_URL"}
 INFO  [driver-telemetry] tracking.session.readiness {"readiness": "CREATING", "reason": "session_conflict", "session_generation": 917, "source": "driver.tracking.queue", "tracking_session_id": "trk_sess_1786874638895_vyj8epdg"}
 INFO  [driver-telemetry] tracking.session.readiness {"readiness": "REGISTERING", "reason": "session_conflict", "session_generation": null, "source": "driver.tracking.queue", "tracking_session_id": "trk_sess_1786874653165_2y3vorh9"}
 INFO  [driver-telemetry] tracking.session.readiness {"readiness": "REGISTERING", "reason": "register_start", "session_generation": null, "source": "driver.tracking.queue", "tracking_session_id": "trk_sess_1786874653165_2y3vorh9"}
 INFO  [driver-telemetry] driver.network.profile {"network_profile_active": "offline", "recommended_sync_interval_ms": 30000, "source": "core.api.client"}
 INFO  [driver-telemetry] driver.http.timeout {"endpoint": "/driver/me/tracking/sessions", "network_profile_active": "offline", "source": "core.api.client", "timeout_ms": 2500}
 INFO  [perf-kpi] perf.runtime.socket_reconnect_failed_total {"context_id": "driver:19", "source": "perf.runtime_stability", "timestamp_client": "2026-08-16T10:04:13.179Z", "total": 9}
 INFO  [driver-telemetry] realtime.transport.state {"actual_transport": "polling", "connected": false, "mode": "polling", "source": "core.realtime.manager", "transport_authority": "degraded"}
 INFO  [perf-kpi] perf.realtime.notify {"duration_ms": 0, "listener_count": 3, "role": "driver", "screen": "/", "source": "perf.instrumentation", "timestamp_client": "2026-08-16T10:04:13.181Z"}
 INFO  [driver-telemetry] realtime.socket.disconnect {"context_id": "driver:19", "reason": "websocket error", "source": "core.realtime.manager"}
 INFO  [driver-telemetry] realtime.transport.mismatch {"actual_transport": "polling", "context_id": "driver:19", "desired_transport": "socket", "source": "core.realtime.manager"}
 INFO  [driver-telemetry] realtime.reconnect.circuit_breaker_blocked {"context_id": "driver:19", "source": "core.realtime.manager"}
 INFO  [driver-telemetry] tracking.queue.flush {"backend_acked": 0, "dropped": 0, "flush_path": "http_fallback", "network_profile_active": "normal", "oldest_item_age_ms": null, "queue_depth": 0, "retried": 0, "sent": 0, "socket_emitted": 0, "source": "driver.tracking.queue", "tracking_queue_oldest_age_ms": null}
 INFO  [driver-telemetry] tracking.flush.transport {"backend_acked": 0, "sent": 0, "socket_emitted": 0, "source": "driver.tracking.queue", "transport": "http"}
 INFO  [driver-telemetry] driver.network.profile {"network_profile_active": "offline", "recommended_sync_interval_ms": 30000, "source": "core.api.client"}
 INFO  [driver-telemetry] driver.http.timeout {"endpoint": "/driver/me/bookings/since", "network_profile_active": "offline", "source": "core.api.client", "timeout_ms": 2500}
 INFO  [driver-telemetry] driver.http.fail_fast_offline {"connected": false, "endpoint": "/driver/me/bookings/since", "internet_reachable": false, "network_type": "fallback", "source": "core.api.client"}
 INFO  [driver-telemetry] driver.runtime.resume.failure {"context_id": "driver:19", "reason": "resume_failed", "resume_attempt_id": "driver:19:1786874652693:3", "retry_count": 1, "source": "driver.runtime.resume", "will_retry": true}
 INFO  [driver-telemetry] tracking.session.readiness {"readiness": "READY", "reason": "register_ok", "session_generation": 918, "source": "driver.tracking.queue", "tracking_session_id": "trk_sess_1786874653165_2y3vorh9"}
 INFO  [driver-telemetry] tracking.session.reconciled {"previous_session_id": "trk_sess_1786874638895_vyj8epdg", "readiness": "READY", "rebound_count": 0, "released_socket_count": 0, "source": "driver.tracking.queue", "tracking_session_id": "trk_sess_1786874653165_2y3vorh9"}
 INFO  [driver-telemetry] tracking.queue.flush {"backend_acked": 0, "dropped": 0, "flush_path": "http_fallback", "network_profile_active": "normal", "oldest_item_age_ms": null, "queue_depth": 0, "retried": 0, "sent": 0, "socket_emitted": 0, "source": "driver.tracking.queue", "tracking_queue_oldest_age_ms": null}
 INFO  [driver-telemetry] tracking.flush.transport {"backend_acked": 0, "sent": 0, "socket_emitted": 0, "source": "driver.tracking.queue", "transport": "http"}
 INFO  [driver-telemetry] auth.refresh.endpoint_used {"endpoint": "refresh-token", "source": "core.api.client"}
 INFO  [perf-kpi] perf.realtime.notify {"duration_ms": 1, "listener_count": 3, "role": "driver", "screen": "/", "source": "perf.instrumentation", "timestamp_client": "2026-08-16T10:04:13.352Z"}
 INFO  [driver-telemetry] realtime.transport.state {"actual_transport": "polling", "connected": true, "mode": "socket", "source": "core.realtime.manager", "transport_authority": "polling"}
 INFO  [perf-kpi] perf.realtime.notify {"duration_ms": 0, "listener_count": 3, "role": "driver", "screen": "/", "source": "perf.instrumentation", "timestamp_client": "2026-08-16T10:04:13.353Z"}
 LOG  [DriverSocket] {"contextId": "driver:19", "hasToken": true, "path": "/socket.io", "socketUrl": "http://127.0.0.1:15100", "surface": "driver", "transports": ["websocket", "polling"], "urlEnvSource": "EXPO_PUBLIC_DRIVER_SOCKET_URL"}
 INFO  [perf-kpi] perf.runtime.socket_reconnect_failed_total {"context_id": "driver:19", "source": "perf.runtime_stability", "timestamp_client": "2026-08-16T10:04:13.367Z", "total": 10}
 INFO  [driver-telemetry] realtime.transport.state {"actual_transport": "polling", "connected": false, "mode": "polling", "source": "core.realtime.manager", "transport_authority": "degraded"}
 INFO  [perf-kpi] perf.realtime.notify {"duration_ms": 1, "listener_count": 3, "role": "driver", "screen": "/", "source": "perf.instrumentation", "timestamp_client": "2026-08-16T10:04:13.369Z"}
 INFO  [driver-telemetry] realtime.socket.disconnect {"context_id": "driver:19", "reason": "websocket error", "source": "core.realtime.manager"}
 INFO  [driver-telemetry] realtime.transport.mismatch {"actual_transport": "polling", "context_id": "driver:19", "desired_transport": "socket", "source": "core.realtime.manager"}
 INFO  [driver-telemetry] realtime.reconnect.circuit_breaker_blocked {"context_id": "driver:19", "source": "core.realtime.manager"}
 INFO  [driver-telemetry] driver.network.profile {"network_profile_active": "offline", "recommended_sync_interval_ms": 30000, "source": "core.api.client"}
 INFO  [driver-telemetry] driver.http.timeout {"endpoint": "/driver/me/bookings/since", "network_profile_active": "offline", "source": "core.api.client", "timeout_ms": 2500}
 INFO  [driver-telemetry] driver.http.fail_fast_offline {"connected": false, "endpoint": "/driver/me/bookings/since", "internet_reachable": false, "network_type": "fallback", "source": "core.api.client"}
 INFO  [driver-telemetry] driver.runtime.resume.failure {"context_id": "driver:19", "reason": "resume_failed", "resume_attempt_id": "driver:19:1786874652693:3", "retry_count": 2, "source": "driver.runtime.resume", "will_retry": false}
 INFO  [driver-telemetry] auth.refresh.endpoint_used {"endpoint": "refresh-token", "source": "core.api.client"}
 INFO  [driver-telemetry] driver.network.profile {"network_profile_active": "offline", "recommended_sync_interval_ms": 30000, "source": "core.api.client"}
 INFO  [driver-telemetry] driver.http.timeout {"endpoint": "/driver/me/bookings/since", "network_profile_active": "offline", "source": "core.api.client", "timeout_ms": 2500}
 INFO  [driver-telemetry] driver.http.fail_fast_offline {"connected": false, "endpoint": "/driver/me/bookings/since", "internet_reachable": false, "network_type": "fallback", "source": "core.api.client"}
 INFO  [driver-telemetry] driver.runtime.reconcile.failure {"context_id": "driver:19", "reason": "reconcile_failed", "source": "driver.sync.orchestrator", "trigger": "reconnect"}
 INFO  [FCM-GATE] register effect start {"enabled": true, "fcmEnabled": true, "source": "driver.notifications.bridge", "stage": "app_foreground"}
 INFO  [driver-telemetry] driver.foreground.resume.resync {"context_id": "driver:19", "foreground_resume_resync_total": 1, "source": "driver.sync_engine"}
 INFO  [driver-telemetry] driver.runtime.resume.start {"app_state": "active", "context_id": "driver:19", "resume_attempt_id": "driver:19:1786874660837:4", "source": "driver.runtime.resume"}
 INFO  [driver-telemetry] tracking.device_health.send_skipped {"age_ms": 21390, "reason": "throttled", "source": "driver.device_health", "trigger_reason": null}
 INFO  [perf-kpi] perf.js_long_task {"duration_ms": 160.74791599810123, "role": "driver", "screen": "/", "source": "perf.instrumentation", "timestamp_client": "2026-08-16T10:04:20.876Z"}
 INFO  [driver-telemetry] tracking.device_health.send_skipped {"age_ms": 21399, "reason": "throttled", "source": "driver.device_health", "trigger_reason": "health_monitor_ok"}
 INFO  [driver-telemetry] tracking.queue.enqueued {"app_state": "active", "location_mode": "mission_live", "mission_id": 27, "oldest_item_age_ms": 68, "queue_depth": 1, "sequence_id": 1, "source": "driver.tracking.queue", "tracking_session_id": "trk_sess_1786874653165_2y3vorh9"}
 INFO  [driver-telemetry] driver.network.profile {"network_profile_active": "offline", "recommended_sync_interval_ms": 30000, "source": "core.api.client"}
 INFO  [driver-telemetry] driver.http.timeout {"endpoint": "/driver/me/location", "network_profile_active": "offline", "source": "core.api.client", "timeout_ms": 28000}
 INFO  [FCM-GATE] requesting token {"source": "driver.notifications.bridge", "stage": "app_foreground"}
 INFO  [driver-telemetry] driver.push.fcm.get_token_start {"platform": "android", "source": "driver.firebaseMessaging"}
 INFO  [FCM-GATE] getDriverFcmToken start {"platform": "android"}
 INFO  [FCM-GATE] getToken success {"tokenLength": 142}
 INFO  [driver-telemetry] driver.push.fcm.token {"source": "driver.firebaseMessaging", "token_present": true}
 INFO  [FCM-GATE] token received {"source": "driver.notifications.bridge", "stage": "app_foreground", "tokenLength": 142}
 INFO  [driver-telemetry] driver_push.token_acquired {"provider": "fcm", "source": "driver.notifications.bridge", "stage": "app_foreground", "token_length": 142}
 INFO  [FCM-GATE] posting token {"provider": "fcm", "source": "driver.notifications.bridge", "stage": "app_foreground"}
 INFO  [driver-telemetry] driver.network.profile {"network_profile_active": "offline", "recommended_sync_interval_ms": 30000, "source": "core.api.client"}
 INFO  [driver-telemetry] driver.http.timeout {"endpoint": "/driver/me/telemetry/push", "network_profile_active": "offline", "source": "core.api.client", "timeout_ms": 2500}
 INFO  [driver-telemetry] driver.network.profile {"network_profile_active": "offline", "recommended_sync_interval_ms": 30000, "source": "core.api.client"}
 INFO  [driver-telemetry] driver.http.timeout {"endpoint": "/driver/save-push-token", "network_profile_active": "offline", "source": "core.api.client", "timeout_ms": 2500}
 INFO  [driver-telemetry] push.token.registered {"provider": "fcm", "source": "driver.notifications.bridge"}
 INFO  [driver-telemetry] driver_push.register_success {"provider": "fcm", "source": "driver.notifications.bridge"}
 INFO  [driver-telemetry] driver.network.profile {"network_profile_active": "offline", "recommended_sync_interval_ms": 30000, "source": "core.api.client"}
 INFO  [driver-telemetry] driver.http.timeout {"endpoint": "/driver/me/telemetry/push", "network_profile_active": "offline", "source": "core.api.client", "timeout_ms": 2500}
 INFO  [driver-telemetry] driver.network.profile {"network_profile_active": "offline", "recommended_sync_interval_ms": 30000, "source": "core.api.client"}
 INFO  [driver-telemetry] driver.http.timeout {"endpoint": "/driver/me/bookings/since", "network_profile_active": "offline", "source": "core.api.client", "timeout_ms": 2500}
 INFO  [driver-telemetry] driver.http.fail_fast_offline {"connected": false, "endpoint": "/driver/me/bookings/since", "internet_reachable": false, "network_type": "fallback", "source": "core.api.client"}
 INFO  [driver-telemetry] driver.runtime.reconcile.failure {"context_id": "driver:19", "reason": "reconcile_failed", "source": "driver.sync.orchestrator", "trigger": "foreground"}
 INFO  [driver-telemetry] auth.refresh.endpoint_used {"endpoint": "refresh-token", "source": "core.api.client"}
 INFO  [driver-telemetry] tracking.ingest.ack {"accept_reason": "", "ack_status": "persisted", "durability": "persisted_sync", "flush_path": "http_fallback", "mission_id": 27, "queue_item_id": "trk_1786874660880_x9evciv9", "source": "driver.tracking.queue", "trace_id": "mob_msvn1cgp_38rf1l3r"}
 INFO  [driver-telemetry] tracking.queue.flush {"backend_acked": 1, "dropped": 0, "flush_path": "http_fallback", "network_profile_active": "normal", "oldest_item_age_ms": 423, "queue_depth": 0, "retried": 0, "sent": 1, "socket_emitted": 0, "source": "driver.tracking.queue", "tracking_queue_oldest_age_ms": 423}
 INFO  [driver-telemetry] tracking.flush.transport {"backend_acked": 1, "sent": 1, "socket_emitted": 0, "source": "driver.tracking.queue", "transport": "http"}
 INFO  [driver-telemetry] tracking.bridge.health {"backend_ack_latency_ms": 24395, "mission_id": 27, "network_profile_active": "normal", "oldest_item_age_ms": 424, "queue_depth": 0, "socket_emit_without_backend_ack_total": 0, "source": "driver.tracking.bridge", "tracking_flush_batch_size": 1}
 INFO  [perf-kpi] perf.realtime.notify {"duration_ms": 1, "listener_count": 3, "role": "driver", "screen": "/", "source": "perf.instrumentation", "timestamp_client": "2026-08-16T10:04:21.365Z"}
 INFO  [driver-telemetry] realtime.transport.state {"actual_transport": "polling", "connected": true, "mode": "socket", "source": "core.realtime.manager", "transport_authority": "polling"}
 INFO  [perf-kpi] perf.realtime.notify {"duration_ms": 0, "listener_count": 3, "role": "driver", "screen": "/", "source": "perf.instrumentation", "timestamp_client": "2026-08-16T10:04:21.366Z"}
 LOG  [DriverSocket] {"contextId": "driver:19", "hasToken": true, "path": "/socket.io", "socketUrl": "http://127.0.0.1:15100", "surface": "driver", "transports": ["websocket", "polling"], "urlEnvSource": "EXPO_PUBLIC_DRIVER_SOCKET_URL"}
 INFO  [driver-telemetry] tracking.session.readiness {"readiness": "CREATING", "reason": "session_conflict", "session_generation": 918, "source": "driver.tracking.queue", "tracking_session_id": "trk_sess_1786874653165_2y3vorh9"}
 INFO  [driver-telemetry] tracking.session.readiness {"readiness": "REGISTERING", "reason": "session_conflict", "session_generation": null, "source": "driver.tracking.queue", "tracking_session_id": "trk_sess_1786874661368_uro63v2f"}
 INFO  [driver-telemetry] tracking.session.readiness {"readiness": "REGISTERING", "reason": "register_start", "session_generation": null, "source": "driver.tracking.queue", "tracking_session_id": "trk_sess_1786874661368_uro63v2f"}
 INFO  [driver-telemetry] driver.network.profile {"network_profile_active": "offline", "recommended_sync_interval_ms": 30000, "source": "core.api.client"}
 INFO  [driver-telemetry] driver.http.timeout {"endpoint": "/driver/me/tracking/sessions", "network_profile_active": "offline", "source": "core.api.client", "timeout_ms": 2500}
 INFO  [perf-kpi] perf.runtime.socket_reconnect_failed_total {"context_id": "driver:19", "source": "perf.runtime_stability", "timestamp_client": "2026-08-16T10:04:21.378Z", "total": 11}
 INFO  [driver-telemetry] realtime.transport.state {"actual_transport": "polling", "connected": false, "mode": "polling", "source": "core.realtime.manager", "transport_authority": "degraded"}
 INFO  [perf-kpi] perf.realtime.notify {"duration_ms": 0, "listener_count": 3, "role": "driver", "screen": "/", "source": "perf.instrumentation", "timestamp_client": "2026-08-16T10:04:21.379Z"}
 INFO  [driver-telemetry] realtime.socket.disconnect {"context_id": "driver:19", "reason": "websocket error", "source": "core.realtime.manager"}
 INFO  [driver-telemetry] realtime.transport.mismatch {"actual_transport": "polling", "context_id": "driver:19", "desired_transport": "socket", "source": "core.realtime.manager"}
 INFO  [driver-telemetry] realtime.reconnect.circuit_breaker_blocked {"context_id": "driver:19", "source": "core.realtime.manager"}
 INFO  [driver-telemetry] tracking.queue.flush {"backend_acked": 0, "dropped": 0, "flush_path": "http_fallback", "network_profile_active": "normal", "oldest_item_age_ms": null, "queue_depth": 0, "retried": 0, "sent": 0, "socket_emitted": 0, "source": "driver.tracking.queue", "tracking_queue_oldest_age_ms": null}
 INFO  [driver-telemetry] tracking.flush.transport {"backend_acked": 0, "sent": 0, "socket_emitted": 0, "source": "driver.tracking.queue", "transport": "http"}
 INFO  [driver-telemetry] driver.network.profile {"network_profile_active": "offline", "recommended_sync_interval_ms": 30000, "source": "core.api.client"}
 INFO  [driver-telemetry] driver.http.timeout {"endpoint": "/driver/me/bookings/since", "network_profile_active": "offline", "source": "core.api.client", "timeout_ms": 2500}
 INFO  [driver-telemetry] driver.http.fail_fast_offline {"connected": false, "endpoint": "/driver/me/bookings/since", "internet_reachable": false, "network_type": "fallback", "source": "core.api.client"}
 INFO  [driver-telemetry] driver.runtime.resume.failure {"context_id": "driver:19", "reason": "resume_failed", "resume_attempt_id": "driver:19:1786874660837:4", "retry_count": 1, "source": "driver.runtime.resume", "will_retry": true}
 INFO  [driver-telemetry] tracking.session.readiness {"readiness": "READY", "reason": "register_ok", "session_generation": 919, "source": "driver.tracking.queue", "tracking_session_id": "trk_sess_1786874661368_uro63v2f"}
 INFO  [driver-telemetry] tracking.session.reconciled {"previous_session_id": "trk_sess_1786874653165_2y3vorh9", "readiness": "READY", "rebound_count": 0, "released_socket_count": 0, "source": "driver.tracking.queue", "tracking_session_id": "trk_sess_1786874661368_uro63v2f"}
 INFO  [driver-telemetry] tracking.queue.flush {"backend_acked": 0, "dropped": 0, "flush_path": "http_fallback", "network_profile_active": "normal", "oldest_item_age_ms": null, "queue_depth": 0, "retried": 0, "sent": 0, "socket_emitted": 0, "source": "driver.tracking.queue", "tracking_queue_oldest_age_ms": null}
 INFO  [driver-telemetry] tracking.flush.transport {"backend_acked": 0, "sent": 0, "socket_emitted": 0, "source": "driver.tracking.queue", "transport": "http"}
 INFO  [driver-telemetry] auth.refresh.endpoint_used {"endpoint": "refresh-token", "source": "core.api.client"}
 INFO  [perf-kpi] perf.realtime.notify {"duration_ms": 0, "listener_count": 3, "role": "driver", "screen": "/", "source": "perf.instrumentation", "timestamp_client": "2026-08-16T10:04:21.533Z"}
 INFO  [driver-telemetry] realtime.transport.state {"actual_transport": "polling", "connected": true, "mode": "socket", "source": "core.realtime.manager", "transport_authority": "polling"}
 INFO  [perf-kpi] perf.realtime.notify {"duration_ms": 0, "listener_count": 3, "role": "driver", "screen": "/", "source": "perf.instrumentation", "timestamp_client": "2026-08-16T10:04:21.535Z"}
 LOG  [DriverSocket] {"contextId": "driver:19", "hasToken": true, "path": "/socket.io", "socketUrl": "http://127.0.0.1:15100", "surface": "driver", "transports": ["websocket", "polling"], "urlEnvSource": "EXPO_PUBLIC_DRIVER_SOCKET_URL"}
 INFO  [perf-kpi] perf.runtime.socket_reconnect_failed_total {"context_id": "driver:19", "source": "perf.runtime_stability", "timestamp_client": "2026-08-16T10:04:21.547Z", "total": 12}
 INFO  [driver-telemetry] realtime.transport.state {"actual_transport": "polling", "connected": false, "mode": "polling", "source": "core.realtime.manager", "transport_authority": "degraded"}
 INFO  [perf-kpi] perf.realtime.notify {"duration_ms": 0, "listener_count": 3, "role": "driver", "screen": "/", "source": "perf.instrumentation", "timestamp_client": "2026-08-16T10:04:21.549Z"}
 INFO  [driver-telemetry] realtime.socket.disconnect {"context_id": "driver:19", "reason": "websocket error", "source": "core.realtime.manager"}
 INFO  [driver-telemetry] realtime.transport.mismatch {"actual_transport": "polling", "context_id": "driver:19", "desired_transport": "socket", "source": "core.realtime.manager"}
 INFO  [driver-telemetry] realtime.reconnect.circuit_breaker_blocked {"context_id": "driver:19", "source": "core.realtime.manager"}
 INFO  [driver-telemetry] driver.network.profile {"network_profile_active": "offline", "recommended_sync_interval_ms": 30000, "source": "core.api.client"}
 INFO  [driver-telemetry] driver.http.timeout {"endpoint": "/driver/me/bookings/since", "network_profile_active": "offline", "source": "core.api.client", "timeout_ms": 2500}
 INFO  [driver-telemetry] driver.http.fail_fast_offline {"connected": false, "endpoint": "/driver/me/bookings/since", "internet_reachable": false, "network_type": "fallback", "source": "core.api.client"}
 INFO  [driver-telemetry] driver.runtime.resume.failure {"context_id": "driver:19", "reason": "resume_failed", "resume_attempt_id": "driver:19:1786874660837:4", "retry_count": 2, "source": "driver.runtime.resume", "will_retry": false}
 INFO  [driver-telemetry] auth.refresh.endpoint_used {"endpoint": "refresh-token", "source": "core.api.client"}
 INFO  [driver-telemetry] driver.network.profile {"network_profile_active": "offline", "recommended_sync_interval_ms": 30000, "source": "core.api.client"}
 INFO  [driver-telemetry] driver.http.timeout {"endpoint": "/driver/me/bookings/since", "network_profile_active": "offline", "source": "core.api.client", "timeout_ms": 2500}
 INFO  [driver-telemetry] driver.http.fail_fast_offline {"connected": false, "endpoint": "/driver/me/bookings/since", "internet_reachable": false, "network_type": "fallback", "source": "core.api.client"}
 INFO  [driver-telemetry] driver.runtime.reconcile.failure {"context_id": "driver:19", "reason": "reconcile_failed", "source": "driver.sync.orchestrator", "trigger": "reconnect"}
 INFO  [driver-telemetry] driver.network.tick {"app_state": "active", "context_id": "driver:19", "driver_network_tick_total": 1, "mission_presence": "relevant", "network_activity_authority": "mission_active_loop", "network_profile_active": "offline", "source": "driver.realtime"}
 INFO  [driver-telemetry] driver.network.profile {"context_id": "driver:19", "network_profile_active": "offline", "recommended_sync_interval_ms": 30000, "source": "driver.realtime"}
 INFO  [driver-telemetry] driver.network.wake {"context_id": "driver:19", "driver_network_wake_cause": "polling_tick", "network_activity_authority": "mission_active_loop", "source": "driver.realtime"}
 INFO  [driver-telemetry] driver.network.tick.skipped {"context_id": "driver:19", "driver_network_tick_skipped_total": 1, "network_activity_authority": "mission_active_loop", "reason": "idle_rate_limit", "source": "driver.realtime"}
 INFO  [driver-telemetry] driver.network.tick {"app_state": "active", "context_id": "driver:19", "driver_network_tick_total": 1, "mission_presence": "relevant", "network_activity_authority": "mission_active_loop", "source": "driver.sync_engine"}
 INFO  [driver-telemetry] driver.network.wake {"context_id": "driver:19", "driver_network_wake_cause": "sync_engine", "network_activity_authority": "mission_active_loop", "source": "driver.sync_engine"}
 INFO  [driver-telemetry] driver.sync_engine.flush.skipped {"context_id": "driver:19", "reason": "queue_empty_or_tracking_idle", "source": "driver.sync_engine"}
 INFO  [driver-telemetry] realtime.transport.state {"actual_transport": "polling", "connected": false, "mode": "polling", "source": "core.realtime.manager", "transport_authority": "reconcile"}
 INFO  [perf-kpi] perf.realtime.notify {"duration_ms": 1, "listener_count": 3, "role": "driver", "screen": "/", "source": "perf.instrumentation", "timestamp_client": "2026-08-16T10:04:26.111Z"}
 INFO  [driver-telemetry] realtime.transport.authority {"reason": "sync_engine_tick", "source": "core.realtime.manager", "transport_authority": "reconcile"}
 INFO  [driver-telemetry] driver.sync_engine.heartbeat {"allow_gps_flush": false, "allow_socket": false, "app_state": "active", "context_id": "driver:19", "driver_sync_engine_active_ms": 30000, "interval_ms": 30000, "network_activity_authority": "mission_active_loop", "network_mode": "offline", "source": "driver.sync_engine"}
 INFO  [driver-telemetry] driver.network.profile {"network_profile_active": "offline", "recommended_sync_interval_ms": 30000, "source": "core.api.client"}
 INFO  [driver-telemetry] driver.http.timeout {"endpoint": "/driver/me/bookings/since", "network_profile_active": "offline", "source": "core.api.client", "timeout_ms": 2500}
 INFO  [driver-telemetry] driver.http.fail_fast_offline {"connected": false, "endpoint": "/driver/me/bookings/since", "internet_reachable": false, "network_type": "fallback", "source": "core.api.client"}
 INFO  [driver-telemetry] driver.runtime.reconcile.failure {"context_id": "driver:19", "reason": "reconcile_failed", "source": "driver.sync.orchestrator", "trigger": "manual"}
 INFO  [driver-telemetry] driver.network.profile {"network_profile_active": "offline", "recommended_sync_interval_ms": 30000, "source": "core.api.client"}
 INFO  [driver-telemetry] driver.http.timeout {"endpoint": "/driver/me/bookings/eta", "network_profile_active": "offline", "source": "core.api.client", "timeout_ms": 2500}
 INFO  [driver-telemetry] driver.http.fail_fast_offline {"connected": false, "endpoint": "/driver/me/bookings/eta", "internet_reachable": false, "network_type": "fallback", "source": "core.api.client"}
 INFO  [driver-telemetry] driver.network.profile {"network_profile_active": "offline", "recommended_sync_interval_ms": 30000, "source": "core.api.client"}
 INFO  [driver-telemetry] driver.http.timeout {"endpoint": "/driver/me/bookings/eta", "network_profile_active": "offline", "source": "core.api.client", "timeout_ms": 2500}
 INFO  [driver-telemetry] driver.http.fail_fast_offline {"connected": false, "endpoint": "/driver/me/bookings/eta", "internet_reachable": false, "network_type": "fallback", "source": "core.api.client"}
 INFO  [FCM-GATE] register effect start {"enabled": true, "fcmEnabled": true, "source": "driver.notifications.bridge", "stage": "app_foreground"}
 INFO  [driver-telemetry] driver.foreground.resume.resync {"context_id": "driver:19", "foreground_resume_resync_total": 1, "source": "driver.sync_engine"}
 INFO  [driver-telemetry] driver.runtime.resume.start {"app_state": "active", "context_id": "driver:19", "resume_attempt_id": "driver:19:1786874668956:5", "source": "driver.runtime.resume"}
 INFO  [perf-kpi] perf.js_long_task {"duration_ms": 106.87895900011063, "role": "driver", "screen": "/", "source": "perf.instrumentation", "timestamp_client": "2026-08-16T10:04:28.958Z"}
 INFO  [driver-telemetry] tracking.device_health.send_skipped {"age_ms": 29508, "reason": "throttled", "source": "driver.device_health", "trigger_reason": null}
 INFO  [driver-telemetry] tracking.device_health.send_skipped {"age_ms": 29548, "reason": "throttled", "source": "driver.device_health", "trigger_reason": "health_monitor_ok"}
 WARN  MapViewDirections Error: Error on GMAPS route request: This IP, site or mobile application is not authorized to use this API key. Request received from IP address 194.230.196.30, with empty referer
 INFO  [FCM-GATE] requesting token {"source": "driver.notifications.bridge", "stage": "app_foreground"}
 INFO  [driver-telemetry] driver.push.fcm.get_token_start {"platform": "android", "source": "driver.firebaseMessaging"}
 INFO  [FCM-GATE] getDriverFcmToken start {"platform": "android"}
 INFO  [FCM-GATE] getToken success {"tokenLength": 142}
 INFO  [driver-telemetry] driver.push.fcm.token {"source": "driver.firebaseMessaging", "token_present": true}
 INFO  [FCM-GATE] token received {"source": "driver.notifications.bridge", "stage": "app_foreground", "tokenLength": 142}
 INFO  [driver-telemetry] driver_push.token_acquired {"provider": "fcm", "source": "driver.notifications.bridge", "stage": "app_foreground", "token_length": 142}
 INFO  [FCM-GATE] posting token {"provider": "fcm", "source": "driver.notifications.bridge", "stage": "app_foreground"}
 INFO  [driver-telemetry] driver.network.profile {"network_profile_active": "offline", "recommended_sync_interval_ms": 30000, "source": "core.api.client"}
 INFO  [driver-telemetry] driver.http.timeout {"endpoint": "/driver/me/telemetry/push", "network_profile_active": "offline", "source": "core.api.client", "timeout_ms": 2500}
 INFO  [driver-telemetry] driver.network.profile {"network_profile_active": "offline", "recommended_sync_interval_ms": 30000, "source": "core.api.client"}
 INFO  [driver-telemetry] driver.http.timeout {"endpoint": "/driver/save-push-token", "network_profile_active": "offline", "source": "core.api.client", "timeout_ms": 2500}
 INFO  [driver-telemetry] push.token.registered {"provider": "fcm", "source": "driver.notifications.bridge"}
 INFO  [driver-telemetry] driver_push.register_success {"provider": "fcm", "source": "driver.notifications.bridge"}
 INFO  [driver-telemetry] driver.network.profile {"network_profile_active": "offline", "recommended_sync_interval_ms": 30000, "source": "core.api.client"}
 INFO  [driver-telemetry] driver.http.timeout {"endpoint": "/driver/me/telemetry/push", "network_profile_active": "offline", "source": "core.api.client", "timeout_ms": 2500}
 INFO  [driver-telemetry] auth.refresh.endpoint_used {"endpoint": "refresh-token", "source": "core.api.client"}
 INFO  [perf-kpi] perf.realtime.notify {"duration_ms": 0, "listener_count": 3, "role": "driver", "screen": "/", "source": "perf.instrumentation", "timestamp_client": "2026-08-16T10:04:29.290Z"}
 INFO  [driver-telemetry] realtime.transport.state {"actual_transport": "polling", "connected": true, "mode": "socket", "source": "core.realtime.manager", "transport_authority": "polling"}
 INFO  [perf-kpi] perf.realtime.notify {"duration_ms": 0, "listener_count": 3, "role": "driver", "screen": "/", "source": "perf.instrumentation", "timestamp_client": "2026-08-16T10:04:29.293Z"}
 LOG  [DriverSocket] {"contextId": "driver:19", "hasToken": true, "path": "/socket.io", "socketUrl": "http://127.0.0.1:15100", "surface": "driver", "transports": ["websocket", "polling"], "urlEnvSource": "EXPO_PUBLIC_DRIVER_SOCKET_URL"}
 INFO  [driver-telemetry] tracking.session.readiness {"readiness": "CREATING", "reason": "session_conflict", "session_generation": 919, "source": "driver.tracking.queue", "tracking_session_id": "trk_sess_1786874661368_uro63v2f"}
 INFO  [driver-telemetry] tracking.session.readiness {"readiness": "REGISTERING", "reason": "session_conflict", "session_generation": null, "source": "driver.tracking.queue", "tracking_session_id": "trk_sess_1786874669296_cfddgt1c"}
 INFO  [driver-telemetry] tracking.session.readiness {"readiness": "REGISTERING", "reason": "register_start", "session_generation": null, "source": "driver.tracking.queue", "tracking_session_id": "trk_sess_1786874669296_cfddgt1c"}
 INFO  [driver-telemetry] driver.network.profile {"network_profile_active": "offline", "recommended_sync_interval_ms": 30000, "source": "core.api.client"}
 INFO  [driver-telemetry] driver.http.timeout {"endpoint": "/driver/me/tracking/sessions", "network_profile_active": "offline", "source": "core.api.client", "timeout_ms": 2500}
 INFO  [perf-kpi] perf.runtime.socket_reconnect_failed_total {"context_id": "driver:19", "source": "perf.runtime_stability", "timestamp_client": "2026-08-16T10:04:29.307Z", "total": 13}
 INFO  [driver-telemetry] realtime.transport.state {"actual_transport": "polling", "connected": false, "mode": "polling", "source": "core.realtime.manager", "transport_authority": "degraded"}
 INFO  [perf-kpi] perf.realtime.notify {"duration_ms": 0, "listener_count": 3, "role": "driver", "screen": "/", "source": "perf.instrumentation", "timestamp_client": "2026-08-16T10:04:29.308Z"}
 INFO  [driver-telemetry] realtime.socket.disconnect {"context_id": "driver:19", "reason": "websocket error", "source": "core.realtime.manager"}
 INFO  [driver-telemetry] realtime.transport.mismatch {"actual_transport": "polling", "context_id": "driver:19", "desired_transport": "socket", "source": "core.realtime.manager"}
 INFO  [driver-telemetry] realtime.reconnect.circuit_breaker_blocked {"context_id": "driver:19", "source": "core.realtime.manager"}
 INFO  [driver-telemetry] tracking.queue.flush {"backend_acked": 0, "dropped": 0, "flush_path": "http_fallback", "network_profile_active": "normal", "oldest_item_age_ms": null, "queue_depth": 0, "retried": 0, "sent": 0, "socket_emitted": 0, "source": "driver.tracking.queue", "tracking_queue_oldest_age_ms": null}
 INFO  [driver-telemetry] tracking.flush.transport {"backend_acked": 0, "sent": 0, "socket_emitted": 0, "source": "driver.tracking.queue", "transport": "http"}
 INFO  [driver-telemetry] driver.network.profile {"network_profile_active": "offline", "recommended_sync_interval_ms": 30000, "source": "core.api.client"}
 INFO  [driver-telemetry] driver.http.timeout {"endpoint": "/driver/me/bookings/since", "network_profile_active": "offline", "source": "core.api.client", "timeout_ms": 2500}
 INFO  [driver-telemetry] driver.http.fail_fast_offline {"connected": false, "endpoint": "/driver/me/bookings/since", "internet_reachable": false, "network_type": "fallback", "source": "core.api.client"}
 INFO  [driver-telemetry] driver.runtime.resume.failure {"context_id": "driver:19", "reason": "resume_failed", "resume_attempt_id": "driver:19:1786874668956:5", "retry_count": 1, "source": "driver.runtime.resume", "will_retry": true}
 INFO  [driver-telemetry] tracking.session.readiness {"readiness": "READY", "reason": "register_ok", "session_generation": 920, "source": "driver.tracking.queue", "tracking_session_id": "trk_sess_1786874669296_cfddgt1c"}
 INFO  [driver-telemetry] tracking.session.reconciled {"previous_session_id": "trk_sess_1786874661368_uro63v2f", "readiness": "READY", "rebound_count": 0, "released_socket_count": 0, "source": "driver.tracking.queue", "tracking_session_id": "trk_sess_1786874669296_cfddgt1c"}
 INFO  [driver-telemetry] tracking.queue.flush {"backend_acked": 0, "dropped": 0, "flush_path": "http_fallback", "network_profile_active": "normal", "oldest_item_age_ms": null, "queue_depth": 0, "retried": 0, "sent": 0, "socket_emitted": 0, "source": "driver.tracking.queue", "tracking_queue_oldest_age_ms": null}
 INFO  [driver-telemetry] tracking.flush.transport {"backend_acked": 0, "sent": 0, "socket_emitted": 0, "source": "driver.tracking.queue", "transport": "http"}
 INFO  [driver-telemetry] auth.refresh.endpoint_used {"endpoint": "refresh-token", "source": "core.api.client"}
 INFO  [perf-kpi] perf.realtime.notify {"duration_ms": 0, "listener_count": 3, "role": "driver", "screen": "/", "source": "perf.instrumentation", "timestamp_client": "2026-08-16T10:04:29.455Z"}
 INFO  [driver-telemetry] realtime.transport.state {"actual_transport": "polling", "connected": true, "mode": "socket", "source": "core.realtime.manager", "transport_authority": "polling"}
 INFO  [perf-kpi] perf.realtime.notify {"duration_ms": 1, "listener_count": 3, "role": "driver", "screen": "/", "source": "perf.instrumentation", "timestamp_client": "2026-08-16T10:04:29.459Z"}
 LOG  [DriverSocket] {"contextId": "driver:19", "hasToken": true, "path": "/socket.io", "socketUrl": "http://127.0.0.1:15100", "surface": "driver", "transports": ["websocket", "polling"], "urlEnvSource": "EXPO_PUBLIC_DRIVER_SOCKET_URL"}
 INFO  [perf-kpi] perf.runtime.socket_reconnect_failed_total {"context_id": "driver:19", "source": "perf.runtime_stability", "timestamp_client": "2026-08-16T10:04:29.477Z", "total": 14}
 INFO  [driver-telemetry] realtime.transport.state {"actual_transport": "polling", "connected": false, "mode": "polling", "source": "core.realtime.manager", "transport_authority": "degraded"}
 INFO  [perf-kpi] perf.realtime.notify {"duration_ms": 0, "listener_count": 3, "role": "driver", "screen": "/", "source": "perf.instrumentation", "timestamp_client": "2026-08-16T10:04:29.479Z"}
 INFO  [driver-telemetry] realtime.socket.disconnect {"context_id": "driver:19", "reason": "websocket error", "source": "core.realtime.manager"}
 INFO  [driver-telemetry] realtime.transport.mismatch {"actual_transport": "polling", "context_id": "driver:19", "desired_transport": "socket", "source": "core.realtime.manager"}
 INFO  [driver-telemetry] realtime.reconnect.circuit_breaker_blocked {"context_id": "driver:19", "source": "core.realtime.manager"}
 INFO  [driver-telemetry] driver.network.profile {"network_profile_active": "offline", "recommended_sync_interval_ms": 30000, "source": "core.api.client"}
 INFO  [driver-telemetry] driver.http.timeout {"endpoint": "/driver/me/bookings/since", "network_profile_active": "offline", "source": "core.api.client", "timeout_ms": 2500}
 INFO  [driver-telemetry] driver.http.fail_fast_offline {"connected": false, "endpoint": "/driver/me/bookings/since", "internet_reachable": false, "network_type": "fallback", "source": "core.api.client"}
 INFO  [driver-telemetry] driver.runtime.resume.failure {"context_id": "driver:19", "reason": "resume_failed", "resume_attempt_id": "driver:19:1786874668956:5", "retry_count": 2, "source": "driver.runtime.resume", "will_retry": false}
 INFO  [driver-telemetry] tracking.queue.enqueued {"app_state": "active", "location_mode": "mission_live", "mission_id": 27, "oldest_item_age_ms": 13, "queue_depth": 1, "sequence_id": 1, "source": "driver.tracking.queue", "tracking_session_id": "trk_sess_1786874669296_cfddgt1c"}
 INFO  [driver-telemetry] driver.network.profile {"network_profile_active": "offline", "recommended_sync_interval_ms": 30000, "source": "core.api.client"}
 INFO  [driver-telemetry] driver.http.timeout {"endpoint": "/driver/me/location", "network_profile_active": "offline", "source": "core.api.client", "timeout_ms": 28000}
 INFO  [driver-telemetry] tracking.auth.presence.ensure_headless {"driver_id": 19, "kind": "SESSION_AVAILABLE", "path": "memory_cache"}
 INFO  [driver-telemetry] tracking.background.task_invoked {"locations_count": 1, "mission_id": 27, "source": "driver.services.backgroundLocationTask", "task_mode": "mission", "task_name": "background-location-task", "timestamp": 1786874669517}
 INFO  [driver-telemetry] tracking.queue.enqueued {"app_state": "background", "location_mode": "mission_live", "mission_id": 27, "oldest_item_age_ms": 25, "queue_depth": 2, "sequence_id": 2, "source": "driver.tracking.queue", "tracking_session_id": "trk_sess_1786874669296_cfddgt1c"}
 INFO  [driver-telemetry] tracking.queue.flush_coalesced {"force_http_fallback": true, "queue_depth": 2, "source": "driver.tracking.queue"}
 INFO  [driver-telemetry] tracking.queue.flush_coalesced {"force_http_fallback": true, "queue_depth": 2, "source": "driver.tracking.queue"}
 INFO  [driver-telemetry] tracking.background.task.flush {"backend_acked": 0, "dropped": 0, "mission_id": 27, "network_profile_active": "poor", "queue_depth": 2, "sent": 0, "socket_emitted": 0, "source": "driver.services.backgroundLocationTask", "task_mode": "mission", "task_name": "background-location-task"}
 INFO  [driver-telemetry] auth.refresh.endpoint_used {"endpoint": "refresh-token", "source": "core.api.client"}
 INFO  [driver-telemetry] driver.network.profile {"network_profile_active": "offline", "recommended_sync_interval_ms": 30000, "source": "core.api.client"}
 INFO  [driver-telemetry] driver.http.timeout {"endpoint": "/driver/me/bookings/since", "network_profile_active": "offline", "source": "core.api.client", "timeout_ms": 2500}
 INFO  [driver-telemetry] driver.http.fail_fast_offline {"connected": false, "endpoint": "/driver/me/bookings/since", "internet_reachable": false, "network_type": "fallback", "source": "core.api.client"}
 INFO  [driver-telemetry] driver.runtime.reconcile.failure {"context_id": "driver:19", "reason": "reconcile_failed", "source": "driver.sync.orchestrator", "trigger": "reconnect"}
 INFO  [driver-telemetry] tracking.ingest.ack {"accept_reason": "", "ack_status": "persisted", "durability": "persisted_sync", "flush_path": "http_fallback", "mission_id": 27, "queue_item_id": "trk_1786874669496_z0r22iwi", "source": "driver.tracking.queue", "trace_id": "mob_msvn1j2f_7mhivbtr"}
 INFO  [driver-telemetry] driver.network.profile {"network_profile_active": "offline", "recommended_sync_interval_ms": 30000, "source": "core.api.client"}
 INFO  [driver-telemetry] driver.http.timeout {"endpoint": "/driver/me/location", "network_profile_active": "offline", "source": "core.api.client", "timeout_ms": 28000}
 INFO  [driver-telemetry] tracking.ingest.ack {"accept_reason": "", "ack_status": "persisted", "durability": "persisted_sync", "flush_path": "http_fallback", "mission_id": 27, "queue_item_id": "trk_1786874669517_ieh1516f", "source": "driver.tracking.queue", "trace_id": "mob_msvn1md6_hugpyggi"}
 INFO  [driver-telemetry] tracking.queue.flush {"backend_acked": 2, "dropped": 0, "flush_path": "http_fallback", "network_profile_active": "normal", "oldest_item_age_ms": 4414, "queue_depth": 0, "retried": 0, "sent": 2, "socket_emitted": 0, "source": "driver.tracking.queue", "tracking_queue_oldest_age_ms": 4414}
 INFO  [driver-telemetry] tracking.flush.transport {"backend_acked": 2, "sent": 2, "socket_emitted": 0, "source": "driver.tracking.queue", "transport": "http"}
 INFO  [driver-telemetry] tracking.bridge.health {"backend_ack_latency_ms": 24395, "mission_id": 27, "network_profile_active": "normal", "oldest_item_age_ms": 4425, "queue_depth": 0, "socket_emit_without_backend_ack_total": 0, "source": "driver.tracking.bridge", "tracking_flush_batch_size": 2}
 INFO  [driver-telemetry] tracking.queue.flush {"backend_acked": 0, "dropped": 0, "flush_path": "http_fallback", "network_profile_active": "poor", "oldest_item_age_ms": null, "queue_depth": 0, "retried": 0, "sent": 0, "socket_emitted": 0, "source": "driver.tracking.queue", "tracking_queue_oldest_age_ms": null}
 INFO  [driver-telemetry] tracking.flush.transport {"backend_acked": 0, "sent": 0, "socket_emitted": 0, "source": "driver.tracking.queue", "transport": "http"}
 INFO  [FCM-GATE] register effect start {"enabled": true, "fcmEnabled": true, "source": "driver.notifications.bridge", "stage": "app_foreground"}
 INFO  [driver-telemetry] driver.foreground.resume.resync {"context_id": "driver:19", "foreground_resume_resync_total": 1, "source": "driver.sync_engine"}
 INFO  [driver-telemetry] driver.runtime.resume.start {"app_state": "active", "context_id": "driver:19", "resume_attempt_id": "driver:19:1786874677056:6", "source": "driver.runtime.resume"}
 INFO  [driver-telemetry] tracking.device_health.send_skipped {"age_ms": 37573, "reason": "throttled", "source": "driver.device_health", "trigger_reason": null}
 INFO  [driver-telemetry] tracking.send.skipped {"app_state": "active", "mission_id": 27, "reason": "no_position_fix", "source": "driver.tracking.bridge"}
 INFO  [driver-telemetry] tracking.device_health.send_skipped {"age_ms": 37625, "reason": "throttled", "source": "driver.device_health", "trigger_reason": "health_monitor_ok"}
 INFO  [FCM-GATE] requesting token {"source": "driver.notifications.bridge", "stage": "app_foreground"}
 INFO  [driver-telemetry] driver.push.fcm.get_token_start {"platform": "android", "source": "driver.firebaseMessaging"}
 INFO  [FCM-GATE] getDriverFcmToken start {"platform": "android"}
 INFO  [FCM-GATE] getToken success {"tokenLength": 142}
 INFO  [driver-telemetry] driver.push.fcm.token {"source": "driver.firebaseMessaging", "token_present": true}
 INFO  [FCM-GATE] token received {"source": "driver.notifications.bridge", "stage": "app_foreground", "tokenLength": 142}
 INFO  [driver-telemetry] driver_push.token_acquired {"provider": "fcm", "source": "driver.notifications.bridge", "stage": "app_foreground", "token_length": 142}
 INFO  [FCM-GATE] posting token {"provider": "fcm", "source": "driver.notifications.bridge", "stage": "app_foreground"}
 INFO  [driver-telemetry] driver.network.profile {"network_profile_active": "offline", "recommended_sync_interval_ms": 30000, "source": "core.api.client"}
 INFO  [driver-telemetry] driver.http.timeout {"endpoint": "/driver/me/telemetry/push", "network_profile_active": "offline", "source": "core.api.client", "timeout_ms": 2500}
 INFO  [driver-telemetry] driver.network.profile {"network_profile_active": "offline", "recommended_sync_interval_ms": 30000, "source": "core.api.client"}
 INFO  [driver-telemetry] driver.http.timeout {"endpoint": "/driver/save-push-token", "network_profile_active": "offline", "source": "core.api.client", "timeout_ms": 2500}
 INFO  [driver-telemetry] push.token.registered {"provider": "fcm", "source": "driver.notifications.bridge"}
 INFO  [driver-telemetry] driver_push.register_success {"provider": "fcm", "source": "driver.notifications.bridge"}
 INFO  [driver-telemetry] driver.network.profile {"network_profile_active": "offline", "recommended_sync_interval_ms": 30000, "source": "core.api.client"}
 INFO  [driver-telemetry] driver.http.timeout {"endpoint": "/driver/me/telemetry/push", "network_profile_active": "offline", "source": "core.api.client", "timeout_ms": 2500}
 INFO  [driver-telemetry] auth.refresh.endpoint_used {"endpoint": "refresh-token", "source": "core.api.client"}
 INFO  [perf-kpi] perf.realtime.notify {"duration_ms": 0, "listener_count": 3, "role": "driver", "screen": "/", "source": "perf.instrumentation", "timestamp_client": "2026-08-16T10:04:37.303Z"}
 INFO  [driver-telemetry] realtime.transport.state {"actual_transport": "polling", "connected": true, "mode": "socket", "source": "core.realtime.manager", "transport_authority": "polling"}
 INFO  [perf-kpi] perf.realtime.notify {"duration_ms": 1, "listener_count": 3, "role": "driver", "screen": "/", "source": "perf.instrumentation", "timestamp_client": "2026-08-16T10:04:37.306Z"}
 LOG  [DriverSocket] {"contextId": "driver:19", "hasToken": true, "path": "/socket.io", "socketUrl": "http://127.0.0.1:15100", "surface": "driver", "transports": ["websocket", "polling"], "urlEnvSource": "EXPO_PUBLIC_DRIVER_SOCKET_URL"}
 INFO  [driver-telemetry] tracking.session.readiness {"readiness": "CREATING", "reason": "session_conflict", "session_generation": 920, "source": "driver.tracking.queue", "tracking_session_id": "trk_sess_1786874669296_cfddgt1c"}
 INFO  [driver-telemetry] driver.network.profile {"network_profile_active": "offline", "recommended_sync_interval_ms": 30000, "source": "core.api.client"}
 INFO  [driver-telemetry] driver.http.timeout {"endpoint": "/driver/me/bookings/since", "network_profile_active": "offline", "source": "core.api.client", "timeout_ms": 2500}
 INFO  [driver-telemetry] driver.http.fail_fast_offline {"connected": false, "endpoint": "/driver/me/bookings/since", "internet_reachable": false, "network_type": "fallback", "source": "core.api.client"}
 INFO  [driver-telemetry] driver.runtime.resume.failure {"context_id": "driver:19", "reason": "resume_failed", "resume_attempt_id": "driver:19:1786874677056:6", "retry_count": 1, "source": "driver.runtime.resume", "will_retry": true}
 INFO  [driver-telemetry] tracking.session.readiness {"readiness": "REGISTERING", "reason": "session_conflict", "session_generation": null, "source": "driver.tracking.queue", "tracking_session_id": "trk_sess_1786874677309_cjgay6of"}
 INFO  [driver-telemetry] tracking.session.readiness {"readiness": "REGISTERING", "reason": "register_start", "session_generation": null, "source": "driver.tracking.queue", "tracking_session_id": "trk_sess_1786874677309_cjgay6of"}
 INFO  [driver-telemetry] driver.network.profile {"network_profile_active": "offline", "recommended_sync_interval_ms": 30000, "source": "core.api.client"}
 INFO  [driver-telemetry] driver.http.timeout {"endpoint": "/driver/me/tracking/sessions", "network_profile_active": "offline", "source": "core.api.client", "timeout_ms": 2500}
 INFO  [perf-kpi] perf.runtime.socket_reconnect_failed_total {"context_id": "driver:19", "source": "perf.runtime_stability", "timestamp_client": "2026-08-16T10:04:37.323Z", "total": 15}
 INFO  [driver-telemetry] realtime.transport.state {"actual_transport": "polling", "connected": false, "mode": "polling", "source": "core.realtime.manager", "transport_authority": "degraded"}
 INFO  [perf-kpi] perf.realtime.notify {"duration_ms": 0, "listener_count": 3, "role": "driver", "screen": "/", "source": "perf.instrumentation", "timestamp_client": "2026-08-16T10:04:37.325Z"}
 INFO  [driver-telemetry] realtime.socket.disconnect {"context_id": "driver:19", "reason": "websocket error", "source": "core.realtime.manager"}
 INFO  [driver-telemetry] realtime.transport.mismatch {"actual_transport": "polling", "context_id": "driver:19", "desired_transport": "socket", "source": "core.realtime.manager"}
 INFO  [driver-telemetry] realtime.reconnect.circuit_breaker_blocked {"context_id": "driver:19", "source": "core.realtime.manager"}
 INFO  [driver-telemetry] tracking.queue.flush {"backend_acked": 0, "dropped": 0, "flush_path": "http_fallback", "network_profile_active": "normal", "oldest_item_age_ms": null, "queue_depth": 0, "retried": 0, "sent": 0, "socket_emitted": 0, "source": "driver.tracking.queue", "tracking_queue_oldest_age_ms": null}
 INFO  [driver-telemetry] tracking.flush.transport {"backend_acked": 0, "sent": 0, "socket_emitted": 0, "source": "driver.tracking.queue", "transport": "http"}
 INFO  [driver-telemetry] auth.refresh.failure {"error_code": "too_many_requests", "reason": "Request failed with status code 429", "source": "core.api.client", "status": 429}
 INFO  [perf-kpi] perf.realtime.notify {"duration_ms": 0, "listener_count": 3, "role": "driver", "screen": "/", "source": "perf.instrumentation", "timestamp_client": "2026-08-16T10:04:37.362Z"}
 INFO  [driver-telemetry] realtime.transport.state {"actual_transport": "polling", "connected": true, "mode": "socket", "source": "core.realtime.manager", "transport_authority": "polling"}
 INFO  [perf-kpi] perf.realtime.notify {"duration_ms": 0, "listener_count": 3, "role": "driver", "screen": "/", "source": "perf.instrumentation", "timestamp_client": "2026-08-16T10:04:37.363Z"}
 LOG  [DriverSocket] {"contextId": "driver:19", "hasToken": true, "path": "/socket.io", "socketUrl": "http://127.0.0.1:15100", "surface": "driver", "transports": ["websocket", "polling"], "urlEnvSource": "EXPO_PUBLIC_DRIVER_SOCKET_URL"}
 INFO  [driver-telemetry] tracking.session.readiness {"readiness": "READY", "reason": "register_ok", "session_generation": 921, "source": "driver.tracking.queue", "tracking_session_id": "trk_sess_1786874677309_cjgay6of"}
 INFO  [driver-telemetry] tracking.session.reconciled {"previous_session_id": "trk_sess_1786874669296_cfddgt1c", "readiness": "READY", "rebound_count": 0, "released_socket_count": 0, "source": "driver.tracking.queue", "tracking_session_id": "trk_sess_1786874677309_cjgay6of"}
 INFO  [driver-telemetry] tracking.queue.flush {"backend_acked": 0, "dropped": 0, "flush_path": "http_fallback", "network_profile_active": "normal", "oldest_item_age_ms": null, "queue_depth": 0, "retried": 0, "sent": 0, "socket_emitted": 0, "source": "driver.tracking.queue", "tracking_queue_oldest_age_ms": null}
 INFO  [driver-telemetry] tracking.flush.transport {"backend_acked": 0, "sent": 0, "socket_emitted": 0, "source": "driver.tracking.queue", "transport": "http"}
 INFO  [perf-kpi] perf.runtime.socket_reconnect_failed_total {"context_id": "driver:19", "source": "perf.runtime_stability", "timestamp_client": "2026-08-16T10:04:37.376Z", "total": 16}
 INFO  [driver-telemetry] realtime.transport.state {"actual_transport": "polling", "connected": false, "mode": "polling", "source": "core.realtime.manager", "transport_authority": "degraded"}
 INFO  [perf-kpi] perf.realtime.notify {"duration_ms": 0, "listener_count": 3, "role": "driver", "screen": "/", "source": "perf.instrumentation", "timestamp_client": "2026-08-16T10:04:37.377Z"}
 INFO  [driver-telemetry] realtime.socket.disconnect {"context_id": "driver:19", "reason": "websocket error", "source": "core.realtime.manager"}
 INFO  [driver-telemetry] realtime.transport.mismatch {"actual_transport": "polling", "context_id": "driver:19", "desired_transport": "socket", "source": "core.realtime.manager"}
 INFO  [driver-telemetry] realtime.reconnect.circuit_breaker_blocked {"context_id": "driver:19", "source": "core.realtime.manager"}
 INFO  [driver-telemetry] driver.network.profile {"network_profile_active": "offline", "recommended_sync_interval_ms": 30000, "source": "core.api.client"}
 INFO  [driver-telemetry] driver.http.timeout {"endpoint": "/driver/me/bookings/since", "network_profile_active": "offline", "source": "core.api.client", "timeout_ms": 2500}
 INFO  [driver-telemetry] driver.http.fail_fast_offline {"connected": false, "endpoint": "/driver/me/bookings/since", "internet_reachable": false, "network_type": "fallback", "source": "core.api.client"}
 INFO  [driver-telemetry] driver.runtime.resume.failure {"context_id": "driver:19", "reason": "resume_failed", "resume_attempt_id": "driver:19:1786874677056:6", "retry_count": 2, "source": "driver.runtime.resume", "will_retry": false}
 INFO  [driver-telemetry] driver.network.profile {"network_profile_active": "offline", "recommended_sync_interval_ms": 30000, "source": "core.api.client"}
 INFO  [driver-telemetry] driver.http.timeout {"endpoint": "/driver/me/bookings/since", "network_profile_active": "offline", "source": "core.api.client", "timeout_ms": 2500}
 INFO  [driver-telemetry] driver.http.fail_fast_offline {"connected": false, "endpoint": "/driver/me/bookings/since", "internet_reachable": false, "network_type": "fallback", "source": "core.api.client"}
 INFO  [driver-telemetry] driver.runtime.reconcile.failure {"context_id": "driver:19", "reason": "reconcile_failed", "source": "driver.sync.orchestrator", "trigger": "reconnect"}
 INFO  [driver-telemetry] driver.network.tick {"app_state": "active", "context_id": "driver:19", "driver_network_tick_total": 1, "mission_presence": "relevant", "network_activity_authority": "mission_active_loop", "network_profile_active": "offline", "source": "driver.realtime"}
 INFO  [driver-telemetry] driver.network.profile {"context_id": "driver:19", "network_profile_active": "offline", "recommended_sync_interval_ms": 30000, "source": "driver.realtime"}
 INFO  [driver-telemetry] driver.network.wake {"context_id": "driver:19", "driver_network_wake_cause": "polling_tick", "network_activity_authority": "mission_active_loop", "source": "driver.realtime"}
 INFO  [driver-telemetry] driver.network.profile {"network_profile_active": "offline", "recommended_sync_interval_ms": 30000, "source": "core.api.client"}
 INFO  [driver-telemetry] driver.http.timeout {"endpoint": "/driver/me/bookings", "network_profile_active": "offline", "source": "core.api.client", "timeout_ms": 2500}
 INFO  [driver-telemetry] realtime.transport.state {"actual_transport": "polling", "connected": false, "mode": "polling", "source": "core.realtime.manager", "transport_authority": "polling"}
 INFO  [perf-kpi] perf.realtime.notify {"duration_ms": 0, "listener_count": 3, "role": "driver", "screen": "/", "source": "perf.instrumentation", "timestamp_client": "2026-08-16T10:04:41.043Z"}
 INFO  [driver-telemetry] realtime.transport.authority {"reason": "full_polling_tick", "source": "core.realtime.manager", "transport_authority": "polling"}
 INFO  [driver-telemetry] realtime.polling.full_refetch {"context_id": "driver:19", "driver_http_calls_per_hour": 1, "mission_poll_full_refetch_total": 1, "network_activity_authority": "mission_active_loop", "source": "driver.realtime"}
 INFO  [driver-telemetry] realtime.mission.freshness {"context_id": "driver:19", "mission_state_freshness_ms": 650045, "realtime_transport_mode": "polling", "source": "driver.realtime.polling"}
 INFO  [FCM-GATE] register effect start {"enabled": true, "fcmEnabled": true, "source": "driver.notifications.bridge", "stage": "app_foreground"}
 INFO  [driver-telemetry] driver.foreground.resume.resync {"context_id": "driver:19", "foreground_resume_resync_total": 1, "source": "driver.sync_engine"}
 INFO  [driver-telemetry] driver.runtime.resume.start {"app_state": "active", "context_id": "driver:19", "resume_attempt_id": "driver:19:1786874685164:7", "source": "driver.runtime.resume"}
 INFO  [driver-telemetry] tracking.device_health.send_skipped {"age_ms": 45687, "reason": "throttled", "source": "driver.device_health", "trigger_reason": null}
 INFO  [driver-telemetry] tracking.send.skipped {"app_state": "active", "mission_id": 27, "reason": "no_position_fix", "source": "driver.tracking.bridge"}
 INFO  [driver-telemetry] tracking.device_health.send_skipped {"age_ms": 45763, "reason": "throttled", "source": "driver.device_health", "trigger_reason": "health_monitor_ok"}
 INFO  [FCM-GATE] requesting token {"source": "driver.notifications.bridge", "stage": "app_foreground"}
 INFO  [driver-telemetry] driver.push.fcm.get_token_start {"platform": "android", "source": "driver.firebaseMessaging"}
 INFO  [FCM-GATE] getDriverFcmToken start {"platform": "android"}
 INFO  [FCM-GATE] getToken success {"tokenLength": 142}
 INFO  [driver-telemetry] driver.push.fcm.token {"source": "driver.firebaseMessaging", "token_present": true}
 INFO  [FCM-GATE] token received {"source": "driver.notifications.bridge", "stage": "app_foreground", "tokenLength": 142}
 INFO  [driver-telemetry] driver_push.token_acquired {"provider": "fcm", "source": "driver.notifications.bridge", "stage": "app_foreground", "token_length": 142}
 INFO  [FCM-GATE] posting token {"provider": "fcm", "source": "driver.notifications.bridge", "stage": "app_foreground"}
 INFO  [driver-telemetry] driver.network.profile {"network_profile_active": "offline", "recommended_sync_interval_ms": 30000, "source": "core.api.client"}
 INFO  [driver-telemetry] driver.http.timeout {"endpoint": "/driver/me/telemetry/push", "network_profile_active": "offline", "source": "core.api.client", "timeout_ms": 2500}
 INFO  [driver-telemetry] driver.network.profile {"network_profile_active": "offline", "recommended_sync_interval_ms": 30000, "source": "core.api.client"}
 INFO  [driver-telemetry] driver.http.timeout {"endpoint": "/driver/save-push-token", "network_profile_active": "offline", "source": "core.api.client", "timeout_ms": 2500}
 INFO  [perf-kpi] perf.realtime.notify {"duration_ms": 0, "listener_count": 3, "role": "driver", "screen": "/", "source": "perf.instrumentation", "timestamp_client": "2026-08-16T10:04:45.276Z"}
 INFO  [driver-telemetry] realtime.transport.state {"actual_transport": "polling", "connected": true, "mode": "socket", "source": "core.realtime.manager", "transport_authority": "polling"}
 INFO  [perf-kpi] perf.realtime.notify {"duration_ms": 1, "listener_count": 3, "role": "driver", "screen": "/", "source": "perf.instrumentation", "timestamp_client": "2026-08-16T10:04:45.278Z"}
 LOG  [DriverSocket] {"contextId": "driver:19", "hasToken": true, "path": "/socket.io", "socketUrl": "http://127.0.0.1:15100", "surface": "driver", "transports": ["websocket", "polling"], "urlEnvSource": "EXPO_PUBLIC_DRIVER_SOCKET_URL"}
 INFO  [driver-telemetry] tracking.session.readiness {"readiness": "CREATING", "reason": "session_conflict", "session_generation": 921, "source": "driver.tracking.queue", "tracking_session_id": "trk_sess_1786874677309_cjgay6of"}
 INFO  [driver-telemetry] tracking.session.readiness {"readiness": "REGISTERING", "reason": "session_conflict", "session_generation": null, "source": "driver.tracking.queue", "tracking_session_id": "trk_sess_1786874685280_v6tj5b1r"}
 INFO  [driver-telemetry] tracking.session.readiness {"readiness": "REGISTERING", "reason": "register_start", "session_generation": null, "source": "driver.tracking.queue", "tracking_session_id": "trk_sess_1786874685280_v6tj5b1r"}
 INFO  [driver-telemetry] driver.network.profile {"network_profile_active": "offline", "recommended_sync_interval_ms": 30000, "source": "core.api.client"}
 INFO  [driver-telemetry] driver.http.timeout {"endpoint": "/driver/me/tracking/sessions", "network_profile_active": "offline", "source": "core.api.client", "timeout_ms": 2500}
 INFO  [driver-telemetry] driver.network.profile {"network_profile_active": "offline", "recommended_sync_interval_ms": 30000, "source": "core.api.client"}
 INFO  [driver-telemetry] driver.http.timeout {"endpoint": "/driver/me/bookings/since", "network_profile_active": "offline", "source": "core.api.client", "timeout_ms": 2500}
 INFO  [driver-telemetry] driver.http.fail_fast_offline {"connected": false, "endpoint": "/driver/me/bookings/since", "internet_reachable": false, "network_type": "fallback", "source": "core.api.client"}
 INFO  [driver-telemetry] driver.runtime.resume.failure {"context_id": "driver:19", "reason": "resume_failed", "resume_attempt_id": "driver:19:1786874685164:7", "retry_count": 1, "source": "driver.runtime.resume", "will_retry": true}
 INFO  [perf-kpi] perf.runtime.socket_reconnect_failed_total {"context_id": "driver:19", "source": "perf.runtime_stability", "timestamp_client": "2026-08-16T10:04:45.309Z", "total": 17}
 INFO  [driver-telemetry] realtime.transport.state {"actual_transport": "polling", "connected": false, "mode": "polling", "source": "core.realtime.manager", "transport_authority": "degraded"}
 INFO  [perf-kpi] perf.realtime.notify {"duration_ms": 0, "listener_count": 3, "role": "driver", "screen": "/", "source": "perf.instrumentation", "timestamp_client": "2026-08-16T10:04:45.311Z"}
 INFO  [driver-telemetry] realtime.socket.disconnect {"context_id": "driver:19", "reason": "websocket error", "source": "core.realtime.manager"}
 INFO  [driver-telemetry] realtime.transport.mismatch {"actual_transport": "polling", "context_id": "driver:19", "desired_transport": "socket", "source": "core.realtime.manager"}
 INFO  [driver-telemetry] realtime.reconnect.circuit_breaker_blocked {"context_id": "driver:19", "source": "core.realtime.manager"}
 INFO  [driver-telemetry] tracking.queue.flush {"backend_acked": 0, "dropped": 0, "flush_path": "http_fallback", "network_profile_active": "normal", "oldest_item_age_ms": null, "queue_depth": 0, "retried": 0, "sent": 0, "socket_emitted": 0, "source": "driver.tracking.queue", "tracking_queue_oldest_age_ms": null}
 INFO  [driver-telemetry] tracking.flush.transport {"backend_acked": 0, "sent": 0, "socket_emitted": 0, "source": "driver.tracking.queue", "transport": "http"}
 INFO  [driver-telemetry] push.token.registered {"provider": "fcm", "source": "driver.notifications.bridge"}
 INFO  [driver-telemetry] driver_push.register_success {"provider": "fcm", "source": "driver.notifications.bridge"}
 INFO  [driver-telemetry] driver.network.profile {"network_profile_active": "offline", "recommended_sync_interval_ms": 30000, "source": "core.api.client"}
 INFO  [driver-telemetry] driver.http.timeout {"endpoint": "/driver/me/telemetry/push", "network_profile_active": "offline", "source": "core.api.client", "timeout_ms": 2500}
 INFO  [perf-kpi] perf.realtime.notify {"duration_ms": 1, "listener_count": 3, "role": "driver", "screen": "/", "source": "perf.instrumentation", "timestamp_client": "2026-08-16T10:04:45.359Z"}
 INFO  [driver-telemetry] realtime.transport.state {"actual_transport": "polling", "connected": true, "mode": "socket", "source": "core.realtime.manager", "transport_authority": "polling"}
 INFO  [perf-kpi] perf.realtime.notify {"duration_ms": 1, "listener_count": 3, "role": "driver", "screen": "/", "source": "perf.instrumentation", "timestamp_client": "2026-08-16T10:04:45.361Z"}
 LOG  [DriverSocket] {"contextId": "driver:19", "hasToken": true, "path": "/socket.io", "socketUrl": "http://127.0.0.1:15100", "surface": "driver", "transports": ["websocket", "polling"], "urlEnvSource": "EXPO_PUBLIC_DRIVER_SOCKET_URL"}
 INFO  [perf-kpi] perf.runtime.socket_reconnect_failed_total {"context_id": "driver:19", "source": "perf.runtime_stability", "timestamp_client": "2026-08-16T10:04:45.381Z", "total": 18}
 INFO  [driver-telemetry] realtime.transport.state {"actual_transport": "polling", "connected": false, "mode": "polling", "source": "core.realtime.manager", "transport_authority": "degraded"}
 INFO  [perf-kpi] perf.realtime.notify {"duration_ms": 1, "listener_count": 3, "role": "driver", "screen": "/", "source": "perf.instrumentation", "timestamp_client": "2026-08-16T10:04:45.384Z"}
 INFO  [driver-telemetry] realtime.socket.disconnect {"context_id": "driver:19", "reason": "websocket error", "source": "core.realtime.manager"}
 INFO  [driver-telemetry] realtime.transport.mismatch {"actual_transport": "polling", "context_id": "driver:19", "desired_transport": "socket", "source": "core.realtime.manager"}
 INFO  [driver-telemetry] realtime.reconnect.circuit_breaker_blocked {"context_id": "driver:19", "source": "core.realtime.manager"}
 INFO  [driver-telemetry] driver.network.profile {"network_profile_active": "offline", "recommended_sync_interval_ms": 30000, "source": "core.api.client"}
 INFO  [driver-telemetry] driver.http.timeout {"endpoint": "/driver/me/bookings/since", "network_profile_active": "offline", "source": "core.api.client", "timeout_ms": 2500}
 INFO  [driver-telemetry] driver.http.fail_fast_offline {"connected": false, "endpoint": "/driver/me/bookings/since", "internet_reachable": false, "network_type": "fallback", "source": "core.api.client"}
 INFO  [driver-telemetry] driver.runtime.resume.failure {"context_id": "driver:19", "reason": "resume_failed", "resume_attempt_id": "driver:19:1786874685164:7", "retry_count": 2, "source": "driver.runtime.resume", "will_retry": false}
 INFO  [driver-telemetry] tracking.session.readiness {"readiness": "READY", "reason": "register_ok", "session_generation": 922, "source": "driver.tracking.queue", "tracking_session_id": "trk_sess_1786874685280_v6tj5b1r"}
 INFO  [driver-telemetry] tracking.session.reconciled {"previous_session_id": "trk_sess_1786874677309_cjgay6of", "readiness": "READY", "rebound_count": 0, "released_socket_count": 0, "source": "driver.tracking.queue", "tracking_session_id": "trk_sess_1786874685280_v6tj5b1r"}
 INFO  [driver-telemetry] tracking.queue.flush {"backend_acked": 0, "dropped": 0, "flush_path": "http_fallback", "network_profile_active": "normal", "oldest_item_age_ms": null, "queue_depth": 0, "retried": 0, "sent": 0, "socket_emitted": 0, "source": "driver.tracking.queue", "tracking_queue_oldest_age_ms": null}
 INFO  [driver-telemetry] tracking.flush.transport {"backend_acked": 0, "sent": 0, "socket_emitted": 0, "source": "driver.tracking.queue", "transport": "http"}
 INFO  [driver-telemetry] driver.network.profile {"network_profile_active": "offline", "recommended_sync_interval_ms": 30000, "source": "core.api.client"}
 INFO  [driver-telemetry] driver.http.timeout {"endpoint": "/driver/me/bookings/since", "network_profile_active": "offline", "source": "core.api.client", "timeout_ms": 2500}
 INFO  [driver-telemetry] driver.http.fail_fast_offline {"connected": false, "endpoint": "/driver/me/bookings/since", "internet_reachable": false, "network_type": "fallback", "source": "core.api.client"}
 INFO  [driver-telemetry] driver.runtime.reconcile.failure {"context_id": "driver:19", "reason": "reconcile_failed", "source": "driver.sync.orchestrator", "trigger": "reconnect"}
 INFO  [driver-telemetry] tracking.auth.presence.ensure_headless {"driver_id": 19, "kind": "SESSION_AVAILABLE", "path": "memory_cache"}
 INFO  [driver-telemetry] tracking.background.task_invoked {"locations_count": 1, "mission_id": 27, "source": "driver.services.backgroundLocationTask", "task_mode": "mission", "task_name": "background-location-task", "timestamp": 1786874689736}
 INFO  [driver-telemetry] tracking.queue.enqueued {"app_state": "background", "location_mode": "mission_live", "mission_id": 27, "oldest_item_age_ms": 19, "queue_depth": 1, "sequence_id": 1, "source": "driver.tracking.queue", "tracking_session_id": "trk_sess_1786874685280_v6tj5b1r"}
 INFO  [driver-telemetry] driver.network.profile {"network_profile_active": "offline", "recommended_sync_interval_ms": 30000, "source": "core.api.client"}
 INFO  [driver-telemetry] driver.http.timeout {"endpoint": "/driver/me/location", "network_profile_active": "offline", "source": "core.api.client", "timeout_ms": 28000}
 INFO  [driver-telemetry] tracking.ingest.ack {"accept_reason": "", "ack_status": "persisted", "durability": "persisted_sync", "flush_path": "http_fallback", "mission_id": 27, "queue_item_id": "trk_1786874689738_znndqgof", "source": "driver.tracking.queue", "trace_id": "mob_msvn1yov_nwkvnxfp"}
 INFO  [driver-telemetry] tracking.queue.flush {"backend_acked": 1, "dropped": 0, "flush_path": "http_fallback", "network_profile_active": "poor", "oldest_item_age_ms": 163, "queue_depth": 0, "retried": 0, "sent": 1, "socket_emitted": 0, "source": "driver.tracking.queue", "tracking_queue_oldest_age_ms": 163}
 INFO  [driver-telemetry] tracking.flush.transport {"backend_acked": 1, "sent": 1, "socket_emitted": 0, "source": "driver.tracking.queue", "transport": "http"}
 INFO  [driver-telemetry] tracking.background.task.flush {"backend_acked": 1, "dropped": 0, "mission_id": 27, "network_profile_active": "poor", "queue_depth": 0, "sent": 1, "socket_emitted": 0, "source": "driver.services.backgroundLocationTask", "task_mode": "mission", "task_name": "background-location-task"}
 INFO  [FCM-GATE] register effect start {"enabled": true, "fcmEnabled": true, "source": "driver.notifications.bridge", "stage": "app_foreground"}
 INFO  [driver-telemetry] driver.foreground.resume.resync {"context_id": "driver:19", "foreground_resume_resync_total": 1, "source": "driver.sync_engine"}
 INFO  [driver-telemetry] driver.runtime.resume.start {"app_state": "active", "context_id": "driver:19", "resume_attempt_id": "driver:19:1786874693276:8", "source": "driver.runtime.resume"}
 INFO  [perf-kpi] perf.js_long_task {"duration_ms": 100.22166699916124, "role": "driver", "screen": "/", "source": "perf.instrumentation", "timestamp_client": "2026-08-16T10:04:53.278Z"}
 INFO  [driver-telemetry] tracking.device_health.send_skipped {"age_ms": 53796, "reason": "throttled", "source": "driver.device_health", "trigger_reason": null}
 INFO  [driver-telemetry] tracking.device_health.send_skipped {"age_ms": 53837, "reason": "throttled", "source": "driver.device_health", "trigger_reason": "health_monitor_ok"}
 INFO  [FCM-GATE] requesting token {"source": "driver.notifications.bridge", "stage": "app_foreground"}
 INFO  [driver-telemetry] driver.push.fcm.get_token_start {"platform": "android", "source": "driver.firebaseMessaging"}
 INFO  [FCM-GATE] getDriverFcmToken start {"platform": "android"}
 INFO  [FCM-GATE] getToken success {"tokenLength": 142}
 INFO  [driver-telemetry] driver.push.fcm.token {"source": "driver.firebaseMessaging", "token_present": true}
 INFO  [FCM-GATE] token received {"source": "driver.notifications.bridge", "stage": "app_foreground", "tokenLength": 142}
 INFO  [driver-telemetry] driver_push.token_acquired {"provider": "fcm", "source": "driver.notifications.bridge", "stage": "app_foreground", "token_length": 142}
 INFO  [FCM-GATE] posting token {"provider": "fcm", "source": "driver.notifications.bridge", "stage": "app_foreground"}
 INFO  [driver-telemetry] driver.network.profile {"network_profile_active": "offline", "recommended_sync_interval_ms": 30000, "source": "core.api.client"}
 INFO  [driver-telemetry] driver.http.timeout {"endpoint": "/driver/me/telemetry/push", "network_profile_active": "offline", "source": "core.api.client", "timeout_ms": 2500}
 INFO  [driver-telemetry] auth.refresh.failure {"error_code": "too_many_requests", "reason": "Request failed with status code 429", "source": "core.api.client", "status": 429}
 INFO  [perf-kpi] perf.realtime.notify {"duration_ms": 1, "listener_count": 3, "role": "driver", "screen": "/", "source": "perf.instrumentation", "timestamp_client": "2026-08-16T10:04:53.359Z"}
 INFO  [driver-telemetry] realtime.transport.state {"actual_transport": "polling", "connected": true, "mode": "socket", "source": "core.realtime.manager", "transport_authority": "polling"}
 INFO  [perf-kpi] perf.realtime.notify {"duration_ms": 0, "listener_count": 3, "role": "driver", "screen": "/", "source": "perf.instrumentation", "timestamp_client": "2026-08-16T10:04:53.360Z"}
 LOG  [DriverSocket] {"contextId": "driver:19", "hasToken": true, "path": "/socket.io", "socketUrl": "http://127.0.0.1:15100", "surface": "driver", "transports": ["websocket", "polling"], "urlEnvSource": "EXPO_PUBLIC_DRIVER_SOCKET_URL"}
 INFO  [driver-telemetry] tracking.session.readiness {"readiness": "CREATING", "reason": "session_conflict", "session_generation": 922, "source": "driver.tracking.queue", "tracking_session_id": "trk_sess_1786874685280_v6tj5b1r"}
 INFO  [driver-telemetry] tracking.session.readiness {"readiness": "REGISTERING", "reason": "session_conflict", "session_generation": null, "source": "driver.tracking.queue", "tracking_session_id": "trk_sess_1786874693363_fd88qf2h"}
 INFO  [driver-telemetry] tracking.session.readiness {"readiness": "REGISTERING", "reason": "register_start", "session_generation": null, "source": "driver.tracking.queue", "tracking_session_id": "trk_sess_1786874693363_fd88qf2h"}
 INFO  [driver-telemetry] driver.network.profile {"network_profile_active": "offline", "recommended_sync_interval_ms": 30000, "source": "core.api.client"}
 INFO  [driver-telemetry] driver.http.timeout {"endpoint": "/driver/me/tracking/sessions", "network_profile_active": "offline", "source": "core.api.client", "timeout_ms": 2500}
 INFO  [driver-telemetry] driver.network.profile {"network_profile_active": "offline", "recommended_sync_interval_ms": 30000, "source": "core.api.client"}
 INFO  [driver-telemetry] driver.http.timeout {"endpoint": "/driver/save-push-token", "network_profile_active": "offline", "source": "core.api.client", "timeout_ms": 2500}
 INFO  [driver-telemetry] driver.network.profile {"network_profile_active": "offline", "recommended_sync_interval_ms": 30000, "source": "core.api.client"}
 INFO  [driver-telemetry] driver.http.timeout {"endpoint": "/driver/me/bookings/since", "network_profile_active": "offline", "source": "core.api.client", "timeout_ms": 2500}
 INFO  [driver-telemetry] driver.http.fail_fast_offline {"connected": false, "endpoint": "/driver/me/bookings/since", "internet_reachable": false, "network_type": "fallback", "source": "core.api.client"}
 INFO  [driver-telemetry] driver.runtime.resume.failure {"context_id": "driver:19", "reason": "resume_failed", "resume_attempt_id": "driver:19:1786874693276:8", "retry_count": 1, "source": "driver.runtime.resume", "will_retry": true}
 INFO  [perf-kpi] perf.runtime.socket_reconnect_failed_total {"context_id": "driver:19", "source": "perf.runtime_stability", "timestamp_client": "2026-08-16T10:04:53.381Z", "total": 19}
 INFO  [driver-telemetry] realtime.transport.state {"actual_transport": "polling", "connected": false, "mode": "polling", "source": "core.realtime.manager", "transport_authority": "degraded"}
 INFO  [perf-kpi] perf.realtime.notify {"duration_ms": 0, "listener_count": 3, "role": "driver", "screen": "/", "source": "perf.instrumentation", "timestamp_client": "2026-08-16T10:04:53.382Z"}
 INFO  [driver-telemetry] realtime.socket.disconnect {"context_id": "driver:19", "reason": "websocket error", "source": "core.realtime.manager"}
 INFO  [driver-telemetry] realtime.transport.mismatch {"actual_transport": "polling", "context_id": "driver:19", "desired_transport": "socket", "source": "core.realtime.manager"}
 INFO  [driver-telemetry] realtime.reconnect.circuit_breaker_blocked {"context_id": "driver:19", "source": "core.realtime.manager"}
 INFO  [driver-telemetry] tracking.queue.flush {"backend_acked": 0, "dropped": 0, "flush_path": "http_fallback", "network_profile_active": "normal", "oldest_item_age_ms": null, "queue_depth": 0, "retried": 0, "sent": 0, "socket_emitted": 0, "source": "driver.tracking.queue", "tracking_queue_oldest_age_ms": null}
 INFO  [driver-telemetry] tracking.flush.transport {"backend_acked": 0, "sent": 0, "socket_emitted": 0, "source": "driver.tracking.queue", "transport": "http"}
 INFO  [driver-telemetry] tracking.session.readiness {"readiness": "READY", "reason": "register_ok", "session_generation": 923, "source": "driver.tracking.queue", "tracking_session_id": "trk_sess_1786874693363_fd88qf2h"}
 INFO  [driver-telemetry] tracking.session.reconciled {"previous_session_id": "trk_sess_1786874685280_v6tj5b1r", "readiness": "READY", "rebound_count": 0, "released_socket_count": 0, "source": "driver.tracking.queue", "tracking_session_id": "trk_sess_1786874693363_fd88qf2h"}
 INFO  [driver-telemetry] tracking.queue.flush {"backend_acked": 0, "dropped": 0, "flush_path": "http_fallback", "network_profile_active": "normal", "oldest_item_age_ms": null, "queue_depth": 0, "retried": 0, "sent": 0, "socket_emitted": 0, "source": "driver.tracking.queue", "tracking_queue_oldest_age_ms": null}
 INFO  [driver-telemetry] tracking.flush.transport {"backend_acked": 0, "sent": 0, "socket_emitted": 0, "source": "driver.tracking.queue", "transport": "http"}
 INFO  [driver-telemetry] push.token.registered {"provider": "fcm", "source": "driver.notifications.bridge"}
 INFO  [driver-telemetry] driver_push.register_success {"provider": "fcm", "source": "driver.notifications.bridge"}
 INFO  [driver-telemetry] driver.network.profile {"network_profile_active": "offline", "recommended_sync_interval_ms": 30000, "source": "core.api.client"}
 INFO  [driver-telemetry] driver.http.timeout {"endpoint": "/driver/me/telemetry/push", "network_profile_active": "offline", "source": "core.api.client", "timeout_ms": 2500}
 INFO  [perf-kpi] perf.realtime.notify {"duration_ms": 1, "listener_count": 3, "role": "driver", "screen": "/", "source": "perf.instrumentation", "timestamp_client": "2026-08-16T10:04:53.458Z"}
 INFO  [driver-telemetry] realtime.transport.state {"actual_transport": "polling", "connected": true, "mode": "socket", "source": "core.realtime.manager", "transport_authority": "polling"}
 INFO  [perf-kpi] perf.realtime.notify {"duration_ms": 0, "listener_count": 3, "role": "driver", "screen": "/", "source": "perf.instrumentation", "timestamp_client": "2026-08-16T10:04:53.459Z"}
 LOG  [DriverSocket] {"contextId": "driver:19", "hasToken": true, "path": "/socket.io", "socketUrl": "http://127.0.0.1:15100", "surface": "driver", "transports": ["websocket", "polling"], "urlEnvSource": "EXPO_PUBLIC_DRIVER_SOCKET_URL"}
 INFO  [driver-telemetry] driver.network.profile {"network_profile_active": "offline", "recommended_sync_interval_ms": 30000, "source": "core.api.client"}
 INFO  [driver-telemetry] driver.http.timeout {"endpoint": "/driver/me/bookings/since", "network_profile_active": "offline", "source": "core.api.client", "timeout_ms": 2500}
 INFO  [driver-telemetry] driver.http.fail_fast_offline {"connected": false, "endpoint": "/driver/me/bookings/since", "internet_reachable": false, "network_type": "fallback", "source": "core.api.client"}
 INFO  [driver-telemetry] driver.runtime.resume.failure {"context_id": "driver:19", "reason": "resume_failed", "resume_attempt_id": "driver:19:1786874693276:8", "retry_count": 2, "source": "driver.runtime.resume", "will_retry": false}
 INFO  [perf-kpi] perf.runtime.socket_reconnect_failed_total {"context_id": "driver:19", "source": "perf.runtime_stability", "timestamp_client": "2026-08-16T10:04:53.481Z", "total": 20}
 INFO  [driver-telemetry] realtime.transport.state {"actual_transport": "polling", "connected": false, "mode": "polling", "source": "core.realtime.manager", "transport_authority": "degraded"}
 INFO  [perf-kpi] perf.realtime.notify {"duration_ms": 0, "listener_count": 3, "role": "driver", "screen": "/", "source": "perf.instrumentation", "timestamp_client": "2026-08-16T10:04:53.482Z"}
 INFO  [driver-telemetry] realtime.socket.disconnect {"context_id": "driver:19", "reason": "websocket error", "source": "core.realtime.manager"}
 INFO  [driver-telemetry] realtime.transport.mismatch {"actual_transport": "polling", "context_id": "driver:19", "desired_transport": "socket", "source": "core.realtime.manager"}
 INFO  [driver-telemetry] realtime.reconnect.circuit_breaker_blocked {"context_id": "driver:19", "source": "core.realtime.manager"}
 INFO  [driver-telemetry] driver.network.profile {"network_profile_active": "offline", "recommended_sync_interval_ms": 30000, "source": "core.api.client"}
 INFO  [driver-telemetry] driver.http.timeout {"endpoint": "/driver/me/bookings/since", "network_profile_active": "offline", "source": "core.api.client", "timeout_ms": 2500}
 INFO  [driver-telemetry] driver.http.fail_fast_offline {"connected": false, "endpoint": "/driver/me/bookings/since", "internet_reachable": false, "network_type": "fallback", "source": "core.api.client"}
 INFO  [driver-telemetry] driver.runtime.reconcile.failure {"context_id": "driver:19", "reason": "reconcile_failed", "source": "driver.sync.orchestrator", "trigger": "reconnect"}
 INFO  [perf-kpi] perf.instrumentation.aggregate {"notify_listeners_peak": 3, "row_count": 30, "source": "perf.instrumentation", "tier": "dev", "timestamp_client": "2026-08-16T10:04:54.971Z", "top_by_count": [{"avg_ms": 42.33159913302125, "category": "js_long_task", "count": 1316, "max_ms": 517.0027080029249, "p50_ms": 41.53984399884939, "p95_ms": 68.41312500089407, "role": "driver", "screen": "/", "sub_key": "frame_budget", "sum_ms": 55708.38445905596}, {"avg_ms": 0.45901639344262296, "category": "notify", "count": 61, "max_ms": 4, "p50_ms": 1, "p95_ms": 3, "role": "driver", "screen": "/", "sub_key": "lifecycle", "sum_ms": 28}, {"avg_ms": 0, "category": "http", "count": 29, "max_ms": 0, "p50_ms": 0, "p95_ms": 0, "role": "driver", "screen": "/", "sub_key": "/driver/me/bookings/since", "sum_ms": 0}, {"avg_ms": 0, "category": "http", "count": 27, "max_ms": 0, "p50_ms": 0, "p95_ms": 0, "role": "driver", "screen": "/", "sub_key": "/driver/me/telemetry/push", "sum_ms": 0}, {"avg_ms": 0, "category": "http", "count": 26, "max_ms": 0, "p50_ms": 0, "p95_ms": 0, "role": "driver", "screen": "/", "sub_key": "/auth/refresh-token", "sum_ms": 0}, {"avg_ms": 0, "category": "http", "count": 13, "max_ms": 0, "p50_ms": 0, "p95_ms": 0, "role": "driver", "screen": "/", "sub_key": "/driver/save-push-token", "sum_ms": 0}, {"avg_ms": 0, "category": "http", "count": 8, "max_ms": 0, "p50_ms": 0, "p95_ms": 0, "role": "driver", "screen": "/", "sub_key": "/driver/me/tracking/sessions", "sum_ms": 0}, {"avg_ms": 0, "category": "http", "count": 8, "max_ms": 0, "p50_ms": 0, "p95_ms": 0, "role": "driver", "screen": "/", "sub_key": "/driver/me/location", "sum_ms": 0}, {"avg_ms": 0, "category": "http", "count": 6, "max_ms": 0, "p50_ms": 0, "p95_ms": 0, "role": "driver", "screen": "/", "sub_key": "/messages/3", "sum_ms": 0}, {"avg_ms": 24.8918437987566, "category": "js_long_task", "count": 5, "max_ms": 33.602292001247406, "p50_ms": 25.013801999390125, "p95_ms": 33.602292001247406, "role": "unknown", "screen": "app.root", "sub_key": "frame_budget", "sum_ms": 124.459218993783}], "top_by_sum_ms": [{"avg_ms": 42.33159913302125, "category": "js_long_task", "count": 1316, "max_ms": 517.0027080029249, "p50_ms": 41.53984399884939, "p95_ms": 68.41312500089407, "role": "driver", "screen": "/", "sub_key": "frame_budget", "sum_ms": 55708.38445905596}, {"avg_ms": 1249, "category": "page_load", "count": 1, "max_ms": 1249, "p50_ms": 1249, "p95_ms": 1249, "role": "driver", "screen": "/", "sub_key": "driver.inbox", "sum_ms": 1249}, {"avg_ms": 437, "category": "page_load", "count": 1, "max_ms": 437, "p50_ms": 437, "p95_ms": 437, "role": "driver", "screen": "/", "sub_key": "driver.hub", "sum_ms": 437}, {"avg_ms": 434, "category": "page_load", "count": 1, "max_ms": 434, "p50_ms": 434, "p95_ms": 434, "role": "driver", "screen": "/", "sub_key": "driver.missions", "sum_ms": 434}, {"avg_ms": 24.8918437987566, "category": "js_long_task", "count": 5, "max_ms": 33.602292001247406, "p50_ms": 25.013801999390125, "p95_ms": 33.602292001247406, "role": "unknown", "screen": "app.root", "sub_key": "frame_budget", "sum_ms": 124.459218993783}, {"avg_ms": 0.45901639344262296, "category": "notify", "count": 61, "max_ms": 4, "p50_ms": 1, "p95_ms": 3, "role": "driver", "screen": "/", "sub_key": "lifecycle", "sum_ms": 28}, {"avg_ms": 0, "category": "http", "count": 3, "max_ms": 0, "p50_ms": 0, "p95_ms": 0, "role": "unknown", "screen": "app.root", "sub_key": "/driver/me/telemetry/push", "sum_ms": 0}, {"avg_ms": 0, "category": "http", "count": 1, "max_ms": 0, "p50_ms": 0, "p95_ms": 0, "role": "unknown", "screen": "app.root", "sub_key": "/auth/csrf-token", "sum_ms": 0}, {"avg_ms": 0, "category": "http", "count": 2, "max_ms": 0, "p50_ms": 0, "p95_ms": 0, "role": "unknown", "screen": "app.root", "sub_key": "/auth/refresh-token", "sum_ms": 0}, {"avg_ms": 0, "category": "http", "count": 1, "max_ms": 0, "p50_ms": 0, "p95_ms": 0, "role": "unknown", "screen": "app.root", "sub_key": "/auth/bootstrap", "sum_ms": 0}]}
 INFO  [driver-telemetry] driver.runtime.heartbeat {"app_state": "active", "context_id": "driver:19", "feature_flags_version": null, "mission_runtime_in_flight": 0, "mission_runtime_known": 1, "session_valid": true, "socket_connected": false, "source": "driver.hooks.realtime", "tracking_active": true, "tracking_queue_depth": 0}
 INFO  [driver-telemetry] driver.network.tick {"app_state": "active", "context_id": "driver:19", "driver_network_tick_total": 1, "mission_presence": "relevant", "network_activity_authority": "mission_active_loop", "network_profile_active": "offline", "source": "driver.realtime"}
 INFO  [driver-telemetry] driver.network.profile {"context_id": "driver:19", "network_profile_active": "offline", "recommended_sync_interval_ms": 30000, "source": "driver.realtime"}
 INFO  [driver-telemetry] driver.network.wake {"context_id": "driver:19", "driver_network_wake_cause": "polling_tick", "network_activity_authority": "mission_active_loop", "source": "driver.realtime"}
 INFO  [driver-telemetry] driver.network.tick.skipped {"context_id": "driver:19", "driver_network_tick_skipped_total": 1, "network_activity_authority": "mission_active_loop", "reason": "idle_rate_limit", "source": "driver.realtime"}
 INFO  [driver-telemetry] driver.network.tick {"app_state": "active", "context_id": "driver:19", "driver_network_tick_total": 1, "mission_presence": "relevant", "network_activity_authority": "mission_active_loop", "source": "driver.sync_engine"}
 INFO  [driver-telemetry] driver.network.wake {"context_id": "driver:19", "driver_network_wake_cause": "sync_engine", "network_activity_authority": "mission_active_loop", "source": "driver.sync_engine"}
 INFO  [driver-telemetry] driver.sync_engine.flush.skipped {"context_id": "driver:19", "reason": "queue_empty_or_tracking_idle", "source": "driver.sync_engine"}
 INFO  [driver-telemetry] realtime.transport.state {"actual_transport": "polling", "connected": false, "mode": "polling", "source": "core.realtime.manager", "transport_authority": "reconcile"}
 INFO  [perf-kpi] perf.realtime.notify {"duration_ms": 0, "listener_count": 3, "role": "driver", "screen": "/", "source": "perf.instrumentation", "timestamp_client": "2026-08-16T10:04:56.136Z"}
 INFO  [driver-telemetry] realtime.transport.authority {"reason": "sync_engine_tick", "source": "core.realtime.manager", "transport_authority": "reconcile"}
 INFO  [driver-telemetry] driver.sync_engine.heartbeat {"allow_gps_flush": false, "allow_socket": false, "app_state": "active", "context_id": "driver:19", "driver_sync_engine_active_ms": 30000, "interval_ms": 30000, "network_activity_authority": "mission_active_loop", "network_mode": "offline", "source": "driver.sync_engine"}
 INFO  [driver-telemetry] tracking.device_health.send_skipped {"age_ms": 56860, "reason": "throttled", "source": "driver.device_health", "trigger_reason": "health_monitor_ok"}
 INFO  [driver-telemetry] tracking.queue.enqueued {"app_state": "active", "location_mode": "mission_live", "mission_id": 27, "oldest_item_age_ms": 6, "queue_depth": 1, "sequence_id": 1, "source": "driver.tracking.queue", "tracking_session_id": "trk_sess_1786874693363_fd88qf2h"}
 INFO  [driver-telemetry] driver.network.profile {"network_profile_active": "offline", "recommended_sync_interval_ms": 30000, "source": "core.api.client"}
 INFO  [driver-telemetry] driver.http.timeout {"endpoint": "/driver/me/location", "network_profile_active": "offline", "source": "core.api.client", "timeout_ms": 28000}
 INFO  [driver-telemetry] tracking.ingest.ack {"accept_reason": "", "ack_status": "persisted", "durability": "persisted_sync", "flush_path": "http_fallback", "mission_id": 27, "queue_item_id": "trk_1786874696356_6ainedn9", "source": "driver.tracking.queue", "trace_id": "mob_msvn23sc_ta7k2crd"}
 INFO  [driver-telemetry] tracking.queue.flush {"backend_acked": 1, "dropped": 0, "flush_path": "http_fallback", "network_profile_active": "offline", "oldest_item_age_ms": 138, "queue_depth": 0, "retried": 0, "sent": 1, "socket_emitted": 0, "source": "driver.tracking.queue", "tracking_queue_oldest_age_ms": 138}
 INFO  [driver-telemetry] tracking.flush.transport {"backend_acked": 1, "sent": 1, "socket_emitted": 0, "source": "driver.tracking.queue", "transport": "http"}
 INFO  [driver-telemetry] tracking.bridge.health {"backend_ack_latency_ms": 2328, "mission_id": 27, "network_profile_active": "offline", "oldest_item_age_ms": 139, "queue_depth": 0, "socket_emit_without_backend_ack_total": 0, "source": "driver.tracking.bridge", "tracking_flush_batch_size": 1}
 INFO  [driver-telemetry] driver.network.profile {"network_profile_active": "offline", "recommended_sync_interval_ms": 30000, "source": "core.api.client"}
 INFO  [driver-telemetry] driver.http.timeout {"endpoint": "/driver/me/bookings/since", "network_profile_active": "offline", "source": "core.api.client", "timeout_ms": 2500}
 INFO  [driver-telemetry] driver.http.fail_fast_offline {"connected": false, "endpoint": "/driver/me/bookings/since", "internet_reachable": false, "network_type": "fallback", "source": "core.api.client"}
 INFO  [driver-telemetry] driver.runtime.reconcile.failure {"context_id": "driver:19", "reason": "reconcile_failed", "source": "driver.sync.orchestrator", "trigger": "manual"}
 INFO  [driver-telemetry] driver.network.profile {"network_profile_active": "offline", "recommended_sync_interval_ms": 30000, "source": "core.api.client"}
 INFO  [driver-telemetry] driver.http.timeout {"endpoint": "/driver/me/bookings/eta", "network_profile_active": "offline", "source": "core.api.client", "timeout_ms": 2500}
 INFO  [driver-telemetry] driver.http.fail_fast_offline {"connected": false, "endpoint": "/driver/me/bookings/eta", "internet_reachable": false, "network_type": "fallback", "source": "core.api.client"}
 INFO  [driver-telemetry] driver.network.profile {"network_profile_active": "offline", "recommended_sync_interval_ms": 30000, "source": "core.api.client"}
 INFO  [driver-telemetry] driver.http.timeout {"endpoint": "/driver/me/bookings/eta", "network_profile_active": "offline", "source": "core.api.client", "timeout_ms": 2500}
 INFO  [driver-telemetry] driver.http.fail_fast_offline {"connected": false, "endpoint": "/driver/me/bookings/eta", "internet_reachable": false, "network_type": "fallback", "source": "core.api.client"}
 INFO  [driver-telemetry] realtime.degraded.entered {"degraded_hysteresis_ms": 8000, "source": "core.realtime.manager"}
 INFO  [driver-telemetry] realtime.transport.state {"actual_transport": "polling", "connected": false, "mode": "polling", "source": "core.realtime.manager", "transport_authority": "degraded"}
 INFO  [perf-kpi] perf.realtime.notify {"duration_ms": 1, "listener_count": 3, "role": "driver", "screen": "/", "source": "perf.instrumentation", "timestamp_client": "2026-08-16T10:05:01.492Z"}
 INFO  [driver-telemetry] driver.network.tick {"app_state": "active", "context_id": "driver:19", "driver_network_tick_total": 1, "mission_presence": "relevant", "network_activity_authority": "mission_active_loop", "network_profile_active": "offline", "source": "driver.realtime"}
 INFO  [driver-telemetry] driver.network.profile {"context_id": "driver:19", "network_profile_active": "offline", "recommended_sync_interval_ms": 30000, "source": "driver.realtime"}
 INFO  [driver-telemetry] driver.network.wake {"context_id": "driver:19", "driver_network_wake_cause": "polling_tick", "network_activity_authority": "mission_active_loop", "source": "driver.realtime"}
 INFO  [driver-telemetry] driver.network.profile {"network_profile_active": "offline", "recommended_sync_interval_ms": 30000, "source": "core.api.client"}
 INFO  [driver-telemetry] driver.http.timeout {"endpoint": "/driver/me/bookings", "network_profile_active": "offline", "source": "core.api.client", "timeout_ms": 2500}
 INFO  [driver-telemetry] realtime.transport.state {"actual_transport": "polling", "connected": false, "mode": "polling", "source": "core.realtime.manager", "transport_authority": "polling"}
 INFO  [perf-kpi] perf.realtime.notify {"duration_ms": 0, "listener_count": 3, "role": "driver", "screen": "/", "source": "perf.instrumentation", "timestamp_client": "2026-08-16T10:05:11.093Z"}
 INFO  [driver-telemetry] realtime.transport.authority {"reason": "full_polling_tick", "source": "core.realtime.manager", "transport_authority": "polling"}
 INFO  [driver-telemetry] realtime.polling.full_refetch {"context_id": "driver:19", "driver_http_calls_per_hour": 1, "mission_poll_full_refetch_total": 1, "network_activity_authority": "mission_active_loop", "source": "driver.realtime"}
 INFO  [driver-telemetry] realtime.mission.freshness {"context_id": "driver:19", "mission_state_freshness_ms": 680098, "realtime_transport_mode": "polling", "source": "driver.realtime.polling"}
 INFO  [FCM-GATE] register effect start {"enabled": true, "fcmEnabled": true, "source": "driver.notifications.bridge", "stage": "app_foreground"}
 INFO  [driver-telemetry] driver.foreground.resume.resync {"context_id": "driver:19", "foreground_resume_resync_total": 1, "source": "driver.sync_engine"}
 INFO  [driver-telemetry] driver.runtime.resume.start {"app_state": "active", "context_id": "driver:19", "resume_attempt_id": "driver:19:1786874716493:9", "source": "driver.runtime.resume"}
 INFO  [perf-kpi] perf.js_long_task {"duration_ms": 119.08901099860668, "role": "driver", "screen": "/", "source": "perf.instrumentation", "timestamp_client": "2026-08-16T10:05:16.497Z"}
 INFO  [driver-telemetry] driver.network.profile {"network_profile_active": "offline", "recommended_sync_interval_ms": 30000, "source": "core.api.client"}
 INFO  [driver-telemetry] driver.http.timeout {"endpoint": "/driver/me/device-health", "network_profile_active": "offline", "source": "core.api.client", "timeout_ms": 2500}
 INFO  [driver-telemetry] driver.network.profile {"network_profile_active": "offline", "recommended_sync_interval_ms": 30000, "source": "core.api.client"}
 INFO  [driver-telemetry] driver.http.timeout {"endpoint": "/driver/me/device-health", "network_profile_active": "offline", "source": "core.api.client", "timeout_ms": 2500}
 INFO  [driver-telemetry] tracking.device_health.sent {"battery_optimized": false, "constraint_reason": null, "fgs_running": true, "kind": "tracking_health", "source": "driver.device_health", "trigger_reason": null}
 INFO  [FCM-GATE] requesting token {"source": "driver.notifications.bridge", "stage": "app_foreground"}
 INFO  [driver-telemetry] driver.push.fcm.get_token_start {"platform": "android", "source": "driver.firebaseMessaging"}
 INFO  [FCM-GATE] getDriverFcmToken start {"platform": "android"}
 INFO  [FCM-GATE] getToken success {"tokenLength": 142}
 INFO  [driver-telemetry] driver.push.fcm.token {"source": "driver.firebaseMessaging", "token_present": true}
 INFO  [FCM-GATE] token received {"source": "driver.notifications.bridge", "stage": "app_foreground", "tokenLength": 142}
 INFO  [driver-telemetry] driver_push.token_acquired {"provider": "fcm", "source": "driver.notifications.bridge", "stage": "app_foreground", "token_length": 142}
 INFO  [FCM-GATE] posting token {"provider": "fcm", "source": "driver.notifications.bridge", "stage": "app_foreground"}
 INFO  [driver-telemetry] driver.network.profile {"network_profile_active": "offline", "recommended_sync_interval_ms": 30000, "source": "core.api.client"}
 INFO  [driver-telemetry] driver.http.timeout {"endpoint": "/driver/me/telemetry/push", "network_profile_active": "offline", "source": "core.api.client", "timeout_ms": 2500}
 INFO  [driver-telemetry] driver.network.profile {"network_profile_active": "offline", "recommended_sync_interval_ms": 30000, "source": "core.api.client"}
 INFO  [driver-telemetry] driver.http.timeout {"endpoint": "/driver/save-push-token", "network_profile_active": "offline", "source": "core.api.client", "timeout_ms": 2500}
 INFO  [driver-telemetry] tracking.auth.presence.ensure_headless {"driver_id": 19, "kind": "SESSION_AVAILABLE", "path": "memory_cache"}
 INFO  [driver-telemetry] tracking.background.task_invoked {"locations_count": 1, "mission_id": 27, "source": "driver.services.backgroundLocationTask", "task_mode": "mission", "task_name": "background-location-task", "timestamp": 1786874716667}
 INFO  [driver-telemetry] tracking.queue.enqueued {"app_state": "background", "location_mode": "mission_live", "mission_id": 27, "oldest_item_age_ms": 14, "queue_depth": 1, "sequence_id": 2, "source": "driver.tracking.queue", "tracking_session_id": "trk_sess_1786874693363_fd88qf2h"}
 INFO  [driver-telemetry] driver.network.profile {"network_profile_active": "offline", "recommended_sync_interval_ms": 30000, "source": "core.api.client"}
 INFO  [driver-telemetry] driver.http.timeout {"endpoint": "/driver/me/location", "network_profile_active": "offline", "source": "core.api.client", "timeout_ms": 28000}
 INFO  [driver-telemetry] tracking.device_health.sent {"battery_optimized": false, "constraint_reason": null, "fgs_running": true, "kind": "tracking_health", "source": "driver.device_health", "trigger_reason": "health_monitor_ok"}
 INFO  [driver-telemetry] push.token.registered {"provider": "fcm", "source": "driver.notifications.bridge"}
 INFO  [driver-telemetry] driver_push.register_success {"provider": "fcm", "source": "driver.notifications.bridge"}
 INFO  [driver-telemetry] driver.network.profile {"network_profile_active": "offline", "recommended_sync_interval_ms": 30000, "source": "core.api.client"}
 INFO  [driver-telemetry] driver.http.timeout {"endpoint": "/driver/me/telemetry/push", "network_profile_active": "offline", "source": "core.api.client", "timeout_ms": 2500}
 INFO  [driver-telemetry] auth.refresh.endpoint_used {"endpoint": "refresh-token", "source": "core.api.client"}
 INFO  [perf-kpi] perf.realtime.notify {"duration_ms": 1, "listener_count": 3, "role": "driver", "screen": "/", "source": "perf.instrumentation", "timestamp_client": "2026-08-16T10:05:16.878Z"}
 INFO  [driver-telemetry] realtime.transport.state {"actual_transport": "polling", "connected": true, "mode": "socket", "source": "core.realtime.manager", "transport_authority": "polling"}
 INFO  [perf-kpi] perf.realtime.notify {"duration_ms": 1, "listener_count": 3, "role": "driver", "screen": "/", "source": "perf.instrumentation", "timestamp_client": "2026-08-16T10:05:16.881Z"}
 LOG  [DriverSocket] {"contextId": "driver:19", "hasToken": true, "path": "/socket.io", "socketUrl": "http://127.0.0.1:15100", "surface": "driver", "transports": ["websocket", "polling"], "urlEnvSource": "EXPO_PUBLIC_DRIVER_SOCKET_URL"}
 INFO  [driver-telemetry] tracking.session.readiness {"readiness": "CREATING", "reason": "session_conflict", "session_generation": 923, "source": "driver.tracking.queue", "tracking_session_id": "trk_sess_1786874693363_fd88qf2h"}
 INFO  [driver-telemetry] tracking.session.readiness {"readiness": "REGISTERING", "reason": "session_conflict", "session_generation": null, "source": "driver.tracking.queue", "tracking_session_id": "trk_sess_1786874716884_lc6ausk1"}
 INFO  [driver-telemetry] tracking.session.readiness {"readiness": "REGISTERING", "reason": "register_start", "session_generation": null, "source": "driver.tracking.queue", "tracking_session_id": "trk_sess_1786874716884_lc6ausk1"}
 INFO  [driver-telemetry] driver.network.profile {"network_profile_active": "offline", "recommended_sync_interval_ms": 30000, "source": "core.api.client"}
 INFO  [driver-telemetry] driver.http.timeout {"endpoint": "/driver/me/tracking/sessions", "network_profile_active": "offline", "source": "core.api.client", "timeout_ms": 2500}
 INFO  [perf-kpi] perf.runtime.socket_reconnect_failed_total {"context_id": "driver:19", "source": "perf.runtime_stability", "timestamp_client": "2026-08-16T10:05:16.896Z", "total": 21}
 INFO  [driver-telemetry] realtime.transport.state {"actual_transport": "polling", "connected": false, "mode": "polling", "source": "core.realtime.manager", "transport_authority": "degraded"}
 INFO  [perf-kpi] perf.realtime.notify {"duration_ms": 1, "listener_count": 3, "role": "driver", "screen": "/", "source": "perf.instrumentation", "timestamp_client": "2026-08-16T10:05:16.898Z"}
 INFO  [driver-telemetry] realtime.socket.disconnect {"context_id": "driver:19", "reason": "websocket error", "source": "core.realtime.manager"}
 INFO  [driver-telemetry] realtime.transport.mismatch {"actual_transport": "polling", "context_id": "driver:19", "desired_transport": "socket", "source": "core.realtime.manager"}
 INFO  [driver-telemetry] realtime.reconnect.circuit_breaker_blocked {"context_id": "driver:19", "source": "core.realtime.manager"}
 INFO  [driver-telemetry] tracking.queue.flush_coalesced {"force_http_fallback": false, "queue_depth": 1, "source": "driver.tracking.queue"}
 INFO  [driver-telemetry] driver.network.profile {"network_profile_active": "offline", "recommended_sync_interval_ms": 30000, "source": "core.api.client"}
 INFO  [driver-telemetry] driver.http.timeout {"endpoint": "/driver/me/bookings/since", "network_profile_active": "offline", "source": "core.api.client", "timeout_ms": 2500}
 INFO  [driver-telemetry] driver.http.fail_fast_offline {"connected": false, "endpoint": "/driver/me/bookings/since", "internet_reachable": false, "network_type": "fallback", "source": "core.api.client"}
 INFO  [driver-telemetry] driver.network.profile {"network_profile_active": "offline", "recommended_sync_interval_ms": 30000, "source": "core.api.client"}
 INFO  [driver-telemetry] driver.http.timeout {"endpoint": "/driver/me/bookings/since", "network_profile_active": "offline", "source": "core.api.client", "timeout_ms": 2500}
 INFO  [driver-telemetry] driver.http.fail_fast_offline {"connected": false, "endpoint": "/driver/me/bookings/since", "internet_reachable": false, "network_type": "fallback", "source": "core.api.client"}
 INFO  [driver-telemetry] driver.runtime.resume.failure {"context_id": "driver:19", "reason": "resume_failed", "resume_attempt_id": "driver:19:1786874716493:9", "retry_count": 1, "source": "driver.runtime.resume", "will_retry": true}
 INFO  [driver-telemetry] driver.runtime.reconcile.failure {"context_id": "driver:19", "reason": "reconcile_failed", "source": "driver.sync.orchestrator", "trigger": "foreground"}
 INFO  [driver-telemetry] tracking.ingest.ack {"accept_reason": "", "ack_status": "persisted", "durability": "persisted_sync", "flush_path": "http_fallback", "mission_id": 27, "queue_item_id": "trk_1786874716668_d23t3m4y", "source": "driver.tracking.queue", "trace_id": "mob_msvn2jgv_wsozih38"}
 INFO  [driver-telemetry] tracking.queue.flush {"backend_acked": 1, "dropped": 0, "flush_path": "http_fallback", "network_profile_active": "poor", "oldest_item_age_ms": 259, "queue_depth": 0, "retried": 0, "sent": 1, "socket_emitted": 0, "source": "driver.tracking.queue", "tracking_queue_oldest_age_ms": 259}
 INFO  [driver-telemetry] tracking.flush.transport {"backend_acked": 1, "sent": 1, "socket_emitted": 0, "source": "driver.tracking.queue", "transport": "http"}
 INFO  [driver-telemetry] tracking.background.task.flush {"backend_acked": 1, "dropped": 0, "mission_id": 27, "network_profile_active": "poor", "queue_depth": 0, "sent": 1, "socket_emitted": 0, "source": "driver.services.backgroundLocationTask", "task_mode": "mission", "task_name": "background-location-task"}
 INFO  [driver-telemetry] tracking.queue.flush {"backend_acked": 0, "dropped": 0, "flush_path": "http_fallback", "network_profile_active": "offline", "oldest_item_age_ms": null, "queue_depth": 0, "retried": 0, "sent": 0, "socket_emitted": 0, "source": "driver.tracking.queue", "tracking_queue_oldest_age_ms": null}
 INFO  [driver-telemetry] tracking.flush.transport {"backend_acked": 0, "sent": 0, "socket_emitted": 0, "source": "driver.tracking.queue", "transport": "http"}
 INFO  [driver-telemetry] tracking.session.readiness {"readiness": "READY", "reason": "register_ok", "session_generation": 924, "source": "driver.tracking.queue", "tracking_session_id": "trk_sess_1786874716884_lc6ausk1"}
 INFO  [driver-telemetry] tracking.session.reconciled {"previous_session_id": "trk_sess_1786874693363_fd88qf2h", "readiness": "READY", "rebound_count": 0, "released_socket_count": 0, "source": "driver.tracking.queue", "tracking_session_id": "trk_sess_1786874716884_lc6ausk1"}
 INFO  [driver-telemetry] tracking.queue.flush {"backend_acked": 0, "dropped": 0, "flush_path": "http_fallback", "network_profile_active": "offline", "oldest_item_age_ms": null, "queue_depth": 0, "retried": 0, "sent": 0, "socket_emitted": 0, "source": "driver.tracking.queue", "tracking_queue_oldest_age_ms": null}
 INFO  [driver-telemetry] tracking.flush.transport {"backend_acked": 0, "sent": 0, "socket_emitted": 0, "source": "driver.tracking.queue", "transport": "http"}
 INFO  [driver-telemetry] auth.refresh.endpoint_used {"endpoint": "refresh-token", "source": "core.api.client"}
 INFO  [perf-kpi] perf.realtime.notify {"duration_ms": 1, "listener_count": 3, "role": "driver", "screen": "/", "source": "perf.instrumentation", "timestamp_client": "2026-08-16T10:05:17.041Z"}
 INFO  [driver-telemetry] realtime.transport.state {"actual_transport": "polling", "connected": true, "mode": "socket", "source": "core.realtime.manager", "transport_authority": "polling"}
 INFO  [perf-kpi] perf.realtime.notify {"duration_ms": 0, "listener_count": 3, "role": "driver", "screen": "/", "source": "perf.instrumentation", "timestamp_client": "2026-08-16T10:05:17.043Z"}
 LOG  [DriverSocket] {"contextId": "driver:19", "hasToken": true, "path": "/socket.io", "socketUrl": "http://127.0.0.1:15100", "surface": "driver", "transports": ["websocket", "polling"], "urlEnvSource": "EXPO_PUBLIC_DRIVER_SOCKET_URL"}
 INFO  [perf-kpi] perf.runtime.socket_reconnect_failed_total {"context_id": "driver:19", "source": "perf.runtime_stability", "timestamp_client": "2026-08-16T10:05:17.055Z", "total": 22}
 INFO  [driver-telemetry] realtime.transport.state {"actual_transport": "polling", "connected": false, "mode": "polling", "source": "core.realtime.manager", "transport_authority": "degraded"}
 INFO  [perf-kpi] perf.realtime.notify {"duration_ms": 0, "listener_count": 3, "role": "driver", "screen": "/", "source": "perf.instrumentation", "timestamp_client": "2026-08-16T10:05:17.056Z"}
 INFO  [driver-telemetry] realtime.socket.disconnect {"context_id": "driver:19", "reason": "websocket error", "source": "core.realtime.manager"}
 INFO  [driver-telemetry] realtime.transport.mismatch {"actual_transport": "polling", "context_id": "driver:19", "desired_transport": "socket", "source": "core.realtime.manager"}
 INFO  [driver-telemetry] realtime.reconnect.circuit_breaker_blocked {"context_id": "driver:19", "source": "core.realtime.manager"}
 INFO  [driver-telemetry] driver.network.profile {"network_profile_active": "offline", "recommended_sync_interval_ms": 30000, "source": "core.api.client"}
 INFO  [driver-telemetry] driver.http.timeout {"endpoint": "/driver/me/bookings/since", "network_profile_active": "offline", "source": "core.api.client", "timeout_ms": 2500}
 INFO  [driver-telemetry] driver.http.fail_fast_offline {"connected": false, "endpoint": "/driver/me/bookings/since", "internet_reachable": false, "network_type": "fallback", "source": "core.api.client"}
 INFO  [driver-telemetry] driver.runtime.resume.failure {"context_id": "driver:19", "reason": "resume_failed", "resume_attempt_id": "driver:19:1786874716493:9", "retry_count": 2, "source": "driver.runtime.resume", "will_retry": false}
 INFO  [driver-telemetry] auth.refresh.endpoint_used {"endpoint": "refresh-token", "source": "core.api.client"}
 INFO  [driver-telemetry] driver.network.profile {"network_profile_active": "offline", "recommended_sync_interval_ms": 30000, "source": "core.api.client"}
 INFO  [driver-telemetry] driver.http.timeout {"endpoint": "/driver/me/bookings/since", "network_profile_active": "offline", "source": "core.api.client", "timeout_ms": 2500}
 INFO  [driver-telemetry] driver.http.fail_fast_offline {"connected": false, "endpoint": "/driver/me/bookings/since", "internet_reachable": false, "network_type": "fallback", "source": "core.api.client"}
 INFO  [driver-telemetry] driver.runtime.reconcile.failure {"context_id": "driver:19", "reason": "reconcile_failed", "source": "driver.sync.orchestrator", "trigger": "reconnect"}
 INFO  [driver-telemetry] tracking.stale_fallback.timeout {"app_state": "active", "mission_id": 27, "source": "driver.tracking.bridge", "stale_fallback_blocked_until_ms": 1786874783573, "stale_fallback_timeout_total": 1}
 INFO  [driver-telemetry] tracking.device_health.send_skipped {"age_ms": 7021, "reason": "throttled", "source": "driver.device_health", "trigger_reason": "stale_fallback_timeout"}
 INFO  [driver-telemetry] tracking.queue.enqueued {"app_state": "active", "location_mode": "mission_live", "mission_id": 27, "oldest_item_age_ms": 9, "queue_depth": 1, "sequence_id": 1, "source": "driver.tracking.queue", "tracking_session_id": "trk_sess_1786874716884_lc6ausk1"}
 INFO  [driver-telemetry] driver.network.profile {"network_profile_active": "offline", "recommended_sync_interval_ms": 30000, "source": "core.api.client"}
 INFO  [driver-telemetry] driver.http.timeout {"endpoint": "/driver/me/location", "network_profile_active": "offline", "source": "core.api.client", "timeout_ms": 28000}
 INFO  [driver-telemetry] tracking.ingest.ack {"accept_reason": "", "ack_status": "persisted", "durability": "persisted_sync", "flush_path": "http_fallback", "mission_id": 27, "queue_item_id": "trk_1786874723607_f3l5bw2v", "source": "driver.tracking.queue", "trace_id": "mob_msvn2oth_cp4xg66i"}
 INFO  [driver-telemetry] tracking.queue.flush {"backend_acked": 1, "dropped": 0, "flush_path": "http_fallback", "network_profile_active": "offline", "oldest_item_age_ms": 132, "queue_depth": 0, "retried": 0, "sent": 1, "socket_emitted": 0, "source": "driver.tracking.queue", "tracking_queue_oldest_age_ms": 132}
 INFO  [driver-telemetry] tracking.flush.transport {"backend_acked": 1, "sent": 1, "socket_emitted": 0, "source": "driver.tracking.queue", "transport": "http"}
 INFO  [driver-telemetry] tracking.bridge.health {"backend_ack_latency_ms": 9244, "mission_id": 27, "network_profile_active": "offline", "oldest_item_age_ms": 136, "queue_depth": 0, "socket_emit_without_backend_ack_total": 0, "source": "driver.tracking.bridge", "tracking_flush_batch_size": 1}
 INFO  [driver-telemetry] realtime.degraded.entered {"degraded_hysteresis_ms": 8000, "source": "core.realtime.manager"}
 INFO  [perf-kpi] perf.realtime.notify {"duration_ms": 2, "listener_count": 3, "role": "driver", "screen": "/", "source": "perf.instrumentation", "timestamp_client": "2026-08-16T10:05:25.084Z"}
 INFO  [driver-telemetry] driver.network.tick {"app_state": "active", "context_id": "driver:19", "driver_network_tick_total": 1, "mission_presence": "relevant", "network_activity_authority": "mission_active_loop", "network_profile_active": "offline", "source": "driver.realtime"}
 INFO  [driver-telemetry] driver.network.profile {"context_id": "driver:19", "network_profile_active": "offline", "recommended_sync_interval_ms": 30000, "source": "driver.realtime"}
 INFO  [driver-telemetry] driver.network.wake {"context_id": "driver:19", "driver_network_wake_cause": "polling_tick", "network_activity_authority": "mission_active_loop", "source": "driver.realtime"}
 INFO  [driver-telemetry] driver.network.tick.skipped {"context_id": "driver:19", "driver_network_tick_skipped_total": 1, "network_activity_authority": "mission_active_loop", "reason": "idle_rate_limit", "source": "driver.realtime"}
 INFO  [driver-telemetry] driver.network.tick {"app_state": "active", "context_id": "driver:19", "driver_network_tick_total": 1, "mission_presence": "relevant", "network_activity_authority": "mission_active_loop", "source": "driver.sync_engine"}
 INFO  [driver-telemetry] driver.network.wake {"context_id": "driver:19", "driver_network_wake_cause": "sync_engine", "network_activity_authority": "mission_active_loop", "source": "driver.sync_engine"}
 INFO  [driver-telemetry] driver.sync_engine.flush.skipped {"context_id": "driver:19", "reason": "queue_empty_or_tracking_idle", "source": "driver.sync_engine"}
 INFO  [driver-telemetry] realtime.transport.state {"actual_transport": "polling", "connected": false, "mode": "polling", "source": "core.realtime.manager", "transport_authority": "reconcile"}
 INFO  [perf-kpi] perf.realtime.notify {"duration_ms": 1, "listener_count": 3, "role": "driver", "screen": "/", "source": "perf.instrumentation", "timestamp_client": "2026-08-16T10:05:26.177Z"}
 INFO  [driver-telemetry] realtime.transport.authority {"reason": "sync_engine_tick", "source": "core.realtime.manager", "transport_authority": "reconcile"}
 INFO  [driver-telemetry] driver.sync_engine.heartbeat {"allow_gps_flush": false, "allow_socket": false, "app_state": "active", "context_id": "driver:19", "driver_sync_engine_active_ms": 30000, "interval_ms": 30000, "network_activity_authority": "mission_active_loop", "network_mode": "offline", "source": "driver.sync_engine"}
 INFO  [driver-telemetry] driver.network.profile {"network_profile_active": "offline", "recommended_sync_interval_ms": 30000, "source": "core.api.client"}
 INFO  [driver-telemetry] driver.http.timeout {"endpoint": "/driver/me/bookings/since", "network_profile_active": "offline", "source": "core.api.client", "timeout_ms": 2500}
 INFO  [driver-telemetry] driver.http.fail_fast_offline {"connected": false, "endpoint": "/driver/me/bookings/since", "internet_reachable": false, "network_type": "fallback", "source": "core.api.client"}
 INFO  [driver-telemetry] driver.runtime.reconcile.failure {"context_id": "driver:19", "reason": "reconcile_failed", "source": "driver.sync.orchestrator", "trigger": "manual"}
 INFO  [driver-telemetry] driver.network.profile {"network_profile_active": "offline", "recommended_sync_interval_ms": 30000, "source": "core.api.client"}
 INFO  [driver-telemetry] driver.http.timeout {"endpoint": "/driver/me/bookings/eta", "network_profile_active": "offline", "source": "core.api.client", "timeout_ms": 2500}
 INFO  [driver-telemetry] driver.http.fail_fast_offline {"connected": false, "endpoint": "/driver/me/bookings/eta", "internet_reachable": false, "network_type": "fallback", "source": "core.api.client"}
 INFO  [driver-telemetry] driver.network.profile {"network_profile_active": "offline", "recommended_sync_interval_ms": 30000, "source": "core.api.client"}
 INFO  [driver-telemetry] driver.http.timeout {"endpoint": "/driver/me/bookings/eta", "network_profile_active": "offline", "source": "core.api.client", "timeout_ms": 2500}
 INFO  [driver-telemetry] driver.http.fail_fast_offline {"connected": false, "endpoint": "/driver/me/bookings/eta", "internet_reachable": false, "network_type": "fallback", "source": "core.api.client"}
 INFO  [FCM-GATE] register effect start {"enabled": true, "fcmEnabled": true, "source": "driver.notifications.bridge", "stage": "app_foreground"}
 INFO  [driver-telemetry] driver.foreground.resume.resync {"context_id": "driver:19", "foreground_resume_resync_total": 1, "source": "driver.sync_engine"}
 INFO  [driver-telemetry] driver.runtime.resume.start {"app_state": "active", "context_id": "driver:19", "resume_attempt_id": "driver:19:1786874736600:10", "source": "driver.runtime.resume"}
 INFO  [perf-kpi] perf.js_long_task {"duration_ms": 103.43031300604343, "role": "driver", "screen": "/", "source": "perf.instrumentation", "timestamp_client": "2026-08-16T10:05:36.603Z"}
 INFO  [driver-telemetry] tracking.device_health.send_skipped {"age_ms": 20038, "reason": "throttled", "source": "driver.device_health", "trigger_reason": null}
 INFO  [driver-telemetry] tracking.send.skipped {"app_state": "active", "mission_id": 27, "reason": "no_position_fix", "source": "driver.tracking.bridge"}
 INFO  [driver-telemetry] tracking.device_health.send_skipped {"age_ms": 20083, "reason": "throttled", "source": "driver.device_health", "trigger_reason": "health_monitor_ok"}
 INFO  [FCM-GATE] requesting token {"source": "driver.notifications.bridge", "stage": "app_foreground"}
 INFO  [driver-telemetry] driver.push.fcm.get_token_start {"platform": "android", "source": "driver.firebaseMessaging"}
 INFO  [FCM-GATE] getDriverFcmToken start {"platform": "android"}
 INFO  [FCM-GATE] getToken success {"tokenLength": 142}
 INFO  [driver-telemetry] driver.push.fcm.token {"source": "driver.firebaseMessaging", "token_present": true}
 INFO  [FCM-GATE] token received {"source": "driver.notifications.bridge", "stage": "app_foreground", "tokenLength": 142}
 INFO  [driver-telemetry] driver_push.token_acquired {"provider": "fcm", "source": "driver.notifications.bridge", "stage": "app_foreground", "token_length": 142}
 INFO  [FCM-GATE] posting token {"provider": "fcm", "source": "driver.notifications.bridge", "stage": "app_foreground"}
 INFO  [driver-telemetry] driver.network.profile {"network_profile_active": "offline", "recommended_sync_interval_ms": 30000, "source": "core.api.client"}
 INFO  [driver-telemetry] driver.http.timeout {"endpoint": "/driver/me/telemetry/push", "network_profile_active": "offline", "source": "core.api.client", "timeout_ms": 2500}
 INFO  [driver-telemetry] driver.network.profile {"network_profile_active": "offline", "recommended_sync_interval_ms": 30000, "source": "core.api.client"}
 INFO  [driver-telemetry] driver.http.timeout {"endpoint": "/driver/save-push-token", "network_profile_active": "offline", "source": "core.api.client", "timeout_ms": 2500}
 INFO  [driver-telemetry] push.token.registered {"provider": "fcm", "source": "driver.notifications.bridge"}
 INFO  [driver-telemetry] driver_push.register_success {"provider": "fcm", "source": "driver.notifications.bridge"}
 INFO  [driver-telemetry] driver.network.profile {"network_profile_active": "offline", "recommended_sync_interval_ms": 30000, "source": "core.api.client"}
 INFO  [driver-telemetry] driver.http.timeout {"endpoint": "/driver/me/telemetry/push", "network_profile_active": "offline", "source": "core.api.client", "timeout_ms": 2500}
 INFO  [driver-telemetry] auth.refresh.endpoint_used {"endpoint": "refresh-token", "source": "core.api.client"}
 INFO  [perf-kpi] perf.realtime.notify {"duration_ms": 1, "listener_count": 3, "role": "driver", "screen": "/", "source": "perf.instrumentation", "timestamp_client": "2026-08-16T10:05:36.866Z"}
 INFO  [driver-telemetry] realtime.transport.state {"actual_transport": "polling", "connected": true, "mode": "socket", "source": "core.realtime.manager", "transport_authority": "polling"}
 INFO  [perf-kpi] perf.realtime.notify {"duration_ms": 1, "listener_count": 3, "role": "driver", "screen": "/", "source": "perf.instrumentation", "timestamp_client": "2026-08-16T10:05:36.868Z"}
 LOG  [DriverSocket] {"contextId": "driver:19", "hasToken": true, "path": "/socket.io", "socketUrl": "http://127.0.0.1:15100", "surface": "driver", "transports": ["websocket", "polling"], "urlEnvSource": "EXPO_PUBLIC_DRIVER_SOCKET_URL"}
 INFO  [driver-telemetry] tracking.session.readiness {"readiness": "CREATING", "reason": "session_conflict", "session_generation": 924, "source": "driver.tracking.queue", "tracking_session_id": "trk_sess_1786874716884_lc6ausk1"}
 INFO  [driver-telemetry] tracking.session.readiness {"readiness": "REGISTERING", "reason": "session_conflict", "session_generation": null, "source": "driver.tracking.queue", "tracking_session_id": "trk_sess_1786874736871_yc3g03vz"}
 INFO  [driver-telemetry] tracking.session.readiness {"readiness": "REGISTERING", "reason": "register_start", "session_generation": null, "source": "driver.tracking.queue", "tracking_session_id": "trk_sess_1786874736871_yc3g03vz"}
 INFO  [driver-telemetry] driver.network.profile {"network_profile_active": "offline", "recommended_sync_interval_ms": 30000, "source": "core.api.client"}
 INFO  [driver-telemetry] driver.http.timeout {"endpoint": "/driver/me/tracking/sessions", "network_profile_active": "offline", "source": "core.api.client", "timeout_ms": 2500}
 INFO  [perf-kpi] perf.runtime.socket_reconnect_failed_total {"context_id": "driver:19", "source": "perf.runtime_stability", "timestamp_client": "2026-08-16T10:05:36.882Z", "total": 23}
 INFO  [driver-telemetry] realtime.transport.state {"actual_transport": "polling", "connected": false, "mode": "polling", "source": "core.realtime.manager", "transport_authority": "degraded"}
 INFO  [perf-kpi] perf.realtime.notify {"duration_ms": 0, "listener_count": 3, "role": "driver", "screen": "/", "source": "perf.instrumentation", "timestamp_client": "2026-08-16T10:05:36.883Z"}
 INFO  [driver-telemetry] realtime.socket.disconnect {"context_id": "driver:19", "reason": "websocket error", "source": "core.realtime.manager"}
 INFO  [driver-telemetry] realtime.transport.mismatch {"actual_transport": "polling", "context_id": "driver:19", "desired_transport": "socket", "source": "core.realtime.manager"}
 INFO  [driver-telemetry] realtime.reconnect.circuit_breaker_blocked {"context_id": "driver:19", "source": "core.realtime.manager"}
 INFO  [driver-telemetry] tracking.queue.flush {"backend_acked": 0, "dropped": 0, "flush_path": "http_fallback", "network_profile_active": "offline", "oldest_item_age_ms": null, "queue_depth": 0, "retried": 0, "sent": 0, "socket_emitted": 0, "source": "driver.tracking.queue", "tracking_queue_oldest_age_ms": null}
 INFO  [driver-telemetry] tracking.flush.transport {"backend_acked": 0, "sent": 0, "socket_emitted": 0, "source": "driver.tracking.queue", "transport": "http"}
 INFO  [driver-telemetry] driver.network.profile {"network_profile_active": "offline", "recommended_sync_interval_ms": 30000, "source": "core.api.client"}
 INFO  [driver-telemetry] driver.http.timeout {"endpoint": "/driver/me/bookings/since", "network_profile_active": "offline", "source": "core.api.client", "timeout_ms": 2500}
 INFO  [driver-telemetry] driver.http.fail_fast_offline {"connected": false, "endpoint": "/driver/me/bookings/since", "internet_reachable": false, "network_type": "fallback", "source": "core.api.client"}
 INFO  [driver-telemetry] driver.runtime.resume.failure {"context_id": "driver:19", "reason": "resume_failed", "resume_attempt_id": "driver:19:1786874736600:10", "retry_count": 1, "source": "driver.runtime.resume", "will_retry": true}
 INFO  [driver-telemetry] tracking.session.readiness {"readiness": "READY", "reason": "register_ok", "session_generation": 925, "source": "driver.tracking.queue", "tracking_session_id": "trk_sess_1786874736871_yc3g03vz"}
 INFO  [driver-telemetry] tracking.session.reconciled {"previous_session_id": "trk_sess_1786874716884_lc6ausk1", "readiness": "READY", "rebound_count": 0, "released_socket_count": 0, "source": "driver.tracking.queue", "tracking_session_id": "trk_sess_1786874736871_yc3g03vz"}
 INFO  [driver-telemetry] tracking.queue.flush {"backend_acked": 0, "dropped": 0, "flush_path": "http_fallback", "network_profile_active": "offline", "oldest_item_age_ms": null, "queue_depth": 0, "retried": 0, "sent": 0, "socket_emitted": 0, "source": "driver.tracking.queue", "tracking_queue_oldest_age_ms": null}
 INFO  [driver-telemetry] tracking.flush.transport {"backend_acked": 0, "sent": 0, "socket_emitted": 0, "source": "driver.tracking.queue", "transport": "http"}
 INFO  [driver-telemetry] auth.refresh.endpoint_used {"endpoint": "refresh-token", "source": "core.api.client"}
 INFO  [perf-kpi] perf.realtime.notify {"duration_ms": 1, "listener_count": 3, "role": "driver", "screen": "/", "source": "perf.instrumentation", "timestamp_client": "2026-08-16T10:05:37.043Z"}
 INFO  [driver-telemetry] realtime.transport.state {"actual_transport": "polling", "connected": true, "mode": "socket", "source": "core.realtime.manager", "transport_authority": "polling"}
 INFO  [perf-kpi] perf.realtime.notify {"duration_ms": 0, "listener_count": 3, "role": "driver", "screen": "/", "source": "perf.instrumentation", "timestamp_client": "2026-08-16T10:05:37.045Z"}
 LOG  [DriverSocket] {"contextId": "driver:19", "hasToken": true, "path": "/socket.io", "socketUrl": "http://127.0.0.1:15100", "surface": "driver", "transports": ["websocket", "polling"], "urlEnvSource": "EXPO_PUBLIC_DRIVER_SOCKET_URL"}
 INFO  [perf-kpi] perf.runtime.socket_reconnect_failed_total {"context_id": "driver:19", "source": "perf.runtime_stability", "timestamp_client": "2026-08-16T10:05:37.058Z", "total": 24}
 INFO  [driver-telemetry] realtime.transport.state {"actual_transport": "polling", "connected": false, "mode": "polling", "source": "core.realtime.manager", "transport_authority": "degraded"}
 INFO  [perf-kpi] perf.realtime.notify {"duration_ms": 0, "listener_count": 3, "role": "driver", "screen": "/", "source": "perf.instrumentation", "timestamp_client": "2026-08-16T10:05:37.059Z"}
 INFO  [driver-telemetry] realtime.socket.disconnect {"context_id": "driver:19", "reason": "websocket error", "source": "core.realtime.manager"}
 INFO  [driver-telemetry] realtime.transport.mismatch {"actual_transport": "polling", "context_id": "driver:19", "desired_transport": "socket", "source": "core.realtime.manager"}
 INFO  [driver-telemetry] realtime.reconnect.circuit_breaker_blocked {"context_id": "driver:19", "source": "core.realtime.manager"}
 INFO  [driver-telemetry] driver.network.profile {"network_profile_active": "offline", "recommended_sync_interval_ms": 30000, "source": "core.api.client"}
 INFO  [driver-telemetry] driver.http.timeout {"endpoint": "/driver/me/bookings/since", "network_profile_active": "offline", "source": "core.api.client", "timeout_ms": 2500}
 INFO  [driver-telemetry] driver.http.fail_fast_offline {"connected": false, "endpoint": "/driver/me/bookings/since", "internet_reachable": false, "network_type": "fallback", "source": "core.api.client"}
 INFO  [driver-telemetry] driver.runtime.resume.failure {"context_id": "driver:19", "reason": "resume_failed", "resume_attempt_id": "driver:19:1786874736600:10", "retry_count": 2, "source": "driver.runtime.resume", "will_retry": false}
 INFO  [driver-telemetry] auth.refresh.endpoint_used {"endpoint": "refresh-token", "source": "core.api.client"}
 INFO  [driver-telemetry] driver.network.profile {"network_profile_active": "offline", "recommended_sync_interval_ms": 30000, "source": "core.api.client"}
 INFO  [driver-telemetry] driver.http.timeout {"endpoint": "/driver/me/bookings/since", "network_profile_active": "offline", "source": "core.api.client", "timeout_ms": 2500}
 INFO  [driver-telemetry] driver.http.fail_fast_offline {"connected": false, "endpoint": "/driver/me/bookings/since", "internet_reachable": false, "network_type": "fallback", "source": "core.api.client"}
 INFO  [driver-telemetry] driver.runtime.reconcile.failure {"context_id": "driver:19", "reason": "reconcile_failed", "source": "driver.sync.orchestrator", "trigger": "reconnect"}
 INFO  [driver-telemetry] driver.network.tick {"app_state": "active", "context_id": "driver:19", "driver_network_tick_total": 1, "mission_presence": "relevant", "network_activity_authority": "mission_active_loop", "network_profile_active": "offline", "source": "driver.realtime"}
 INFO  [driver-telemetry] driver.network.profile {"context_id": "driver:19", "network_profile_active": "offline", "recommended_sync_interval_ms": 30000, "source": "driver.realtime"}
 INFO  [driver-telemetry] driver.network.wake {"context_id": "driver:19", "driver_network_wake_cause": "polling_tick", "network_activity_authority": "mission_active_loop", "source": "driver.realtime"}
 INFO  [driver-telemetry] driver.network.profile {"network_profile_active": "offline", "recommended_sync_interval_ms": 30000, "source": "core.api.client"}
 INFO  [driver-telemetry] driver.http.timeout {"endpoint": "/driver/me/bookings", "network_profile_active": "offline", "source": "core.api.client", "timeout_ms": 2500}
 INFO  [driver-telemetry] realtime.transport.state {"actual_transport": "polling", "connected": false, "mode": "polling", "source": "core.realtime.manager", "transport_authority": "polling"}
 INFO  [perf-kpi] perf.realtime.notify {"duration_ms": 1, "listener_count": 3, "role": "driver", "screen": "/", "source": "perf.instrumentation", "timestamp_client": "2026-08-16T10:05:41.162Z"}
 INFO  [driver-telemetry] realtime.transport.authority {"reason": "full_polling_tick", "source": "core.realtime.manager", "transport_authority": "polling"}
 INFO  [driver-telemetry] realtime.polling.full_refetch {"context_id": "driver:19", "driver_http_calls_per_hour": 1, "mission_poll_full_refetch_total": 1, "network_activity_authority": "mission_active_loop", "source": "driver.realtime"}
 INFO  [driver-telemetry] realtime.mission.freshness {"context_id": "driver:19", "mission_state_freshness_ms": 710166, "realtime_transport_mode": "polling", "source": "driver.realtime.polling"}
 INFO  [driver-telemetry] tracking.auth.presence.ensure_headless {"driver_id": 19, "kind": "SESSION_AVAILABLE", "path": "memory_cache"}
 INFO  [driver-telemetry] tracking.background.task_invoked {"locations_count": 1, "mission_id": 27, "source": "driver.services.backgroundLocationTask", "task_mode": "mission", "task_name": "background-location-task", "timestamp": 1786874744084}
 INFO  [driver-telemetry] tracking.queue.enqueued {"app_state": "background", "location_mode": "mission_live", "mission_id": 27, "oldest_item_age_ms": 20, "queue_depth": 1, "sequence_id": 1, "source": "driver.tracking.queue", "tracking_session_id": "trk_sess_1786874736871_yc3g03vz"}
 INFO  [driver-telemetry] driver.network.profile {"network_profile_active": "offline", "recommended_sync_interval_ms": 30000, "source": "core.api.client"}
 INFO  [driver-telemetry] driver.http.timeout {"endpoint": "/driver/me/location", "network_profile_active": "offline", "source": "core.api.client", "timeout_ms": 28000}
 INFO  [driver-telemetry] realtime.degraded.entered {"degraded_hysteresis_ms": 8000, "source": "core.realtime.manager"}
 INFO  [driver-telemetry] realtime.transport.state {"actual_transport": "polling", "connected": false, "mode": "polling", "source": "core.realtime.manager", "transport_authority": "degraded"}
 INFO  [perf-kpi] perf.realtime.notify {"duration_ms": 1, "listener_count": 3, "role": "driver", "screen": "/", "source": "perf.instrumentation", "timestamp_client": "2026-08-16T10:05:45.078Z"}
 INFO  [driver-telemetry] tracking.ingest.ack {"accept_reason": "", "ack_status": "persisted", "durability": "persisted_sync", "flush_path": "http_fallback", "mission_id": 27, "queue_item_id": "trk_1786874744085_gwzcxor8", "source": "driver.tracking.queue", "trace_id": "mob_msvn34mk_cjyzn5n8"}
 INFO  [driver-telemetry] tracking.queue.flush {"backend_acked": 1, "dropped": 0, "flush_path": "http_fallback", "network_profile_active": "poor", "oldest_item_age_ms": 4181, "queue_depth": 0, "retried": 0, "sent": 1, "socket_emitted": 0, "source": "driver.tracking.queue", "tracking_queue_oldest_age_ms": 4181}
 INFO  [driver-telemetry] tracking.flush.transport {"backend_acked": 1, "sent": 1, "socket_emitted": 0, "source": "driver.tracking.queue", "transport": "http"}
 INFO  [driver-telemetry] tracking.background.task.flush {"backend_acked": 1, "dropped": 0, "mission_id": 27, "network_profile_active": "poor", "queue_depth": 0, "sent": 1, "socket_emitted": 0, "source": "driver.services.backgroundLocationTask", "task_mode": "mission", "task_name": "background-location-task"}
 INFO  [perf-kpi] perf.instrumentation.aggregate {"notify_listeners_peak": 3, "row_count": 30, "source": "perf.instrumentation", "tier": "dev", "timestamp_client": "2026-08-16T10:05:54.993Z", "top_by_count": [{"avg_ms": 42.18448514203106, "category": "js_long_task", "count": 2704, "max_ms": 517.0027080029249, "p50_ms": 41.53984399884939, "p95_ms": 68.41312500089407, "role": "driver", "screen": "/", "sub_key": "frame_budget", "sum_ms": 114066.84782405198}, {"avg_ms": 0.5125, "category": "notify", "count": 80, "max_ms": 4, "p50_ms": 1, "p95_ms": 3, "role": "driver", "screen": "/", "sub_key": "lifecycle", "sum_ms": 41}, {"avg_ms": 0, "category": "http", "count": 38, "max_ms": 0, "p50_ms": 0, "p95_ms": 0, "role": "driver", "screen": "/", "sub_key": "/driver/me/bookings/since", "sum_ms": 0}, {"avg_ms": 0, "category": "http", "count": 32, "max_ms": 0, "p50_ms": 0, "p95_ms": 0, "role": "driver", "screen": "/", "sub_key": "/auth/refresh-token", "sum_ms": 0}, {"avg_ms": 0, "category": "http", "count": 31, "max_ms": 0, "p50_ms": 0, "p95_ms": 0, "role": "driver", "screen": "/", "sub_key": "/driver/me/telemetry/push", "sum_ms": 0}, {"avg_ms": 0, "category": "http", "count": 15, "max_ms": 0, "p50_ms": 0, "p95_ms": 0, "role": "driver", "screen": "/", "sub_key": "/driver/save-push-token", "sum_ms": 0}, {"avg_ms": 0, "category": "http", "count": 12, "max_ms": 0, "p50_ms": 0, "p95_ms": 0, "role": "driver", "screen": "/", "sub_key": "/messages/3", "sum_ms": 0}, {"avg_ms": 0, "category": "http", "count": 12, "max_ms": 0, "p50_ms": 0, "p95_ms": 0, "role": "driver", "screen": "/", "sub_key": "/driver/me/location", "sum_ms": 0}, {"avg_ms": 0, "category": "http", "count": 10, "max_ms": 0, "p50_ms": 0, "p95_ms": 0, "role": "driver", "screen": "/", "sub_key": "/driver/me/tracking/sessions", "sum_ms": 0}, {"avg_ms": 0, "category": "http", "count": 8, "max_ms": 0, "p50_ms": 0, "p95_ms": 0, "role": "driver", "screen": "/", "sub_key": "/messages/3/hub/unread-count", "sum_ms": 0}], "top_by_sum_ms": [{"avg_ms": 42.18448514203106, "category": "js_long_task", "count": 2704, "max_ms": 517.0027080029249, "p50_ms": 41.53984399884939, "p95_ms": 68.41312500089407, "role": "driver", "screen": "/", "sub_key": "frame_budget", "sum_ms": 114066.84782405198}, {"avg_ms": 1249, "category": "page_load", "count": 1, "max_ms": 1249, "p50_ms": 1249, "p95_ms": 1249, "role": "driver", "screen": "/", "sub_key": "driver.inbox", "sum_ms": 1249}, {"avg_ms": 437, "category": "page_load", "count": 1, "max_ms": 437, "p50_ms": 437, "p95_ms": 437, "role": "driver", "screen": "/", "sub_key": "driver.hub", "sum_ms": 437}, {"avg_ms": 434, "category": "page_load", "count": 1, "max_ms": 434, "p50_ms": 434, "p95_ms": 434, "role": "driver", "screen": "/", "sub_key": "driver.missions", "sum_ms": 434}, {"avg_ms": 24.8918437987566, "category": "js_long_task", "count": 5, "max_ms": 33.602292001247406, "p50_ms": 25.013801999390125, "p95_ms": 33.602292001247406, "role": "unknown", "screen": "app.root", "sub_key": "frame_budget", "sum_ms": 124.459218993783}, {"avg_ms": 0.5125, "category": "notify", "count": 80, "max_ms": 4, "p50_ms": 1, "p95_ms": 3, "role": "driver", "screen": "/", "sub_key": "lifecycle", "sum_ms": 41}, {"avg_ms": 0, "category": "http", "count": 3, "max_ms": 0, "p50_ms": 0, "p95_ms": 0, "role": "unknown", "screen": "app.root", "sub_key": "/driver/me/telemetry/push", "sum_ms": 0}, {"avg_ms": 0, "category": "http", "count": 1, "max_ms": 0, "p50_ms": 0, "p95_ms": 0, "role": "unknown", "screen": "app.root", "sub_key": "/auth/csrf-token", "sum_ms": 0}, {"avg_ms": 0, "category": "http", "count": 2, "max_ms": 0, "p50_ms": 0, "p95_ms": 0, "role": "unknown", "screen": "app.root", "sub_key": "/auth/refresh-token", "sum_ms": 0}, {"avg_ms": 0, "category": "http", "count": 1, "max_ms": 0, "p50_ms": 0, "p95_ms": 0, "role": "unknown", "screen": "app.root", "sub_key": "/auth/bootstrap", "sum_ms": 0}]}
 INFO  [driver-telemetry] tracking.device_health.send_skipped {"age_ms": 38931, "reason": "throttled", "source": "driver.device_health", "trigger_reason": null}
 INFO  [driver-telemetry] driver.runtime.heartbeat {"app_state": "active", "context_id": "driver:19", "feature_flags_version": null, "mission_runtime_in_flight": 0, "mission_runtime_known": 1, "session_valid": true, "socket_connected": false, "source": "driver.hooks.realtime", "tracking_active": true, "tracking_queue_depth": 0}
 INFO  [driver-telemetry] driver.network.tick {"app_state": "active", "context_id": "driver:19", "driver_network_tick_total": 1, "mission_presence": "relevant", "network_activity_authority": "mission_active_loop", "network_profile_active": "offline", "source": "driver.realtime"}
 INFO  [driver-telemetry] driver.network.profile {"context_id": "driver:19", "network_profile_active": "offline", "recommended_sync_interval_ms": 30000, "source": "driver.realtime"}
 INFO  [driver-telemetry] driver.network.wake {"context_id": "driver:19", "driver_network_wake_cause": "polling_tick", "network_activity_authority": "mission_active_loop", "source": "driver.realtime"}
 INFO  [driver-telemetry] driver.network.tick.skipped {"context_id": "driver:19", "driver_network_tick_skipped_total": 1, "network_activity_authority": "mission_active_loop", "reason": "idle_rate_limit", "source": "driver.realtime"}
 INFO  [driver-telemetry] driver.network.tick {"app_state": "active", "context_id": "driver:19", "driver_network_tick_total": 1, "mission_presence": "relevant", "network_activity_authority": "mission_active_loop", "source": "driver.sync_engine"}
 INFO  [driver-telemetry] driver.network.wake {"context_id": "driver:19", "driver_network_wake_cause": "sync_engine", "network_activity_authority": "mission_active_loop", "source": "driver.sync_engine"}
 INFO  [driver-telemetry] driver.sync_engine.flush.skipped {"context_id": "driver:19", "reason": "queue_empty_or_tracking_idle", "source": "driver.sync_engine"}
 INFO  [driver-telemetry] realtime.transport.state {"actual_transport": "polling", "connected": false, "mode": "polling", "source": "core.realtime.manager", "transport_authority": "reconcile"}
 INFO  [perf-kpi] perf.realtime.notify {"duration_ms": 1, "listener_count": 3, "role": "driver", "screen": "/", "source": "perf.instrumentation", "timestamp_client": "2026-08-16T10:05:56.205Z"}
 INFO  [driver-telemetry] realtime.transport.authority {"reason": "sync_engine_tick", "source": "core.realtime.manager", "transport_authority": "reconcile"}
 INFO  [driver-telemetry] driver.sync_engine.heartbeat {"allow_gps_flush": false, "allow_socket": false, "app_state": "active", "context_id": "driver:19", "driver_sync_engine_active_ms": 30000, "interval_ms": 30000, "network_activity_authority": "mission_active_loop", "network_mode": "offline", "source": "driver.sync_engine"}
 INFO  [driver-telemetry] tracking.device_health.send_skipped {"age_ms": 39807, "reason": "throttled", "source": "driver.device_health", "trigger_reason": "health_monitor_ok"}
 INFO  [driver-telemetry] driver.network.profile {"network_profile_active": "offline", "recommended_sync_interval_ms": 30000, "source": "core.api.client"}
 INFO  [driver-telemetry] driver.http.timeout {"endpoint": "/driver/me/bookings/since", "network_profile_active": "offline", "source": "core.api.client", "timeout_ms": 2500}
 INFO  [driver-telemetry] driver.http.fail_fast_offline {"connected": false, "endpoint": "/driver/me/bookings/since", "internet_reachable": false, "network_type": "fallback", "source": "core.api.client"}
 INFO  [driver-telemetry] driver.runtime.reconcile.failure {"context_id": "driver:19", "reason": "reconcile_failed", "source": "driver.sync.orchestrator", "trigger": "manual"}
 INFO  [FCM-GATE] register effect start {"enabled": true, "fcmEnabled": true, "source": "driver.notifications.bridge", "stage": "app_foreground"}
 INFO  [driver-telemetry] driver.foreground.resume.resync {"context_id": "driver:19", "foreground_resume_resync_total": 1, "source": "driver.sync_engine"}
 INFO  [driver-telemetry] driver.runtime.resume.start {"app_state": "active", "context_id": "driver:19", "resume_attempt_id": "driver:19:1786874756704:11", "source": "driver.runtime.resume"}
 INFO  [driver-telemetry] tracking.device_health.send_skipped {"age_ms": 40139, "reason": "throttled", "source": "driver.device_health", "trigger_reason": null}
 INFO  [driver-telemetry] tracking.send.skipped {"app_state": "active", "mission_id": 27, "reason": "no_position_fix", "source": "driver.tracking.bridge"}
 INFO  [driver-telemetry] tracking.device_health.send_skipped {"age_ms": 40189, "reason": "throttled", "source": "driver.device_health", "trigger_reason": "health_monitor_ok"}
 INFO  [FCM-GATE] requesting token {"source": "driver.notifications.bridge", "stage": "app_foreground"}
 INFO  [driver-telemetry] driver.push.fcm.get_token_start {"platform": "android", "source": "driver.firebaseMessaging"}
 INFO  [FCM-GATE] getDriverFcmToken start {"platform": "android"}
 INFO  [FCM-GATE] getToken success {"tokenLength": 142}
 INFO  [driver-telemetry] driver.push.fcm.token {"source": "driver.firebaseMessaging", "token_present": true}
 INFO  [FCM-GATE] token received {"source": "driver.notifications.bridge", "stage": "app_foreground", "tokenLength": 142}
 INFO  [driver-telemetry] driver_push.token_acquired {"provider": "fcm", "source": "driver.notifications.bridge", "stage": "app_foreground", "token_length": 142}
 INFO  [FCM-GATE] posting token {"provider": "fcm", "source": "driver.notifications.bridge", "stage": "app_foreground"}
 INFO  [driver-telemetry] driver.network.profile {"network_profile_active": "offline", "recommended_sync_interval_ms": 30000, "source": "core.api.client"}
 INFO  [driver-telemetry] driver.http.timeout {"endpoint": "/driver/me/telemetry/push", "network_profile_active": "offline", "source": "core.api.client", "timeout_ms": 2500}
 INFO  [driver-telemetry] driver.network.profile {"network_profile_active": "offline", "recommended_sync_interval_ms": 30000, "source": "core.api.client"}
 INFO  [driver-telemetry] driver.http.timeout {"endpoint": "/driver/save-push-token", "network_profile_active": "offline", "source": "core.api.client", "timeout_ms": 2500}
 INFO  [driver-telemetry] push.token.registered {"provider": "fcm", "source": "driver.notifications.bridge"}
 INFO  [driver-telemetry] driver_push.register_success {"provider": "fcm", "source": "driver.notifications.bridge"}
 INFO  [driver-telemetry] driver.network.profile {"network_profile_active": "offline", "recommended_sync_interval_ms": 30000, "source": "core.api.client"}
 INFO  [driver-telemetry] driver.http.timeout {"endpoint": "/driver/me/telemetry/push", "network_profile_active": "offline", "source": "core.api.client", "timeout_ms": 2500}
 INFO  [driver-telemetry] auth.refresh.endpoint_used {"endpoint": "refresh-token", "source": "core.api.client"}
 INFO  [perf-kpi] perf.realtime.notify {"duration_ms": 0, "listener_count": 3, "role": "driver", "screen": "/", "source": "perf.instrumentation", "timestamp_client": "2026-08-16T10:05:56.994Z"}
 INFO  [driver-telemetry] realtime.transport.state {"actual_transport": "polling", "connected": true, "mode": "socket", "source": "core.realtime.manager", "transport_authority": "polling"}
 INFO  [perf-kpi] perf.realtime.notify {"duration_ms": 1, "listener_count": 3, "role": "driver", "screen": "/", "source": "perf.instrumentation", "timestamp_client": "2026-08-16T10:05:56.997Z"}
 LOG  [DriverSocket] {"contextId": "driver:19", "hasToken": true, "path": "/socket.io", "socketUrl": "http://127.0.0.1:15100", "surface": "driver", "transports": ["websocket", "polling"], "urlEnvSource": "EXPO_PUBLIC_DRIVER_SOCKET_URL"}
 INFO  [driver-telemetry] tracking.session.readiness {"readiness": "CREATING", "reason": "session_conflict", "session_generation": 925, "source": "driver.tracking.queue", "tracking_session_id": "trk_sess_1786874736871_yc3g03vz"}
 INFO  [driver-telemetry] tracking.session.readiness {"readiness": "REGISTERING", "reason": "session_conflict", "session_generation": null, "source": "driver.tracking.queue", "tracking_session_id": "trk_sess_1786874757000_9pkmwl8s"}
 INFO  [driver-telemetry] tracking.session.readiness {"readiness": "REGISTERING", "reason": "register_start", "session_generation": null, "source": "driver.tracking.queue", "tracking_session_id": "trk_sess_1786874757000_9pkmwl8s"}
 INFO  [driver-telemetry] driver.network.profile {"network_profile_active": "offline", "recommended_sync_interval_ms": 30000, "source": "core.api.client"}
 INFO  [driver-telemetry] driver.http.timeout {"endpoint": "/driver/me/tracking/sessions", "network_profile_active": "offline", "source": "core.api.client", "timeout_ms": 2500}
 INFO  [perf-kpi] perf.runtime.socket_reconnect_failed_total {"context_id": "driver:19", "source": "perf.runtime_stability", "timestamp_client": "2026-08-16T10:05:57.009Z", "total": 25}
 INFO  [driver-telemetry] realtime.transport.state {"actual_transport": "polling", "connected": false, "mode": "polling", "source": "core.realtime.manager", "transport_authority": "degraded"}
 INFO  [perf-kpi] perf.realtime.notify {"duration_ms": 0, "listener_count": 3, "role": "driver", "screen": "/", "source": "perf.instrumentation", "timestamp_client": "2026-08-16T10:05:57.010Z"}
 INFO  [driver-telemetry] realtime.socket.disconnect {"context_id": "driver:19", "reason": "websocket error", "source": "core.realtime.manager"}
 INFO  [driver-telemetry] realtime.transport.mismatch {"actual_transport": "polling", "context_id": "driver:19", "desired_transport": "socket", "source": "core.realtime.manager"}
 INFO  [driver-telemetry] realtime.reconnect.circuit_breaker_blocked {"context_id": "driver:19", "source": "core.realtime.manager"}
 INFO  [driver-telemetry] tracking.queue.flush {"backend_acked": 0, "dropped": 0, "flush_path": "http_fallback", "network_profile_active": "offline", "oldest_item_age_ms": null, "queue_depth": 0, "retried": 0, "sent": 0, "socket_emitted": 0, "source": "driver.tracking.queue", "tracking_queue_oldest_age_ms": null}
 INFO  [driver-telemetry] tracking.flush.transport {"backend_acked": 0, "sent": 0, "socket_emitted": 0, "source": "driver.tracking.queue", "transport": "http"}
 INFO  [driver-telemetry] tracking.session.readiness {"readiness": "READY", "reason": "register_ok", "session_generation": 926, "source": "driver.tracking.queue", "tracking_session_id": "trk_sess_1786874757000_9pkmwl8s"}
 INFO  [driver-telemetry] tracking.session.reconciled {"previous_session_id": "trk_sess_1786874736871_yc3g03vz", "readiness": "READY", "rebound_count": 0, "released_socket_count": 0, "source": "driver.tracking.queue", "tracking_session_id": "trk_sess_1786874757000_9pkmwl8s"}
 INFO  [driver-telemetry] tracking.queue.flush {"backend_acked": 0, "dropped": 0, "flush_path": "http_fallback", "network_profile_active": "offline", "oldest_item_age_ms": null, "queue_depth": 0, "retried": 0, "sent": 0, "socket_emitted": 0, "source": "driver.tracking.queue", "tracking_queue_oldest_age_ms": null}
 INFO  [driver-telemetry] tracking.flush.transport {"backend_acked": 0, "sent": 0, "socket_emitted": 0, "source": "driver.tracking.queue", "transport": "http"}
 INFO  [driver-telemetry] driver.network.profile {"network_profile_active": "offline", "recommended_sync_interval_ms": 30000, "source": "core.api.client"}
 INFO  [driver-telemetry] driver.http.timeout {"endpoint": "/driver/me/bookings/since", "network_profile_active": "offline", "source": "core.api.client", "timeout_ms": 2500}
 INFO  [driver-telemetry] driver.http.fail_fast_offline {"connected": false, "endpoint": "/driver/me/bookings/since", "internet_reachable": false, "network_type": "fallback", "source": "core.api.client"}
 INFO  [driver-telemetry] driver.runtime.resume.failure {"context_id": "driver:19", "reason": "resume_failed", "resume_attempt_id": "driver:19:1786874756704:11", "retry_count": 1, "source": "driver.runtime.resume", "will_retry": true}
 INFO  [driver-telemetry] auth.refresh.endpoint_used {"endpoint": "refresh-token", "source": "core.api.client"}
 INFO  [perf-kpi] perf.realtime.notify {"duration_ms": 0, "listener_count": 3, "role": "driver", "screen": "/", "source": "perf.instrumentation", "timestamp_client": "2026-08-16T10:05:57.161Z"}
 INFO  [driver-telemetry] realtime.transport.state {"actual_transport": "polling", "connected": true, "mode": "socket", "source": "core.realtime.manager", "transport_authority": "polling"}
 INFO  [perf-kpi] perf.realtime.notify {"duration_ms": 0, "listener_count": 3, "role": "driver", "screen": "/", "source": "perf.instrumentation", "timestamp_client": "2026-08-16T10:05:57.163Z"}
 LOG  [DriverSocket] {"contextId": "driver:19", "hasToken": true, "path": "/socket.io", "socketUrl": "http://127.0.0.1:15100", "surface": "driver", "transports": ["websocket", "polling"], "urlEnvSource": "EXPO_PUBLIC_DRIVER_SOCKET_URL"}
 INFO  [perf-kpi] perf.runtime.socket_reconnect_failed_total {"context_id": "driver:19", "source": "perf.runtime_stability", "timestamp_client": "2026-08-16T10:05:57.175Z", "total": 26}
 INFO  [driver-telemetry] realtime.transport.state {"actual_transport": "polling", "connected": false, "mode": "polling", "source": "core.realtime.manager", "transport_authority": "degraded"}
 INFO  [perf-kpi] perf.realtime.notify {"duration_ms": 0, "listener_count": 3, "role": "driver", "screen": "/", "source": "perf.instrumentation", "timestamp_client": "2026-08-16T10:05:57.176Z"}
 INFO  [driver-telemetry] realtime.socket.disconnect {"context_id": "driver:19", "reason": "websocket error", "source": "core.realtime.manager"}
 INFO  [driver-telemetry] realtime.transport.mismatch {"actual_transport": "polling", "context_id": "driver:19", "desired_transport": "socket", "source": "core.realtime.manager"}
 INFO  [driver-telemetry] realtime.reconnect.circuit_breaker_blocked {"context_id": "driver:19", "source": "core.realtime.manager"}
 INFO  [driver-telemetry] driver.network.profile {"network_profile_active": "offline", "recommended_sync_interval_ms": 30000, "source": "core.api.client"}
 INFO  [driver-telemetry] driver.http.timeout {"endpoint": "/driver/me/bookings/since", "network_profile_active": "offline", "source": "core.api.client", "timeout_ms": 2500}
 INFO  [driver-telemetry] driver.http.fail_fast_offline {"connected": false, "endpoint": "/driver/me/bookings/since", "internet_reachable": false, "network_type": "fallback", "source": "core.api.client"}
 INFO  [driver-telemetry] driver.runtime.resume.failure {"context_id": "driver:19", "reason": "resume_failed", "resume_attempt_id": "driver:19:1786874756704:11", "retry_count": 2, "source": "driver.runtime.resume", "will_retry": false}
 INFO  [driver-telemetry] auth.refresh.endpoint_used {"endpoint": "refresh-token", "source": "core.api.client"}
 INFO  [driver-telemetry] driver.network.profile {"network_profile_active": "offline", "recommended_sync_interval_ms": 30000, "source": "core.api.client"}
 INFO  [driver-telemetry] driver.http.timeout {"endpoint": "/driver/me/bookings/since", "network_profile_active": "offline", "source": "core.api.client", "timeout_ms": 2500}
 INFO  [driver-telemetry] driver.http.fail_fast_offline {"connected": false, "endpoint": "/driver/me/bookings/since", "internet_reachable": false, "network_type": "fallback", "source": "core.api.client"}
 INFO  [driver-telemetry] driver.runtime.reconcile.failure {"context_id": "driver:19", "reason": "reconcile_failed", "source": "driver.sync.orchestrator", "trigger": "reconnect"}
 INFO  [driver-telemetry] driver.network.profile {"network_profile_active": "offline", "recommended_sync_interval_ms": 30000, "source": "core.api.client"}
 INFO  [driver-telemetry] driver.http.timeout {"endpoint": "/driver/me/bookings/eta", "network_profile_active": "offline", "source": "core.api.client", "timeout_ms": 2500}
 INFO  [driver-telemetry] driver.http.fail_fast_offline {"connected": false, "endpoint": "/driver/me/bookings/eta", "internet_reachable": false, "network_type": "fallback", "source": "core.api.client"}
 INFO  [driver-telemetry] driver.network.profile {"network_profile_active": "offline", "recommended_sync_interval_ms": 30000, "source": "core.api.client"}
 INFO  [driver-telemetry] driver.http.timeout {"endpoint": "/driver/me/bookings/eta", "network_profile_active": "offline", "source": "core.api.client", "timeout_ms": 2500}
 INFO  [driver-telemetry] driver.http.fail_fast_offline {"connected": false, "endpoint": "/driver/me/bookings/eta", "internet_reachable": false, "network_type": "fallback", "source": "core.api.client"}
 INFO  [driver-telemetry] tracking.auth.presence.ensure_headless {"driver_id": 19, "kind": "SESSION_AVAILABLE", "path": "memory_cache"}
 INFO  [driver-telemetry] tracking.background.task_invoked {"locations_count": 1, "mission_id": 27, "source": "driver.services.backgroundLocationTask", "task_mode": "mission", "task_name": "background-location-task", "timestamp": 1786874764385}
 INFO  [driver-telemetry] tracking.queue.enqueued {"app_state": "background", "location_mode": "mission_live", "mission_id": 27, "oldest_item_age_ms": 16, "queue_depth": 1, "sequence_id": 1, "source": "driver.tracking.queue", "tracking_session_id": "trk_sess_1786874757000_9pkmwl8s"}
 INFO  [driver-telemetry] driver.network.profile {"network_profile_active": "offline", "recommended_sync_interval_ms": 30000, "source": "core.api.client"}
 INFO  [driver-telemetry] driver.http.timeout {"endpoint": "/driver/me/location", "network_profile_active": "offline", "source": "core.api.client", "timeout_ms": 28000}
 INFO  [driver-telemetry] tracking.ingest.ack {"accept_reason": "", "ack_status": "persisted", "durability": "persisted_sync", "flush_path": "http_fallback", "mission_id": 27, "queue_item_id": "trk_1786874764386_y3zv6yd9", "source": "driver.tracking.queue", "trace_id": "mob_msvn3kac_g5ne9pyw"}
 INFO  [driver-telemetry] tracking.queue.flush {"backend_acked": 1, "dropped": 0, "flush_path": "http_fallback", "network_profile_active": "poor", "oldest_item_age_ms": 160, "queue_depth": 0, "retried": 0, "sent": 1, "socket_emitted": 0, "source": "driver.tracking.queue", "tracking_queue_oldest_age_ms": 160}
 INFO  [driver-telemetry] tracking.flush.transport {"backend_acked": 1, "sent": 1, "socket_emitted": 0, "source": "driver.tracking.queue", "transport": "http"}
 INFO  [driver-telemetry] tracking.background.task.flush {"backend_acked": 1, "dropped": 0, "mission_id": 27, "network_profile_active": "poor", "queue_depth": 0, "sent": 1, "socket_emitted": 0, "source": "driver.services.backgroundLocationTask", "task_mode": "mission", "task_name": "background-location-task"}
 INFO  [driver-telemetry] realtime.degraded.entered {"degraded_hysteresis_ms": 8000, "source": "core.realtime.manager"}
 INFO  [perf-kpi] perf.realtime.notify {"duration_ms": 2, "listener_count": 3, "role": "driver", "screen": "/", "source": "perf.instrumentation", "timestamp_client": "2026-08-16T10:06:05.202Z"}
 INFO  [driver-telemetry] driver.network.tick {"app_state": "active", "context_id": "driver:19", "driver_network_tick_total": 1, "mission_presence": "relevant", "network_activity_authority": "mission_active_loop", "network_profile_active": "offline", "source": "driver.realtime"}
 INFO  [driver-telemetry] driver.network.profile {"context_id": "driver:19", "network_profile_active": "offline", "recommended_sync_interval_ms": 30000, "source": "driver.realtime"}
 INFO  [driver-telemetry] driver.network.wake {"context_id": "driver:19", "driver_network_wake_cause": "polling_tick", "network_activity_authority": "mission_active_loop", "source": "driver.realtime"}
 INFO  [driver-telemetry] driver.network.profile {"network_profile_active": "offline", "recommended_sync_interval_ms": 30000, "source": "core.api.client"}
 INFO  [driver-telemetry] driver.http.timeout {"endpoint": "/driver/me/bookings", "network_profile_active": "offline", "source": "core.api.client", "timeout_ms": 2500}
 INFO  [driver-telemetry] realtime.transport.state {"actual_transport": "polling", "connected": false, "mode": "polling", "source": "core.realtime.manager", "transport_authority": "polling"}
 INFO  [perf-kpi] perf.realtime.notify {"duration_ms": 1, "listener_count": 3, "role": "driver", "screen": "/", "source": "perf.instrumentation", "timestamp_client": "2026-08-16T10:06:11.217Z"}
 INFO  [driver-telemetry] realtime.transport.authority {"reason": "full_polling_tick", "source": "core.realtime.manager", "transport_authority": "polling"}
 INFO  [driver-telemetry] realtime.polling.full_refetch {"context_id": "driver:19", "driver_http_calls_per_hour": 1, "mission_poll_full_refetch_total": 1, "network_activity_authority": "mission_active_loop", "source": "driver.realtime"}
 INFO  [driver-telemetry] realtime.mission.freshness {"context_id": "driver:19", "mission_state_freshness_ms": 740219, "realtime_transport_mode": "polling", "source": "driver.realtime.polling"}
 INFO  [FCM-GATE] register effect start {"enabled": true, "fcmEnabled": true, "source": "driver.notifications.bridge", "stage": "app_foreground"}
 INFO  [driver-telemetry] driver.foreground.resume.resync {"context_id": "driver:19", "foreground_resume_resync_total": 1, "source": "driver.sync_engine"}
 INFO  [driver-telemetry] driver.runtime.resume.start {"app_state": "active", "context_id": "driver:19", "resume_attempt_id": "driver:19:1786874776808:12", "source": "driver.runtime.resume"}
 INFO  [driver-telemetry] driver.network.profile {"network_profile_active": "offline", "recommended_sync_interval_ms": 30000, "source": "core.api.client"}
 INFO  [driver-telemetry] driver.http.timeout {"endpoint": "/driver/me/device-health", "network_profile_active": "offline", "source": "core.api.client", "timeout_ms": 2500}
 INFO  [perf-kpi] perf.js_long_task {"duration_ms": 100.76427000015974, "role": "driver", "screen": "/", "source": "perf.instrumentation", "timestamp_client": "2026-08-16T10:06:16.812Z"}
 INFO  [driver-telemetry] tracking.send.skipped {"app_state": "active", "mission_id": 27, "reason": "no_position_fix", "source": "driver.tracking.bridge"}
 INFO  [driver-telemetry] driver.network.profile {"network_profile_active": "offline", "recommended_sync_interval_ms": 30000, "source": "core.api.client"}
 INFO  [driver-telemetry] driver.http.timeout {"endpoint": "/driver/me/device-health", "network_profile_active": "offline", "source": "core.api.client", "timeout_ms": 2500}
 INFO  [driver-telemetry] tracking.device_health.sent {"battery_optimized": false, "constraint_reason": null, "fgs_running": true, "kind": "tracking_health", "source": "driver.device_health", "trigger_reason": null}
 INFO  [FCM-GATE] requesting token {"source": "driver.notifications.bridge", "stage": "app_foreground"}
 INFO  [driver-telemetry] driver.push.fcm.get_token_start {"platform": "android", "source": "driver.firebaseMessaging"}
 INFO  [FCM-GATE] getDriverFcmToken start {"platform": "android"}
 INFO  [FCM-GATE] getToken success {"tokenLength": 142}
 INFO  [driver-telemetry] driver.push.fcm.token {"source": "driver.firebaseMessaging", "token_present": true}
 INFO  [FCM-GATE] token received {"source": "driver.notifications.bridge", "stage": "app_foreground", "tokenLength": 142}
 INFO  [driver-telemetry] driver_push.token_acquired {"provider": "fcm", "source": "driver.notifications.bridge", "stage": "app_foreground", "token_length": 142}
 INFO  [FCM-GATE] posting token {"provider": "fcm", "source": "driver.notifications.bridge", "stage": "app_foreground"}
 INFO  [driver-telemetry] driver.network.profile {"network_profile_active": "offline", "recommended_sync_interval_ms": 30000, "source": "core.api.client"}
 INFO  [driver-telemetry] driver.http.timeout {"endpoint": "/driver/me/telemetry/push", "network_profile_active": "offline", "source": "core.api.client", "timeout_ms": 2500}
 INFO  [driver-telemetry] driver.network.profile {"network_profile_active": "offline", "recommended_sync_interval_ms": 30000, "source": "core.api.client"}
 INFO  [driver-telemetry] driver.http.timeout {"endpoint": "/driver/save-push-token", "network_profile_active": "offline", "source": "core.api.client", "timeout_ms": 2500}
 INFO  [driver-telemetry] tracking.device_health.sent {"battery_optimized": false, "constraint_reason": null, "fgs_running": true, "kind": "tracking_health", "source": "driver.device_health", "trigger_reason": "health_monitor_ok"}
 INFO  [driver-telemetry] push.token.registered {"provider": "fcm", "source": "driver.notifications.bridge"}
 INFO  [driver-telemetry] driver_push.register_success {"provider": "fcm", "source": "driver.notifications.bridge"}
 INFO  [driver-telemetry] driver.network.profile {"network_profile_active": "offline", "recommended_sync_interval_ms": 30000, "source": "core.api.client"}
 INFO  [driver-telemetry] driver.http.timeout {"endpoint": "/driver/me/telemetry/push", "network_profile_active": "offline", "source": "core.api.client", "timeout_ms": 2500}
 INFO  [driver-telemetry] auth.refresh.endpoint_used {"endpoint": "refresh-token", "source": "core.api.client"}
 INFO  [perf-kpi] perf.realtime.notify {"duration_ms": 1, "listener_count": 3, "role": "driver", "screen": "/", "source": "perf.instrumentation", "timestamp_client": "2026-08-16T10:06:17.189Z"}
 INFO  [driver-telemetry] realtime.transport.state {"actual_transport": "polling", "connected": true, "mode": "socket", "source": "core.realtime.manager", "transport_authority": "polling"}
 INFO  [perf-kpi] perf.realtime.notify {"duration_ms": 1, "listener_count": 3, "role": "driver", "screen": "/", "source": "perf.instrumentation", "timestamp_client": "2026-08-16T10:06:17.191Z"}
 LOG  [DriverSocket] {"contextId": "driver:19", "hasToken": true, "path": "/socket.io", "socketUrl": "http://127.0.0.1:15100", "surface": "driver", "transports": ["websocket", "polling"], "urlEnvSource": "EXPO_PUBLIC_DRIVER_SOCKET_URL"}
 INFO  [driver-telemetry] tracking.session.readiness {"readiness": "CREATING", "reason": "session_conflict", "session_generation": 926, "source": "driver.tracking.queue", "tracking_session_id": "trk_sess_1786874757000_9pkmwl8s"}
 INFO  [driver-telemetry] tracking.session.readiness {"readiness": "REGISTERING", "reason": "session_conflict", "session_generation": null, "source": "driver.tracking.queue", "tracking_session_id": "trk_sess_1786874777194_g5z0of19"}
 INFO  [driver-telemetry] tracking.session.readiness {"readiness": "REGISTERING", "reason": "register_start", "session_generation": null, "source": "driver.tracking.queue", "tracking_session_id": "trk_sess_1786874777194_g5z0of19"}
 INFO  [driver-telemetry] driver.network.profile {"network_profile_active": "offline", "recommended_sync_interval_ms": 30000, "source": "core.api.client"}
 INFO  [driver-telemetry] driver.http.timeout {"endpoint": "/driver/me/tracking/sessions", "network_profile_active": "offline", "source": "core.api.client", "timeout_ms": 2500}
 INFO  [perf-kpi] perf.runtime.socket_reconnect_failed_total {"context_id": "driver:19", "source": "perf.runtime_stability", "timestamp_client": "2026-08-16T10:06:17.206Z", "total": 27}
 INFO  [driver-telemetry] realtime.transport.state {"actual_transport": "polling", "connected": false, "mode": "polling", "source": "core.realtime.manager", "transport_authority": "degraded"}
 INFO  [perf-kpi] perf.realtime.notify {"duration_ms": 1, "listener_count": 3, "role": "driver", "screen": "/", "source": "perf.instrumentation", "timestamp_client": "2026-08-16T10:06:17.207Z"}
 INFO  [driver-telemetry] realtime.socket.disconnect {"context_id": "driver:19", "reason": "websocket error", "source": "core.realtime.manager"}
 INFO  [driver-telemetry] realtime.transport.mismatch {"actual_transport": "polling", "context_id": "driver:19", "desired_transport": "socket", "source": "core.realtime.manager"}
 INFO  [perf-kpi] perf.realtime.notify {"duration_ms": 0, "listener_count": 3, "role": "driver", "screen": "/", "source": "perf.instrumentation", "timestamp_client": "2026-08-16T10:06:17.208Z"}
 INFO  [driver-telemetry] tracking.queue.flush {"backend_acked": 0, "dropped": 0, "flush_path": "http_fallback", "network_profile_active": "offline", "oldest_item_age_ms": null, "queue_depth": 0, "retried": 0, "sent": 0, "socket_emitted": 0, "source": "driver.tracking.queue", "tracking_queue_oldest_age_ms": null}
 INFO  [driver-telemetry] tracking.flush.transport {"backend_acked": 0, "sent": 0, "socket_emitted": 0, "source": "driver.tracking.queue", "transport": "http"}
 INFO  [driver-telemetry] driver.network.profile {"network_profile_active": "offline", "recommended_sync_interval_ms": 30000, "source": "core.api.client"}
 INFO  [driver-telemetry] driver.http.timeout {"endpoint": "/driver/me/bookings/since", "network_profile_active": "offline", "source": "core.api.client", "timeout_ms": 2500}
 INFO  [driver-telemetry] driver.http.fail_fast_offline {"connected": false, "endpoint": "/driver/me/bookings/since", "internet_reachable": false, "network_type": "fallback", "source": "core.api.client"}
 INFO  [driver-telemetry] driver.runtime.resume.failure {"context_id": "driver:19", "reason": "resume_failed", "resume_attempt_id": "driver:19:1786874776808:12", "retry_count": 1, "source": "driver.runtime.resume", "will_retry": true}
 INFO  [driver-telemetry] tracking.session.readiness {"readiness": "READY", "reason": "register_ok", "session_generation": 927, "source": "driver.tracking.queue", "tracking_session_id": "trk_sess_1786874777194_g5z0of19"}
 INFO  [driver-telemetry] tracking.session.reconciled {"previous_session_id": "trk_sess_1786874757000_9pkmwl8s", "readiness": "READY", "rebound_count": 0, "released_socket_count": 0, "source": "driver.tracking.queue", "tracking_session_id": "trk_sess_1786874777194_g5z0of19"}
 INFO  [driver-telemetry] tracking.queue.flush {"backend_acked": 0, "dropped": 0, "flush_path": "http_fallback", "network_profile_active": "offline", "oldest_item_age_ms": null, "queue_depth": 0, "retried": 0, "sent": 0, "socket_emitted": 0, "source": "driver.tracking.queue", "tracking_queue_oldest_age_ms": null}
 INFO  [driver-telemetry] tracking.flush.transport {"backend_acked": 0, "sent": 0, "socket_emitted": 0, "source": "driver.tracking.queue", "transport": "http"}
 INFO  [driver-telemetry] auth.refresh.endpoint_used {"endpoint": "refresh-token", "source": "core.api.client"}
 INFO  [perf-kpi] perf.realtime.notify {"duration_ms": 1, "listener_count": 3, "role": "driver", "screen": "/", "source": "perf.instrumentation", "timestamp_client": "2026-08-16T10:06:17.378Z"}
 INFO  [driver-telemetry] realtime.transport.state {"actual_transport": "polling", "connected": true, "mode": "socket", "source": "core.realtime.manager", "transport_authority": "polling"}
 INFO  [perf-kpi] perf.realtime.notify {"duration_ms": 1, "listener_count": 3, "role": "driver", "screen": "/", "source": "perf.instrumentation", "timestamp_client": "2026-08-16T10:06:17.380Z"}
 LOG  [DriverSocket] {"contextId": "driver:19", "hasToken": true, "path": "/socket.io", "socketUrl": "http://127.0.0.1:15100", "surface": "driver", "transports": ["websocket", "polling"], "urlEnvSource": "EXPO_PUBLIC_DRIVER_SOCKET_URL"}
 INFO  [perf-kpi] perf.runtime.socket_reconnect_failed_total {"context_id": "driver:19", "source": "perf.runtime_stability", "timestamp_client": "2026-08-16T10:06:17.392Z", "total": 28}
 INFO  [driver-telemetry] realtime.transport.state {"actual_transport": "polling", "connected": false, "mode": "polling", "source": "core.realtime.manager", "transport_authority": "degraded"}
 INFO  [perf-kpi] perf.realtime.notify {"duration_ms": 0, "listener_count": 3, "role": "driver", "screen": "/", "source": "perf.instrumentation", "timestamp_client": "2026-08-16T10:06:17.393Z"}
 INFO  [driver-telemetry] realtime.socket.disconnect {"context_id": "driver:19", "reason": "websocket error", "source": "core.realtime.manager"}
 INFO  [driver-telemetry] realtime.transport.mismatch {"actual_transport": "polling", "context_id": "driver:19", "desired_transport": "socket", "source": "core.realtime.manager"}
 INFO  [perf-kpi] perf.realtime.notify {"duration_ms": 0, "listener_count": 3, "role": "driver", "screen": "/", "source": "perf.instrumentation", "timestamp_client": "2026-08-16T10:06:17.395Z"}
 INFO  [driver-telemetry] driver.network.profile {"network_profile_active": "offline", "recommended_sync_interval_ms": 30000, "source": "core.api.client"}
 INFO  [driver-telemetry] driver.http.timeout {"endpoint": "/driver/me/bookings/since", "network_profile_active": "offline", "source": "core.api.client", "timeout_ms": 2500}
 INFO  [driver-telemetry] driver.http.fail_fast_offline {"connected": false, "endpoint": "/driver/me/bookings/since", "internet_reachable": false, "network_type": "fallback", "source": "core.api.client"}
 INFO  [driver-telemetry] driver.runtime.resume.failure {"context_id": "driver:19", "reason": "resume_failed", "resume_attempt_id": "driver:19:1786874776808:12", "retry_count": 2, "source": "driver.runtime.resume", "will_retry": false}
 INFO  [driver-telemetry] auth.refresh.endpoint_used {"endpoint": "refresh-token", "source": "core.api.client"}
 INFO  [driver-telemetry] driver.network.profile {"network_profile_active": "offline", "recommended_sync_interval_ms": 30000, "source": "core.api.client"}
 INFO  [driver-telemetry] driver.http.timeout {"endpoint": "/driver/me/bookings/since", "network_profile_active": "offline", "source": "core.api.client", "timeout_ms": 2500}
 INFO  [driver-telemetry] driver.http.fail_fast_offline {"connected": false, "endpoint": "/driver/me/bookings/since", "internet_reachable": false, "network_type": "fallback", "source": "core.api.client"}
 INFO  [driver-telemetry] driver.runtime.reconcile.failure {"context_id": "driver:19", "reason": "reconcile_failed", "source": "driver.sync.orchestrator", "trigger": "reconnect"}
 INFO  [driver-telemetry] auth.refresh.endpoint_used {"endpoint": "refresh-token", "source": "core.api.client"}
 LOG  [DriverSocket] {"contextId": "driver:19", "hasToken": true, "path": "/socket.io", "socketUrl": "http://127.0.0.1:15100", "surface": "driver", "transports": ["websocket", "polling"], "urlEnvSource": "EXPO_PUBLIC_DRIVER_SOCKET_URL"}
 INFO  [perf-kpi] perf.runtime.socket_reconnect_failed_total {"context_id": "driver:19", "source": "perf.runtime_stability", "timestamp_client": "2026-08-16T10:06:19.549Z", "total": 29}
 INFO  [perf-kpi] perf.realtime.notify {"duration_ms": 1, "listener_count": 3, "role": "driver", "screen": "/", "source": "perf.instrumentation", "timestamp_client": "2026-08-16T10:06:19.551Z"}
 INFO  [driver-telemetry] realtime.socket.disconnect {"context_id": "driver:19", "reason": "websocket error", "source": "core.realtime.manager"}
 INFO  [driver-telemetry] realtime.transport.mismatch {"actual_transport": "polling", "context_id": "driver:19", "desired_transport": "socket", "source": "core.realtime.manager"}
 INFO  [perf-kpi] perf.realtime.notify {"duration_ms": 0, "listener_count": 3, "role": "driver", "screen": "/", "source": "perf.instrumentation", "timestamp_client": "2026-08-16T10:06:19.553Z"}
 INFO  [driver-telemetry] auth.refresh.endpoint_used {"endpoint": "refresh-token", "source": "core.api.client"}
 INFO  [driver-telemetry] auth.refresh.endpoint_used {"endpoint": "refresh-token", "source": "core.api.client"}
 LOG  [DriverSocket] {"contextId": "driver:19", "hasToken": true, "path": "/socket.io", "socketUrl": "http://127.0.0.1:15100", "surface": "driver", "transports": ["websocket", "polling"], "urlEnvSource": "EXPO_PUBLIC_DRIVER_SOCKET_URL"}
 INFO  [perf-kpi] perf.runtime.socket_reconnect_failed_total {"context_id": "driver:19", "source": "perf.runtime_stability", "timestamp_client": "2026-08-16T10:06:23.969Z", "total": 30}
 INFO  [perf-kpi] perf.realtime.notify {"duration_ms": 0, "listener_count": 3, "role": "driver", "screen": "/", "source": "perf.instrumentation", "timestamp_client": "2026-08-16T10:06:23.970Z"}
 INFO  [driver-telemetry] realtime.socket.disconnect {"context_id": "driver:19", "reason": "websocket error", "source": "core.realtime.manager"}
 INFO  [driver-telemetry] realtime.transport.mismatch {"actual_transport": "polling", "context_id": "driver:19", "desired_transport": "socket", "source": "core.realtime.manager"}
 INFO  [perf-kpi] perf.realtime.notify {"duration_ms": 0, "listener_count": 3, "role": "driver", "screen": "/", "source": "perf.instrumentation", "timestamp_client": "2026-08-16T10:06:23.972Z"}
 INFO  [driver-telemetry] auth.refresh.endpoint_used {"endpoint": "refresh-token", "source": "core.api.client"}
 INFO  [driver-telemetry] tracking.auth.presence.ensure_headless {"driver_id": 19, "kind": "SESSION_AVAILABLE", "path": "memory_cache"}
 INFO  [driver-telemetry] tracking.background.task_invoked {"locations_count": 1, "mission_id": 27, "source": "driver.services.backgroundLocationTask", "task_mode": "mission", "task_name": "background-location-task", "timestamp": 1786874784673}
 INFO  [driver-telemetry] tracking.queue.enqueued {"app_state": "background", "location_mode": "mission_live", "mission_id": 27, "oldest_item_age_ms": 19, "queue_depth": 1, "sequence_id": 1, "source": "driver.tracking.queue", "tracking_session_id": "trk_sess_1786874777194_g5z0of19"}
 INFO  [driver-telemetry] driver.network.profile {"network_profile_active": "offline", "recommended_sync_interval_ms": 30000, "source": "core.api.client"}
 INFO  [driver-telemetry] driver.http.timeout {"endpoint": "/driver/me/location", "network_profile_active": "offline", "source": "core.api.client", "timeout_ms": 28000}
 INFO  [driver-telemetry] tracking.ingest.ack {"accept_reason": "", "ack_status": "persisted", "durability": "persisted_sync", "flush_path": "http_fallback", "mission_id": 27, "queue_item_id": "trk_1786874784674_j3p50rk5", "source": "driver.tracking.queue", "trace_id": "mob_msvn3zxy_s0b1m4ct"}
 INFO  [driver-telemetry] tracking.queue.flush {"backend_acked": 1, "dropped": 0, "flush_path": "http_fallback", "network_profile_active": "poor", "oldest_item_age_ms": 266, "queue_depth": 0, "retried": 0, "sent": 1, "socket_emitted": 0, "source": "driver.tracking.queue", "tracking_queue_oldest_age_ms": 266}
 INFO  [driver-telemetry] tracking.flush.transport {"backend_acked": 1, "sent": 1, "socket_emitted": 0, "source": "driver.tracking.queue", "transport": "http"}
 INFO  [driver-telemetry] tracking.background.task.flush {"backend_acked": 1, "dropped": 0, "mission_id": 27, "network_profile_active": "poor", "queue_depth": 0, "sent": 1, "socket_emitted": 0, "source": "driver.services.backgroundLocationTask", "task_mode": "mission", "task_name": "background-location-task"}
 INFO  [driver-telemetry] realtime.degraded.entered {"degraded_hysteresis_ms": 8000, "source": "core.realtime.manager"}
 INFO  [perf-kpi] perf.realtime.notify {"duration_ms": 2, "listener_count": 3, "role": "driver", "screen": "/", "source": "perf.instrumentation", "timestamp_client": "2026-08-16T10:06:25.407Z"}
 INFO  [driver-telemetry] driver.network.tick {"app_state": "active", "context_id": "driver:19", "driver_network_tick_total": 1, "mission_presence": "relevant", "network_activity_authority": "mission_active_loop", "network_profile_active": "offline", "source": "driver.realtime"}
 INFO  [driver-telemetry] driver.network.profile {"context_id": "driver:19", "network_profile_active": "offline", "recommended_sync_interval_ms": 30000, "source": "driver.realtime"}
 INFO  [driver-telemetry] driver.network.wake {"context_id": "driver:19", "driver_network_wake_cause": "polling_tick", "network_activity_authority": "mission_active_loop", "source": "driver.realtime"}
 INFO  [driver-telemetry] driver.network.tick.skipped {"context_id": "driver:19", "driver_network_tick_skipped_total": 1, "network_activity_authority": "mission_active_loop", "reason": "idle_rate_limit", "source": "driver.realtime"}
 INFO  [driver-telemetry] driver.network.tick {"app_state": "active", "context_id": "driver:19", "driver_network_tick_total": 1, "mission_presence": "relevant", "network_activity_authority": "mission_active_loop", "source": "driver.sync_engine"}
 INFO  [driver-telemetry] driver.network.wake {"context_id": "driver:19", "driver_network_wake_cause": "sync_engine", "network_activity_authority": "mission_active_loop", "source": "driver.sync_engine"}
 INFO  [driver-telemetry] driver.sync_engine.flush.skipped {"context_id": "driver:19", "reason": "queue_empty_or_tracking_idle", "source": "driver.sync_engine"}
 INFO  [driver-telemetry] realtime.transport.state {"actual_transport": "polling", "connected": false, "mode": "polling", "source": "core.realtime.manager", "transport_authority": "reconcile"}
 INFO  [perf-kpi] perf.realtime.notify {"duration_ms": 1, "listener_count": 3, "role": "driver", "screen": "/", "source": "perf.instrumentation", "timestamp_client": "2026-08-16T10:06:26.241Z"}
 INFO  [driver-telemetry] realtime.transport.authority {"reason": "sync_engine_tick", "source": "core.realtime.manager", "transport_authority": "reconcile"}
 INFO  [driver-telemetry] driver.sync_engine.heartbeat {"allow_gps_flush": false, "allow_socket": false, "app_state": "active", "context_id": "driver:19", "driver_sync_engine_active_ms": 30000, "interval_ms": 30000, "network_activity_authority": "mission_active_loop", "network_mode": "offline", "source": "driver.sync_engine"}
 INFO  [driver-telemetry] driver.network.profile {"network_profile_active": "offline", "recommended_sync_interval_ms": 30000, "source": "core.api.client"}
 INFO  [driver-telemetry] driver.http.timeout {"endpoint": "/driver/me/bookings/since", "network_profile_active": "offline", "source": "core.api.client", "timeout_ms": 2500}
 INFO  [driver-telemetry] driver.http.fail_fast_offline {"connected": false, "endpoint": "/driver/me/bookings/since", "internet_reachable": false, "network_type": "fallback", "source": "core.api.client"}
 INFO  [driver-telemetry] driver.runtime.reconcile.failure {"context_id": "driver:19", "reason": "reconcile_failed", "source": "driver.sync.orchestrator", "trigger": "manual"}
 INFO  [driver-telemetry] driver.network.profile {"network_profile_active": "offline", "recommended_sync_interval_ms": 30000, "source": "core.api.client"}
 INFO  [driver-telemetry] driver.http.timeout {"endpoint": "/driver/me/bookings/eta", "network_profile_active": "offline", "source": "core.api.client", "timeout_ms": 2500}
 INFO  [driver-telemetry] driver.http.fail_fast_offline {"connected": false, "endpoint": "/driver/me/bookings/eta", "internet_reachable": false, "network_type": "fallback", "source": "core.api.client"}
 INFO  [driver-telemetry] driver.network.profile {"network_profile_active": "offline", "recommended_sync_interval_ms": 30000, "source": "core.api.client"}
 INFO  [driver-telemetry] driver.http.timeout {"endpoint": "/driver/me/bookings/eta", "network_profile_active": "offline", "source": "core.api.client", "timeout_ms": 2500}
 INFO  [driver-telemetry] driver.http.fail_fast_offline {"connected": false, "endpoint": "/driver/me/bookings/eta", "internet_reachable": false, "network_type": "fallback", "source": "core.api.client"}
 INFO  [driver-telemetry] auth.refresh.endpoint_used {"endpoint": "refresh-token", "source": "core.api.client"}
 LOG  [DriverSocket] {"contextId": "driver:19", "hasToken": true, "path": "/socket.io", "socketUrl": "http://127.0.0.1:15100", "surface": "driver", "transports": ["websocket", "polling"], "urlEnvSource": "EXPO_PUBLIC_DRIVER_SOCKET_URL"}
 INFO  [perf-kpi] perf.runtime.socket_reconnect_failed_total {"context_id": "driver:19", "source": "perf.runtime_stability", "timestamp_client": "2026-08-16T10:06:33.428Z", "total": 31}
 INFO  [driver-telemetry] realtime.transport.state {"actual_transport": "polling", "connected": false, "mode": "polling", "source": "core.realtime.manager", "transport_authority": "degraded"}
 INFO  [perf-kpi] perf.realtime.notify {"duration_ms": 0, "listener_count": 3, "role": "driver", "screen": "/", "source": "perf.instrumentation", "timestamp_client": "2026-08-16T10:06:33.430Z"}
 INFO  [driver-telemetry] realtime.socket.disconnect {"context_id": "driver:19", "reason": "websocket error", "source": "core.realtime.manager"}
 INFO  [driver-telemetry] realtime.transport.mismatch {"actual_transport": "polling", "context_id": "driver:19", "desired_transport": "socket", "source": "core.realtime.manager"}
 INFO  [perf-kpi] perf.realtime.notify {"duration_ms": 1, "listener_count": 3, "role": "driver", "screen": "/", "source": "perf.instrumentation", "timestamp_client": "2026-08-16T10:06:33.433Z"}
 INFO  [driver-telemetry] auth.refresh.endpoint_used {"endpoint": "refresh-token", "source": "core.api.client"}
 INFO  [driver-telemetry] tracking.anti_zombie.triggered {"app_state": "active", "fsm_state": "IDLE", "last_fix_age_sec": 82.341, "mission_id": 27, "source": "driver.tracking.bridge", "threshold_sec": 60}
 INFO  [driver-telemetry] tracking.device_health.send_skipped {"age_ms": 19960, "reason": "throttled", "source": "driver.device_health", "trigger_reason": "anti_zombie_fix_stale"}
 INFO  [driver-telemetry] tracking.background.stop_requested {"app_state_at_request": "active", "mission_id": null, "native_owner": null, "source": "driver.services.backgroundLocationTask", "start_in_flight": 0, "stop_attempt_id": "nlo_stop_1786874796838_3", "stop_in_flight": 1, "stop_reason": "self_heal_restart", "stop_requested_at": 1786874796838, "task_name": "background-location-task"}
 INFO  [driver-telemetry] tracking.background.stop_success {"app_state_at_request": "active", "app_state_at_resolve": "active", "mission_id": null, "native_owner": null, "source": "driver.services.backgroundLocationTask", "start_in_flight": 0, "stop_attempt_id": "nlo_stop_1786874796838_3", "stop_in_flight": 1, "stop_reason": "self_heal_restart", "stop_requested_at": 1786874796838, "task_name": "background-location-task"}
 INFO  [driver-telemetry] tracking.background.task.stopped {"reason": "self_heal_restart", "source": "driver.services.backgroundLocationTask", "task_name": "background-location-task"}
 INFO  [driver-telemetry] tracking.background.start_deferred {"app_state": "background", "mission_id": 27, "reason": "ensure_manager_state", "source": "driver.services.backgroundLocationTask", "task_defined": true, "task_started": false}
 INFO  [FCM-GATE] register effect start {"enabled": true, "fcmEnabled": true, "source": "driver.notifications.bridge", "stage": "app_foreground"}
 INFO  [driver-telemetry] driver.foreground.resume.resync {"context_id": "driver:19", "foreground_resume_resync_total": 1, "source": "driver.sync_engine"}
 INFO  [driver-telemetry] driver.runtime.resume.start {"app_state": "active", "context_id": "driver:19", "resume_attempt_id": "driver:19:1786874796954:13", "source": "driver.runtime.resume"}
 INFO  [driver-telemetry] driver.network.profile {"network_profile_active": "offline", "recommended_sync_interval_ms": 30000, "source": "core.api.client"}
 INFO  [driver-telemetry] driver.http.timeout {"endpoint": "/driver/me/device-health", "network_profile_active": "offline", "source": "core.api.client", "timeout_ms": 2500}
 INFO  [driver-telemetry] tracking.background.resume.rejected_missing_owner {"source": "driver.services.backgroundLocationTask"}
 INFO  [perf-kpi] perf.js_long_task {"duration_ms": 104.98057299852371, "role": "driver", "screen": "/", "source": "perf.instrumentation", "timestamp_client": "2026-08-16T10:06:36.971Z"}
 INFO  [driver-telemetry] tracking.fgs_stopped_during_mission {"constraint_reason": "fgs_not_running", "mission_id": 27, "source": "driver.background_tracking_health_monitor"}
 INFO  [driver-telemetry] tracking.health_monitor.constraint_changed {"constraint_reason": "fgs_not_running", "ok": false, "source": "driver.background_tracking_health_monitor"}
 INFO  [driver-telemetry] tracking.device_health.sent {"battery_optimized": false, "constraint_reason": "fgs_not_running", "fgs_running": false, "kind": "tracking_health", "source": "driver.device_health", "trigger_reason": null}
 INFO  [driver-telemetry] tracking.device_health.send_skipped {"age_ms": 66, "reason": "throttled", "source": "driver.device_health", "trigger_reason": "health_monitor:fgs_not_running"}
 INFO  [driver-telemetry] tracking.background.task.stopped {"reason": "missing_native_owner", "source": "driver.services.backgroundLocationTask", "task_name": "background-location-task"}
 INFO  [FCM-GATE] requesting token {"source": "driver.notifications.bridge", "stage": "app_foreground"}
 INFO  [driver-telemetry] driver.push.fcm.get_token_start {"platform": "android", "source": "driver.firebaseMessaging"}
 INFO  [FCM-GATE] getDriverFcmToken start {"platform": "android"}
 INFO  [driver-telemetry] tracking.background.start_deferred {"app_state": "background", "mission_id": 27, "reason": "ensure_manager_state", "source": "driver.services.backgroundLocationTask", "task_defined": true, "task_started": false}
 INFO  [FCM-GATE] register effect start {"enabled": true, "fcmEnabled": true, "source": "driver.notifications.bridge", "stage": "app_foreground"}
 INFO  [driver-telemetry] driver.foreground.resume.resync.coalesced {"context_id": "driver:19", "foreground_resume_resync_coalesced_total": 1, "source": "driver.sync_engine"}
 INFO  [FCM-GATE] getToken success {"tokenLength": 142}
 INFO  [driver-telemetry] driver.push.fcm.token {"source": "driver.firebaseMessaging", "token_present": true}
 INFO  [FCM-GATE] token received {"source": "driver.notifications.bridge", "stage": "app_foreground", "tokenLength": 142}
 INFO  [driver-telemetry] driver_push.token_acquired {"provider": "fcm", "source": "driver.notifications.bridge", "stage": "app_foreground", "token_length": 142}
 INFO  [FCM-GATE] posting token {"provider": "fcm", "source": "driver.notifications.bridge", "stage": "app_foreground"}
 INFO  [driver-telemetry] driver.network.profile {"network_profile_active": "offline", "recommended_sync_interval_ms": 30000, "source": "core.api.client"}
 INFO  [driver-telemetry] driver.http.timeout {"endpoint": "/driver/me/telemetry/push", "network_profile_active": "offline", "source": "core.api.client", "timeout_ms": 2500}
 INFO  [perf-kpi] perf.js_long_task {"duration_ms": 115.49437499791384, "role": "driver", "screen": "/", "source": "perf.instrumentation", "timestamp_client": "2026-08-16T10:06:37.087Z"}
 INFO  [driver-telemetry] tracking.device_health.send_skipped {"age_ms": 132, "reason": "throttled", "source": "driver.device_health", "trigger_reason": null}
 INFO  [driver-telemetry] tracking.background.resume.rejected_missing_owner {"source": "driver.services.backgroundLocationTask"}
 INFO  [driver-telemetry] tracking.watch.started {"accuracy_tier": "high", "app_state": "active", "distance_m": 10, "mission_id": 27, "source": "driver.tracking.bridge"}
 INFO  [driver-telemetry] tracking.watch.started {"accuracy_tier": "high", "app_state": "background", "distance_m": 10, "mission_id": 27, "source": "driver.tracking.bridge"}
 INFO  [driver-telemetry] tracking.watch.started {"accuracy_tier": "high", "app_state": "active", "distance_m": 10, "mission_id": 27, "source": "driver.tracking.bridge"}
 INFO  [driver-telemetry] tracking.watch.started {"accuracy_tier": "high", "app_state": "background", "distance_m": 10, "mission_id": 27, "source": "driver.tracking.bridge"}
 INFO  [driver-telemetry] driver.network.profile {"network_profile_active": "offline", "recommended_sync_interval_ms": 30000, "source": "core.api.client"}
 INFO  [driver-telemetry] driver.http.timeout {"endpoint": "/driver/save-push-token", "network_profile_active": "offline", "source": "core.api.client", "timeout_ms": 2500}
 INFO  [driver-telemetry] tracking.device_health.send_skipped {"age_ms": 173, "reason": "throttled", "source": "driver.device_health", "trigger_reason": "health_monitor:fgs_not_running"}
 INFO  [driver-telemetry] tracking.watch.restarted {"app_state": "active", "mission_id": 27, "reason": "anti_zombie_fix_stale"}
 INFO  [driver-telemetry] tracking.device_health.send_skipped {"age_ms": 181, "reason": "throttled", "source": "driver.device_health", "trigger_reason": "stale_fallback_restart"}
 INFO  [perf-kpi] perf.js_long_task {"duration_ms": 103.25864599645138, "role": "driver", "screen": "/", "source": "perf.instrumentation", "timestamp_client": "2026-08-16T10:06:37.239Z"}
 INFO  [FCM-GATE] requesting token {"source": "driver.notifications.bridge", "stage": "app_foreground"}
 INFO  [driver-telemetry] driver.push.fcm.get_token_start {"platform": "android", "source": "driver.firebaseMessaging"}
 INFO  [FCM-GATE] getDriverFcmToken start {"platform": "android"}
 INFO  [driver-telemetry] auth.refresh.endpoint_used {"endpoint": "refresh-token", "source": "core.api.client"}
 INFO  [driver-telemetry] push.token.registered {"provider": "fcm", "source": "driver.notifications.bridge"}
 INFO  [driver-telemetry] driver_push.register_success {"provider": "fcm", "source": "driver.notifications.bridge"}
 INFO  [driver-telemetry] driver.network.profile {"network_profile_active": "offline", "recommended_sync_interval_ms": 30000, "source": "core.api.client"}
 INFO  [driver-telemetry] driver.http.timeout {"endpoint": "/driver/me/telemetry/push", "network_profile_active": "offline", "source": "core.api.client", "timeout_ms": 2500}
 INFO  [FCM-GATE] register effect start {"enabled": true, "fcmEnabled": true, "source": "driver.notifications.bridge", "stage": "app_foreground"}
 INFO  [driver-telemetry] driver.foreground.resume.resync.coalesced {"context_id": "driver:19", "foreground_resume_resync_coalesced_total": 1, "source": "driver.sync_engine"}
 INFO  [FCM-GATE] getToken success {"tokenLength": 142}
 INFO  [driver-telemetry] driver.push.fcm.token {"source": "driver.firebaseMessaging", "token_present": true}
 INFO  [FCM-GATE] token received {"source": "driver.notifications.bridge", "stage": "app_foreground", "tokenLength": 142}
 INFO  [driver-telemetry] driver_push.token_acquired {"provider": "fcm", "source": "driver.notifications.bridge", "stage": "app_foreground", "token_length": 142}
 INFO  [FCM-GATE] posting token {"provider": "fcm", "source": "driver.notifications.bridge", "stage": "app_foreground"}
 INFO  [driver-telemetry] driver.network.profile {"network_profile_active": "offline", "recommended_sync_interval_ms": 30000, "source": "core.api.client"}
 INFO  [driver-telemetry] driver.http.timeout {"endpoint": "/driver/me/telemetry/push", "network_profile_active": "offline", "source": "core.api.client", "timeout_ms": 2500}
 INFO  [perf-kpi] perf.js_long_task {"duration_ms": 107.37244799733162, "role": "driver", "screen": "/", "source": "perf.instrumentation", "timestamp_client": "2026-08-16T10:06:37.346Z"}
 INFO  [driver-telemetry] tracking.device_health.send_skipped {"age_ms": 399, "reason": "throttled", "source": "driver.device_health", "trigger_reason": null}
 INFO  [driver-telemetry] driver.network.profile {"network_profile_active": "offline", "recommended_sync_interval_ms": 30000, "source": "core.api.client"}
 INFO  [driver-telemetry] driver.http.timeout {"endpoint": "/driver/save-push-token", "network_profile_active": "offline", "source": "core.api.client", "timeout_ms": 2500}
 INFO  [driver-telemetry] driver.network.profile {"network_profile_active": "offline", "recommended_sync_interval_ms": 30000, "source": "core.api.client"}
 INFO  [driver-telemetry] driver.http.timeout {"endpoint": "/driver/me/bookings/since", "network_profile_active": "offline", "source": "core.api.client", "timeout_ms": 2500}
 INFO  [driver-telemetry] driver.http.fail_fast_offline {"connected": false, "endpoint": "/driver/me/bookings/since", "internet_reachable": false, "network_type": "fallback", "source": "core.api.client"}
 INFO  [driver-telemetry] driver.runtime.reconcile.failure {"context_id": "driver:19", "reason": "reconcile_failed", "source": "driver.sync.orchestrator", "trigger": "foreground"}
 INFO  [driver-telemetry] tracking.device_health.send_skipped {"age_ms": 469, "reason": "throttled", "source": "driver.device_health", "trigger_reason": "health_monitor:fgs_not_running"}
 INFO  [FCM-GATE] register effect start {"enabled": true, "fcmEnabled": true, "source": "driver.notifications.bridge", "stage": "app_foreground"}
 INFO  [driver-telemetry] driver.foreground.resume.resync.coalesced {"context_id": "driver:19", "foreground_resume_resync_coalesced_total": 1, "source": "driver.sync_engine"}
 INFO  [driver-telemetry] tracking.queue.enqueued {"app_state": "active", "location_mode": "mission_live", "mission_id": 27, "oldest_item_age_ms": 177, "queue_depth": 1, "sequence_id": 2, "source": "driver.tracking.queue", "tracking_session_id": "trk_sess_1786874777194_g5z0of19"}
 INFO  [perf-kpi] perf.js_long_task {"duration_ms": 160.34088500589132, "role": "driver", "screen": "/", "source": "perf.instrumentation", "timestamp_client": "2026-08-16T10:06:37.507Z"}
 INFO  [driver-telemetry] tracking.device_health.send_skipped {"age_ms": 564, "reason": "throttled", "source": "driver.device_health", "trigger_reason": null}
 INFO  [driver-telemetry] driver.network.profile {"network_profile_active": "offline", "recommended_sync_interval_ms": 30000, "source": "core.api.client"}
 INFO  [driver-telemetry] driver.http.timeout {"endpoint": "/driver/me/location", "network_profile_active": "offline", "source": "core.api.client", "timeout_ms": 28000}
 INFO  [driver-telemetry] push.token.registered {"provider": "fcm", "source": "driver.notifications.bridge"}
 INFO  [driver-telemetry] driver_push.register_success {"provider": "fcm", "source": "driver.notifications.bridge"}
 INFO  [driver-telemetry] driver.network.profile {"network_profile_active": "offline", "recommended_sync_interval_ms": 30000, "source": "core.api.client"}
 INFO  [driver-telemetry] driver.http.timeout {"endpoint": "/driver/me/telemetry/push", "network_profile_active": "offline", "source": "core.api.client", "timeout_ms": 2500}
 WARN  MapViewDirections Error: Error on GMAPS route request: This IP, site or mobile application is not authorized to use this API key. Request received from IP address 194.230.196.30, with empty referer
 INFO  [FCM-GATE] requesting token {"source": "driver.notifications.bridge", "stage": "app_foreground"}
 INFO  [driver-telemetry] driver.push.fcm.get_token_start {"platform": "android", "source": "driver.firebaseMessaging"}
 INFO  [FCM-GATE] getDriverFcmToken start {"platform": "android"}
 INFO  [perf-kpi] perf.js_long_task {"duration_ms": 171.35515599697828, "role": "driver", "screen": "/", "source": "perf.instrumentation", "timestamp_client": "2026-08-16T10:06:37.728Z"}
 INFO  [FCM-GATE] getToken success {"tokenLength": 142}
 INFO  [driver-telemetry] driver.push.fcm.token {"source": "driver.firebaseMessaging", "token_present": true}
 INFO  [FCM-GATE] token received {"source": "driver.notifications.bridge", "stage": "app_foreground", "tokenLength": 142}
 INFO  [driver-telemetry] driver_push.token_acquired {"provider": "fcm", "source": "driver.notifications.bridge", "stage": "app_foreground", "token_length": 142}
 INFO  [FCM-GATE] posting token {"provider": "fcm", "source": "driver.notifications.bridge", "stage": "app_foreground"}
 INFO  [driver-telemetry] driver.network.profile {"network_profile_active": "offline", "recommended_sync_interval_ms": 30000, "source": "core.api.client"}
 INFO  [driver-telemetry] driver.http.timeout {"endpoint": "/driver/me/telemetry/push", "network_profile_active": "offline", "source": "core.api.client", "timeout_ms": 2500}
 INFO  [driver-telemetry] tracking.device_health.send_skipped {"age_ms": 805, "reason": "throttled", "source": "driver.device_health", "trigger_reason": "health_monitor:fgs_not_running"}
 INFO  [FCM-GATE] register effect start {"enabled": true, "fcmEnabled": true, "source": "driver.notifications.bridge", "stage": "app_foreground"}
 INFO  [driver-telemetry] driver.foreground.resume.resync.coalesced {"context_id": "driver:19", "foreground_resume_resync_coalesced_total": 1, "source": "driver.sync_engine"}
 INFO  [driver-telemetry] tracking.device_health.send_skipped {"age_ms": 835, "reason": "throttled", "source": "driver.device_health", "trigger_reason": null}
 INFO  [driver-telemetry] driver.network.profile {"network_profile_active": "offline", "recommended_sync_interval_ms": 30000, "source": "core.api.client"}
 INFO  [driver-telemetry] driver.http.timeout {"endpoint": "/driver/save-push-token", "network_profile_active": "offline", "source": "core.api.client", "timeout_ms": 2500}
 INFO  [perf-kpi] perf.realtime.notify {"duration_ms": 1, "listener_count": 3, "role": "driver", "screen": "/", "source": "perf.instrumentation", "timestamp_client": "2026-08-16T10:06:37.853Z"}
 INFO  [driver-telemetry] realtime.transport.state {"actual_transport": "polling", "connected": true, "mode": "socket", "source": "core.realtime.manager", "transport_authority": "polling"}
 INFO  [perf-kpi] perf.realtime.notify {"duration_ms": 0, "listener_count": 3, "role": "driver", "screen": "/", "source": "perf.instrumentation", "timestamp_client": "2026-08-16T10:06:37.857Z"}
 LOG  [DriverSocket] {"contextId": "driver:19", "hasToken": true, "path": "/socket.io", "socketUrl": "http://127.0.0.1:15100", "surface": "driver", "transports": ["websocket", "polling"], "urlEnvSource": "EXPO_PUBLIC_DRIVER_SOCKET_URL"}
 INFO  [driver-telemetry] tracking.session.readiness {"readiness": "CREATING", "reason": "session_conflict", "session_generation": 927, "source": "driver.tracking.queue", "tracking_session_id": "trk_sess_1786874777194_g5z0of19"}
 INFO  [driver-telemetry] driver.network.profile {"network_profile_active": "offline", "recommended_sync_interval_ms": 30000, "source": "core.api.client"}
 INFO  [driver-telemetry] driver.http.timeout {"endpoint": "/driver/me/bookings/since", "network_profile_active": "offline", "source": "core.api.client", "timeout_ms": 2500}
 INFO  [driver-telemetry] driver.http.fail_fast_offline {"connected": false, "endpoint": "/driver/me/bookings/since", "internet_reachable": false, "network_type": "fallback", "source": "core.api.client"}
 INFO  [driver-telemetry] driver.runtime.resume.failure {"context_id": "driver:19", "reason": "resume_failed", "resume_attempt_id": "driver:19:1786874796954:13", "retry_count": 1, "source": "driver.runtime.resume", "will_retry": true}
 INFO  [FCM-GATE] requesting token {"source": "driver.notifications.bridge", "stage": "app_foreground"}
 INFO  [driver-telemetry] driver.push.fcm.get_token_start {"platform": "android", "source": "driver.firebaseMessaging"}
 INFO  [FCM-GATE] getDriverFcmToken start {"platform": "android"}
 INFO  [driver-telemetry] tracking.device_health.send_skipped {"age_ms": 934, "reason": "throttled", "source": "driver.device_health", "trigger_reason": "health_monitor:fgs_not_running"}
 INFO  [driver-telemetry] tracking.session.readiness {"readiness": "REGISTERING", "reason": "session_conflict", "session_generation": null, "source": "driver.tracking.queue", "tracking_session_id": "trk_sess_1786874797860_51bp4g1c"}
 INFO  [driver-telemetry] tracking.session.readiness {"readiness": "REGISTERING", "reason": "register_start", "session_generation": null, "source": "driver.tracking.queue", "tracking_session_id": "trk_sess_1786874797860_51bp4g1c"}
 INFO  [driver-telemetry] driver.network.profile {"network_profile_active": "offline", "recommended_sync_interval_ms": 30000, "source": "core.api.client"}
 INFO  [driver-telemetry] driver.http.timeout {"endpoint": "/driver/me/tracking/sessions", "network_profile_active": "offline", "source": "core.api.client", "timeout_ms": 2500}
 INFO  [FCM-GATE] getToken success {"tokenLength": 142}
 INFO  [driver-telemetry] driver.push.fcm.token {"source": "driver.firebaseMessaging", "token_present": true}
 INFO  [FCM-GATE] token received {"source": "driver.notifications.bridge", "stage": "app_foreground", "tokenLength": 142}
 INFO  [driver-telemetry] driver_push.token_acquired {"provider": "fcm", "source": "driver.notifications.bridge", "stage": "app_foreground", "token_length": 142}
 INFO  [FCM-GATE] posting token {"provider": "fcm", "source": "driver.notifications.bridge", "stage": "app_foreground"}
 INFO  [driver-telemetry] driver.network.profile {"network_profile_active": "offline", "recommended_sync_interval_ms": 30000, "source": "core.api.client"}
 INFO  [driver-telemetry] driver.http.timeout {"endpoint": "/driver/me/telemetry/push", "network_profile_active": "offline", "source": "core.api.client", "timeout_ms": 2500}
 INFO  [driver-telemetry] tracking.ingest.ack {"accept_reason": "", "ack_status": "persisted", "durability": "persisted_sync", "flush_path": "http_fallback", "mission_id": 27, "queue_item_id": "trk_1786874797329_kiu0z26a", "source": "driver.tracking.queue", "trace_id": "mob_msvn49ud_jqt4sege"}
 INFO  [driver-telemetry] tracking.queue.flush {"backend_acked": 1, "dropped": 0, "flush_path": "http_fallback", "network_profile_active": "offline", "oldest_item_age_ms": 594, "queue_depth": 0, "retried": 0, "sent": 1, "socket_emitted": 0, "source": "driver.tracking.queue", "tracking_queue_oldest_age_ms": 594}
 INFO  [driver-telemetry] tracking.flush.transport {"backend_acked": 1, "sent": 1, "socket_emitted": 0, "source": "driver.tracking.queue", "transport": "http"}
 INFO  [driver-telemetry] tracking.bridge.health {"backend_ack_latency_ms": 5144, "mission_id": 27, "network_profile_active": "offline", "oldest_item_age_ms": 595, "queue_depth": 0, "socket_emit_without_backend_ack_total": 0, "source": "driver.tracking.bridge", "tracking_flush_batch_size": 1}
 INFO  [perf-kpi] perf.runtime.socket_reconnect_failed_total {"context_id": "driver:19", "source": "perf.runtime_stability", "timestamp_client": "2026-08-16T10:06:37.929Z", "total": 32}
 INFO  [driver-telemetry] realtime.transport.state {"actual_transport": "polling", "connected": false, "mode": "polling", "source": "core.realtime.manager", "transport_authority": "degraded"}
 INFO  [perf-kpi] perf.realtime.notify {"duration_ms": 2, "listener_count": 3, "role": "driver", "screen": "/", "source": "perf.instrumentation", "timestamp_client": "2026-08-16T10:06:37.935Z"}
 INFO  [driver-telemetry] realtime.socket.disconnect {"context_id": "driver:19", "reason": "websocket error", "source": "core.realtime.manager"}
 INFO  [driver-telemetry] realtime.transport.mismatch {"actual_transport": "polling", "context_id": "driver:19", "desired_transport": "socket", "source": "core.realtime.manager"}
 INFO  [perf-kpi] perf.realtime.notify {"duration_ms": 1, "listener_count": 3, "role": "driver", "screen": "/", "source": "perf.instrumentation", "timestamp_client": "2026-08-16T10:06:37.942Z"}
 INFO  [driver-telemetry] tracking.background.start_requested {"app_state": "active", "bg_permission": "granted", "fg_permission": "granted", "mission_id": 27, "reason": "app_resume", "source": "driver.services.backgroundLocationTask", "task_defined": true, "task_mode": "mission", "task_started": false}
 INFO  [driver-telemetry] tracking.queue.flush {"backend_acked": 0, "dropped": 0, "flush_path": "http_fallback", "network_profile_active": "offline", "oldest_item_age_ms": null, "queue_depth": 0, "retried": 0, "sent": 0, "socket_emitted": 0, "source": "driver.tracking.queue", "tracking_queue_oldest_age_ms": null}
 INFO  [driver-telemetry] tracking.flush.transport {"backend_acked": 0, "sent": 0, "socket_emitted": 0, "source": "driver.tracking.queue", "transport": "http"}
 INFO  [driver-telemetry] push.token.registered {"provider": "fcm", "source": "driver.notifications.bridge"}
 INFO  [driver-telemetry] driver_push.register_success {"provider": "fcm", "source": "driver.notifications.bridge"}
 INFO  [driver-telemetry] driver.network.profile {"network_profile_active": "offline", "recommended_sync_interval_ms": 30000, "source": "core.api.client"}
 INFO  [driver-telemetry] driver.http.timeout {"endpoint": "/driver/me/telemetry/push", "network_profile_active": "offline", "source": "core.api.client", "timeout_ms": 2500}
 INFO  [FCM-GATE] requesting token {"source": "driver.notifications.bridge", "stage": "app_foreground"}
 INFO  [driver-telemetry] driver.push.fcm.get_token_start {"platform": "android", "source": "driver.firebaseMessaging"}
 INFO  [FCM-GATE] getDriverFcmToken start {"platform": "android"}
 INFO  [FCM-GATE] getToken success {"tokenLength": 142}
 INFO  [driver-telemetry] driver.push.fcm.token {"source": "driver.firebaseMessaging", "token_present": true}
 INFO  [FCM-GATE] token received {"source": "driver.notifications.bridge", "stage": "app_foreground", "tokenLength": 142}
 INFO  [driver-telemetry] driver_push.token_acquired {"provider": "fcm", "source": "driver.notifications.bridge", "stage": "app_foreground", "token_length": 142}
 INFO  [FCM-GATE] posting token {"provider": "fcm", "source": "driver.notifications.bridge", "stage": "app_foreground"}
 INFO  [driver-telemetry] driver.network.profile {"network_profile_active": "offline", "recommended_sync_interval_ms": 30000, "source": "core.api.client"}
 INFO  [driver-telemetry] driver.http.timeout {"endpoint": "/driver/me/telemetry/push", "network_profile_active": "offline", "source": "core.api.client", "timeout_ms": 2500}
 INFO  [driver-telemetry] tracking.background.start_success {"app_state": "active", "mission_id": 27, "reason": "app_resume", "source": "driver.services.backgroundLocationTask", "task_defined": true, "task_mode": "mission", "task_started": true}
 INFO  [driver-telemetry] tracking.background.task.started {"battery_degrades_gps": false, "battery_level": 0.8899999856948853, "distance_m": 0, "interval_ms": 20000, "low_battery_mode": false, "mission_id": 27, "source": "driver.services.backgroundLocationTask", "task_mode": "mission", "task_name": "background-location-task"}
 INFO  [driver-telemetry] tracking.session.readiness {"readiness": "READY", "reason": "register_ok", "session_generation": 928, "source": "driver.tracking.queue", "tracking_session_id": "trk_sess_1786874797860_51bp4g1c"}
 INFO  [driver-telemetry] tracking.session.reconciled {"previous_session_id": "trk_sess_1786874777194_g5z0of19", "readiness": "READY", "rebound_count": 0, "released_socket_count": 0, "source": "driver.tracking.queue", "tracking_session_id": "trk_sess_1786874797860_51bp4g1c"}
 INFO  [driver-telemetry] driver.network.profile {"network_profile_active": "offline", "recommended_sync_interval_ms": 30000, "source": "core.api.client"}
 INFO  [driver-telemetry] driver.http.timeout {"endpoint": "/driver/save-push-token", "network_profile_active": "offline", "source": "core.api.client", "timeout_ms": 2500}
 INFO  [driver-telemetry] tracking.background.stop_requested {"app_state_at_request": "active", "mission_id": 27, "native_owner": null, "source": "driver.services.backgroundLocationTask", "start_in_flight": 0, "stop_attempt_id": "nlo_stop_1786874798029_5", "stop_in_flight": 1, "stop_reason": "missing_native_owner", "stop_requested_at": 1786874798029, "task_name": "background-location-task"}
 INFO  [driver-telemetry] tracking.queue.flush {"backend_acked": 0, "dropped": 0, "flush_path": "http_fallback", "network_profile_active": "offline", "oldest_item_age_ms": null, "queue_depth": 0, "retried": 0, "sent": 0, "socket_emitted": 0, "source": "driver.tracking.queue", "tracking_queue_oldest_age_ms": null}
 INFO  [driver-telemetry] tracking.flush.transport {"backend_acked": 0, "sent": 0, "socket_emitted": 0, "source": "driver.tracking.queue", "transport": "http"}
 INFO  [driver-telemetry] tracking.auth.presence.ensure_headless {"driver_id": 19, "kind": "SESSION_AVAILABLE", "path": "memory_cache"}
 INFO  [driver-telemetry] tracking.background.task.skipped {"reason": "missing_native_owner", "source": "driver.services.backgroundLocationTask", "task_name": "background-location-task"}
 INFO  [driver-telemetry] tracking.background.stop_success {"app_state_at_request": "active", "app_state_at_resolve": "active", "mission_id": 27, "native_owner": null, "source": "driver.services.backgroundLocationTask", "start_in_flight": 0, "stop_attempt_id": "nlo_stop_1786874798029_5", "stop_in_flight": 1, "stop_reason": "missing_native_owner", "stop_requested_at": 1786874798029, "task_name": "background-location-task"}
 INFO  [driver-telemetry] tracking.background.task.stopped {"reason": "missing_native_owner", "source": "driver.services.backgroundLocationTask", "task_name": "background-location-task"}
 INFO  [driver-telemetry] auth.refresh.endpoint_used {"endpoint": "refresh-token", "source": "core.api.client"}
 INFO  [driver-telemetry] push.token.registered {"provider": "fcm", "source": "driver.notifications.bridge"}
 INFO  [driver-telemetry] driver_push.register_success {"provider": "fcm", "source": "driver.notifications.bridge"}
 INFO  [driver-telemetry] driver.network.profile {"network_profile_active": "offline", "recommended_sync_interval_ms": 30000, "source": "core.api.client"}
 INFO  [driver-telemetry] driver.http.timeout {"endpoint": "/driver/me/telemetry/push", "network_profile_active": "offline", "source": "core.api.client", "timeout_ms": 2500}
 INFO  [driver-telemetry] tracking.background.start_deferred {"app_state": "background", "mission_id": 27, "reason": "ensure_manager_state", "source": "driver.services.backgroundLocationTask", "task_defined": true, "task_started": false}
 INFO  [driver-telemetry] tracking.background.start_deferred {"app_state": "background", "mission_id": 27, "reason": "app_resume", "source": "driver.services.backgroundLocationTask", "task_defined": true, "task_started": false}
 INFO  [FCM-GATE] register effect start {"enabled": true, "fcmEnabled": true, "source": "driver.notifications.bridge", "stage": "app_foreground"}
 INFO  [driver-telemetry] driver.foreground.resume.resync.coalesced {"context_id": "driver:19", "foreground_resume_resync_coalesced_total": 1, "source": "driver.sync_engine"}
 INFO  [perf-kpi] perf.realtime.notify {"duration_ms": 0, "listener_count": 3, "role": "driver", "screen": "/", "source": "perf.instrumentation", "timestamp_client": "2026-08-16T10:06:38.338Z"}
 INFO  [driver-telemetry] realtime.transport.state {"actual_transport": "polling", "connected": true, "mode": "socket", "source": "core.realtime.manager", "transport_authority": "polling"}
 INFO  [perf-kpi] perf.realtime.notify {"duration_ms": 2, "listener_count": 3, "role": "driver", "screen": "/", "source": "perf.instrumentation", "timestamp_client": "2026-08-16T10:06:38.341Z"}
 LOG  [DriverSocket] {"contextId": "driver:19", "hasToken": true, "path": "/socket.io", "socketUrl": "http://127.0.0.1:15100", "surface": "driver", "transports": ["websocket", "polling"], "urlEnvSource": "EXPO_PUBLIC_DRIVER_SOCKET_URL"}
 INFO  [perf-kpi] perf.js_long_task {"duration_ms": 146.74739599972963, "role": "driver", "screen": "/", "source": "perf.instrumentation", "timestamp_client": "2026-08-16T10:06:38.347Z"}
 INFO  [driver-telemetry] tracking.device_health.send_skipped {"age_ms": 1397, "reason": "throttled", "source": "driver.device_health", "trigger_reason": null}
 INFO  [driver-telemetry] tracking.background.resume.rejected_missing_owner {"source": "driver.services.backgroundLocationTask"}
 INFO  [driver-telemetry] driver.network.profile {"network_profile_active": "offline", "recommended_sync_interval_ms": 30000, "source": "core.api.client"}
 INFO  [driver-telemetry] driver.http.timeout {"endpoint": "/driver/me/bookings/since", "network_profile_active": "offline", "source": "core.api.client", "timeout_ms": 2500}
 INFO  [driver-telemetry] driver.http.fail_fast_offline {"connected": false, "endpoint": "/driver/me/bookings/since", "internet_reachable": false, "network_type": "fallback", "source": "core.api.client"}
 INFO  [driver-telemetry] driver.network.profile {"network_profile_active": "offline", "recommended_sync_interval_ms": 30000, "source": "core.api.client"}
 INFO  [driver-telemetry] driver.http.timeout {"endpoint": "/driver/me/bookings/since", "network_profile_active": "offline", "source": "core.api.client", "timeout_ms": 2500}
 INFO  [driver-telemetry] driver.http.fail_fast_offline {"connected": false, "endpoint": "/driver/me/bookings/since", "internet_reachable": false, "network_type": "fallback", "source": "core.api.client"}
 INFO  [driver-telemetry] driver.runtime.resume.failure {"context_id": "driver:19", "reason": "resume_failed", "resume_attempt_id": "driver:19:1786874796954:13", "retry_count": 2, "source": "driver.runtime.resume", "will_retry": false}
 INFO  [driver-telemetry] driver.runtime.reconcile.failure {"context_id": "driver:19", "reason": "reconcile_failed", "source": "driver.sync.orchestrator", "trigger": "reconnect"}
 INFO  [perf-kpi] perf.runtime.socket_reconnect_failed_total {"context_id": "driver:19", "source": "perf.runtime_stability", "timestamp_client": "2026-08-16T10:06:38.446Z", "total": 33}
 INFO  [driver-telemetry] realtime.transport.state {"actual_transport": "polling", "connected": false, "mode": "polling", "source": "core.realtime.manager", "transport_authority": "degraded"}
 INFO  [perf-kpi] perf.realtime.notify {"duration_ms": 1, "listener_count": 3, "role": "driver", "screen": "/", "source": "perf.instrumentation", "timestamp_client": "2026-08-16T10:06:38.449Z"}
 INFO  [driver-telemetry] realtime.socket.disconnect {"context_id": "driver:19", "reason": "websocket error", "source": "core.realtime.manager"}
 INFO  [driver-telemetry] realtime.transport.mismatch {"actual_transport": "polling", "context_id": "driver:19", "desired_transport": "socket", "source": "core.realtime.manager"}
 INFO  [perf-kpi] perf.realtime.notify {"duration_ms": 0, "listener_count": 3, "role": "driver", "screen": "/", "source": "perf.instrumentation", "timestamp_client": "2026-08-16T10:06:38.451Z"}
 INFO  [driver-telemetry] tracking.background.start_deferred {"app_state": "background", "mission_id": 27, "reason": "ensure_manager_state", "source": "driver.services.backgroundLocationTask", "task_defined": true, "task_started": false}
 INFO  [driver-telemetry] tracking.device_health.send_skipped {"age_ms": 1516, "reason": "throttled", "source": "driver.device_health", "trigger_reason": "health_monitor:fgs_not_running"}
 INFO  [driver-telemetry] tracking.background.start_deferred {"app_state": "background", "mission_id": 27, "reason": "app_resume", "source": "driver.services.backgroundLocationTask", "task_defined": true, "task_started": false}
 INFO  [FCM-GATE] requesting token {"source": "driver.notifications.bridge", "stage": "app_foreground"}
 INFO  [driver-telemetry] driver.push.fcm.get_token_start {"platform": "android", "source": "driver.firebaseMessaging"}
 INFO  [FCM-GATE] getDriverFcmToken start {"platform": "android"}
 INFO  [FCM-GATE] register effect start {"enabled": true, "fcmEnabled": true, "source": "driver.notifications.bridge", "stage": "app_foreground"}
 INFO  [driver-telemetry] driver.foreground.resume.resync.coalesced {"context_id": "driver:19", "foreground_resume_resync_coalesced_total": 1, "source": "driver.sync_engine"}
 INFO  [driver-telemetry] driver.runtime.resume.start {"app_state": "active", "context_id": "driver:19", "resume_attempt_id": "driver:19:1786874798624:14", "source": "driver.runtime.resume"}
 INFO  [perf-kpi] perf.js_long_task {"duration_ms": 213.9022390022874, "role": "driver", "screen": "/", "source": "perf.instrumentation", "timestamp_client": "2026-08-16T10:06:38.626Z"}
 INFO  [FCM-GATE] getToken success {"tokenLength": 142}
 INFO  [driver-telemetry] driver.push.fcm.token {"source": "driver.firebaseMessaging", "token_present": true}
 INFO  [FCM-GATE] token received {"source": "driver.notifications.bridge", "stage": "app_foreground", "tokenLength": 142}
 INFO  [driver-telemetry] driver_push.token_acquired {"provider": "fcm", "source": "driver.notifications.bridge", "stage": "app_foreground", "token_length": 142}
 INFO  [FCM-GATE] posting token {"provider": "fcm", "source": "driver.notifications.bridge", "stage": "app_foreground"}
 INFO  [driver-telemetry] driver.network.profile {"network_profile_active": "offline", "recommended_sync_interval_ms": 30000, "source": "core.api.client"}
 INFO  [driver-telemetry] driver.http.timeout {"endpoint": "/driver/me/telemetry/push", "network_profile_active": "offline", "source": "core.api.client", "timeout_ms": 2500}
 INFO  [driver-telemetry] tracking.device_health.send_skipped {"age_ms": 1681, "reason": "throttled", "source": "driver.device_health", "trigger_reason": null}
 INFO  [driver-telemetry] tracking.background.resume.rejected_missing_owner {"source": "driver.services.backgroundLocationTask"}
 INFO  [driver-telemetry] driver.network.profile {"network_profile_active": "offline", "recommended_sync_interval_ms": 30000, "source": "core.api.client"}
 INFO  [driver-telemetry] driver.http.timeout {"endpoint": "/driver/save-push-token", "network_profile_active": "offline", "source": "core.api.client", "timeout_ms": 2500}
 INFO  [driver-telemetry] tracking.device_health.send_skipped {"age_ms": 1694, "reason": "throttled", "source": "driver.device_health", "trigger_reason": "health_monitor:fgs_not_running"}
 INFO  [driver-telemetry] tracking.background.start_requested {"app_state": "active", "bg_permission": "granted", "fg_permission": "granted", "mission_id": 27, "reason": "ensure_manager_state", "source": "driver.services.backgroundLocationTask", "task_defined": true, "task_mode": "mission", "task_started": false}
 INFO  [driver-telemetry] tracking.background.start_success {"app_state": "active", "mission_id": 27, "reason": "ensure_manager_state", "source": "driver.services.backgroundLocationTask", "task_defined": true, "task_mode": "mission", "task_started": true}
 INFO  [driver-telemetry] tracking.background.task.started {"battery_degrades_gps": false, "battery_level": 0.8899999856948853, "distance_m": 0, "interval_ms": 20000, "low_battery_mode": false, "mission_id": 27, "source": "driver.services.backgroundLocationTask", "task_mode": "mission", "task_name": "background-location-task"}
 INFO  [FCM-GATE] requesting token {"source": "driver.notifications.bridge", "stage": "app_foreground"}
 INFO  [driver-telemetry] driver.push.fcm.get_token_start {"platform": "android", "source": "driver.firebaseMessaging"}
 INFO  [FCM-GATE] getDriverFcmToken start {"platform": "android"}
 INFO  [FCM-GATE] getToken success {"tokenLength": 142}
 INFO  [driver-telemetry] driver.push.fcm.token {"source": "driver.firebaseMessaging", "token_present": true}
 INFO  [FCM-GATE] token received {"source": "driver.notifications.bridge", "stage": "app_foreground", "tokenLength": 142}
 INFO  [driver-telemetry] driver_push.token_acquired {"provider": "fcm", "source": "driver.notifications.bridge", "stage": "app_foreground", "token_length": 142}
 INFO  [FCM-GATE] posting token {"provider": "fcm", "source": "driver.notifications.bridge", "stage": "app_foreground"}
 INFO  [driver-telemetry] driver.network.profile {"network_profile_active": "offline", "recommended_sync_interval_ms": 30000, "source": "core.api.client"}
 INFO  [driver-telemetry] driver.http.timeout {"endpoint": "/driver/me/telemetry/push", "network_profile_active": "offline", "source": "core.api.client", "timeout_ms": 2500}
 INFO  [driver-telemetry] tracking.background.stop_requested {"app_state_at_request": "active", "mission_id": 27, "native_owner": null, "source": "driver.services.backgroundLocationTask", "start_in_flight": 0, "stop_attempt_id": "nlo_stop_1786874798722_6", "stop_in_flight": 1, "stop_reason": "missing_native_owner", "stop_requested_at": 1786874798722, "task_name": "background-location-task"}
 INFO  [driver-telemetry] tracking.background.stop_success {"app_state_at_request": "active", "app_state_at_resolve": "active", "mission_id": 27, "native_owner": null, "source": "driver.services.backgroundLocationTask", "start_in_flight": 0, "stop_attempt_id": "nlo_stop_1786874798722_6", "stop_in_flight": 1, "stop_reason": "missing_native_owner", "stop_requested_at": 1786874798722, "task_name": "background-location-task"}
 INFO  [driver-telemetry] tracking.background.task.stopped {"reason": "missing_native_owner", "source": "driver.services.backgroundLocationTask", "task_name": "background-location-task"}
 INFO  [driver-telemetry] push.token.registered {"provider": "fcm", "source": "driver.notifications.bridge"}
 INFO  [driver-telemetry] driver_push.register_success {"provider": "fcm", "source": "driver.notifications.bridge"}
 INFO  [driver-telemetry] driver.network.profile {"network_profile_active": "offline", "recommended_sync_interval_ms": 30000, "source": "core.api.client"}
 INFO  [driver-telemetry] driver.http.timeout {"endpoint": "/driver/me/telemetry/push", "network_profile_active": "offline", "source": "core.api.client", "timeout_ms": 2500}
 INFO  [driver-telemetry] auth.refresh.endpoint_used {"endpoint": "refresh-token", "source": "core.api.client"}
 INFO  [FCM-GATE] register effect start {"enabled": true, "fcmEnabled": true, "source": "driver.notifications.bridge", "stage": "app_foreground"}
 INFO  [driver-telemetry] driver.foreground.resume.resync.coalesced {"context_id": "driver:19", "foreground_resume_resync_coalesced_total": 1, "source": "driver.sync_engine"}
 INFO  [perf-kpi] perf.js_long_task {"duration_ms": 173.77630200237036, "role": "driver", "screen": "/", "source": "perf.instrumentation", "timestamp_client": "2026-08-16T10:06:38.946Z"}
 INFO  [driver-telemetry] tracking.device_health.send_skipped {"age_ms": 1991, "reason": "throttled", "source": "driver.device_health", "trigger_reason": null}
 INFO  [driver-telemetry] tracking.device_health.send_skipped {"age_ms": 2037, "reason": "throttled", "source": "driver.device_health", "trigger_reason": "health_monitor:fgs_not_running"}
 INFO  [FCM-GATE] requesting token {"source": "driver.notifications.bridge", "stage": "app_foreground"}
 INFO  [driver-telemetry] driver.push.fcm.get_token_start {"platform": "android", "source": "driver.firebaseMessaging"}
 INFO  [FCM-GATE] getDriverFcmToken start {"platform": "android"}
 INFO  [FCM-GATE] register effect start {"enabled": true, "fcmEnabled": true, "source": "driver.notifications.bridge", "stage": "app_foreground"}
 INFO  [driver-telemetry] driver.foreground.resume.resync.coalesced {"context_id": "driver:19", "foreground_resume_resync_coalesced_total": 1, "source": "driver.sync_engine"}
 INFO  [perf-kpi] perf.js_long_task {"duration_ms": 110.34203100204468, "role": "driver", "screen": "/", "source": "perf.instrumentation", "timestamp_client": "2026-08-16T10:06:39.104Z"}
 INFO  [perf-kpi] perf.realtime.notify {"duration_ms": 0, "listener_count": 3, "role": "driver", "screen": "/", "source": "perf.instrumentation", "timestamp_client": "2026-08-16T10:06:39.109Z"}
 INFO  [driver-telemetry] realtime.transport.state {"actual_transport": "polling", "connected": true, "mode": "socket", "source": "core.realtime.manager", "transport_authority": "polling"}
 INFO  [perf-kpi] perf.realtime.notify {"duration_ms": 1, "listener_count": 3, "role": "driver", "screen": "/", "source": "perf.instrumentation", "timestamp_client": "2026-08-16T10:06:39.110Z"}
 LOG  [DriverSocket] {"contextId": "driver:19", "hasToken": true, "path": "/socket.io", "socketUrl": "http://127.0.0.1:15100", "surface": "driver", "transports": ["websocket", "polling"], "urlEnvSource": "EXPO_PUBLIC_DRIVER_SOCKET_URL"}
 INFO  [FCM-GATE] getToken success {"tokenLength": 142}
 INFO  [driver-telemetry] driver.push.fcm.token {"source": "driver.firebaseMessaging", "token_present": true}
 INFO  [FCM-GATE] token received {"source": "driver.notifications.bridge", "stage": "app_foreground", "tokenLength": 142}
 INFO  [driver-telemetry] driver_push.token_acquired {"provider": "fcm", "source": "driver.notifications.bridge", "stage": "app_foreground", "token_length": 142}
 INFO  [FCM-GATE] posting token {"provider": "fcm", "source": "driver.notifications.bridge", "stage": "app_foreground"}
 INFO  [driver-telemetry] driver.network.profile {"network_profile_active": "offline", "recommended_sync_interval_ms": 30000, "source": "core.api.client"}
 INFO  [driver-telemetry] driver.http.timeout {"endpoint": "/driver/me/telemetry/push", "network_profile_active": "offline", "source": "core.api.client", "timeout_ms": 2500}
 INFO  [driver-telemetry] tracking.device_health.send_skipped {"age_ms": 2166, "reason": "throttled", "source": "driver.device_health", "trigger_reason": null}
 INFO  [driver-telemetry] driver.network.profile {"network_profile_active": "offline", "recommended_sync_interval_ms": 30000, "source": "core.api.client"}
 INFO  [driver-telemetry] driver.http.timeout {"endpoint": "/driver/me/bookings/since", "network_profile_active": "offline", "source": "core.api.client", "timeout_ms": 2500}
 INFO  [driver-telemetry] driver.http.fail_fast_offline {"connected": false, "endpoint": "/driver/me/bookings/since", "internet_reachable": false, "network_type": "fallback", "source": "core.api.client"}
 INFO  [driver-telemetry] driver.runtime.resume.failure {"context_id": "driver:19", "reason": "resume_failed", "resume_attempt_id": "driver:19:1786874798624:14", "retry_count": 1, "source": "driver.runtime.resume", "will_retry": true}
 INFO  [driver-telemetry] driver.network.profile {"network_profile_active": "offline", "recommended_sync_interval_ms": 30000, "source": "core.api.client"}
 INFO  [driver-telemetry] driver.http.timeout {"endpoint": "/driver/save-push-token", "network_profile_active": "offline", "source": "core.api.client", "timeout_ms": 2500}
 INFO  [perf-kpi] perf.runtime.socket_reconnect_failed_total {"context_id": "driver:19", "source": "perf.runtime_stability", "timestamp_client": "2026-08-16T10:06:39.177Z", "total": 34}
 INFO  [driver-telemetry] realtime.transport.state {"actual_transport": "polling", "connected": false, "mode": "polling", "source": "core.realtime.manager", "transport_authority": "degraded"}
 INFO  [perf-kpi] perf.realtime.notify {"duration_ms": 0, "listener_count": 3, "role": "driver", "screen": "/", "source": "perf.instrumentation", "timestamp_client": "2026-08-16T10:06:39.178Z"}
 INFO  [driver-telemetry] realtime.socket.disconnect {"context_id": "driver:19", "reason": "websocket error", "source": "core.realtime.manager"}
 INFO  [driver-telemetry] realtime.transport.mismatch {"actual_transport": "polling", "context_id": "driver:19", "desired_transport": "socket", "source": "core.realtime.manager"}
 INFO  [driver-telemetry] realtime.reconnect.circuit_breaker_blocked {"context_id": "driver:19", "source": "core.realtime.manager"}
 INFO  [driver-telemetry] tracking.device_health.send_skipped {"age_ms": 2232, "reason": "throttled", "source": "driver.device_health", "trigger_reason": "health_monitor:fgs_not_running"}
 INFO  [driver-telemetry] tracking.background.start_requested {"app_state": "active", "bg_permission": "granted", "fg_permission": "granted", "mission_id": 27, "reason": "ensure_manager_state", "source": "driver.services.backgroundLocationTask", "task_defined": true, "task_mode": "mission", "task_started": false}
 INFO  [FCM-GATE] requesting token {"source": "driver.notifications.bridge", "stage": "app_foreground"}
 INFO  [driver-telemetry] driver.push.fcm.get_token_start {"platform": "android", "source": "driver.firebaseMessaging"}
 INFO  [FCM-GATE] getDriverFcmToken start {"platform": "android"}
 INFO  [FCM-GATE] getToken success {"tokenLength": 142}
 INFO  [driver-telemetry] driver.push.fcm.token {"source": "driver.firebaseMessaging", "token_present": true}
 INFO  [FCM-GATE] token received {"source": "driver.notifications.bridge", "stage": "app_foreground", "tokenLength": 142}
 INFO  [driver-telemetry] driver_push.token_acquired {"provider": "fcm", "source": "driver.notifications.bridge", "stage": "app_foreground", "token_length": 142}
 INFO  [FCM-GATE] posting token {"provider": "fcm", "source": "driver.notifications.bridge", "stage": "app_foreground"}
 INFO  [driver-telemetry] driver.network.profile {"network_profile_active": "offline", "recommended_sync_interval_ms": 30000, "source": "core.api.client"}
 INFO  [driver-telemetry] driver.http.timeout {"endpoint": "/driver/me/telemetry/push", "network_profile_active": "offline", "source": "core.api.client", "timeout_ms": 2500}
 INFO  [driver-telemetry] push.token.registered {"provider": "fcm", "source": "driver.notifications.bridge"}
 INFO  [driver-telemetry] driver_push.register_success {"provider": "fcm", "source": "driver.notifications.bridge"}
 INFO  [driver-telemetry] driver.network.profile {"network_profile_active": "offline", "recommended_sync_interval_ms": 30000, "source": "core.api.client"}
 INFO  [driver-telemetry] driver.http.timeout {"endpoint": "/driver/me/telemetry/push", "network_profile_active": "offline", "source": "core.api.client", "timeout_ms": 2500}
 INFO  [driver-telemetry] tracking.background.start_success {"app_state": "active", "mission_id": 27, "reason": "ensure_manager_state", "source": "driver.services.backgroundLocationTask", "task_defined": true, "task_mode": "mission", "task_started": true}
 INFO  [driver-telemetry] tracking.background.task.started {"battery_degrades_gps": false, "battery_level": 0.8899999856948853, "distance_m": 0, "interval_ms": 20000, "low_battery_mode": false, "mission_id": 27, "source": "driver.services.backgroundLocationTask", "task_mode": "mission", "task_name": "background-location-task"}
 INFO  [driver-telemetry] tracking.background.stop_requested {"app_state_at_request": "active", "mission_id": 27, "native_owner": null, "source": "driver.services.backgroundLocationTask", "start_in_flight": 0, "stop_attempt_id": "nlo_stop_1786874799249_7", "stop_in_flight": 1, "stop_reason": "missing_native_owner", "stop_requested_at": 1786874799249, "task_name": "background-location-task"}
 INFO  [driver-telemetry] tracking.background.stop_success {"app_state_at_request": "active", "app_state_at_resolve": "active", "mission_id": 27, "native_owner": null, "source": "driver.services.backgroundLocationTask", "start_in_flight": 0, "stop_attempt_id": "nlo_stop_1786874799249_7", "stop_in_flight": 1, "stop_reason": "missing_native_owner", "stop_requested_at": 1786874799249, "task_name": "background-location-task"}
 INFO  [driver-telemetry] tracking.background.task.stopped {"reason": "missing_native_owner", "source": "driver.services.backgroundLocationTask", "task_name": "background-location-task"}
 INFO  [driver-telemetry] auth.refresh.endpoint_used {"endpoint": "refresh-token", "source": "core.api.client"}
 INFO  [driver-telemetry] tracking.background.start_deferred {"app_state": "background", "mission_id": 27, "reason": "ensure_manager_state", "source": "driver.services.backgroundLocationTask", "task_defined": true, "task_started": false}
 INFO  [FCM-GATE] register effect start {"enabled": true, "fcmEnabled": true, "source": "driver.notifications.bridge", "stage": "app_foreground"}
 INFO  [driver-telemetry] driver.foreground.resume.resync.coalesced {"context_id": "driver:19", "foreground_resume_resync_coalesced_total": 1, "source": "driver.sync_engine"}
 INFO  [driver-telemetry] tracking.device_health.send_skipped {"age_ms": 2479, "reason": "throttled", "source": "driver.device_health", "trigger_reason": null}
 INFO  [driver-telemetry] tracking.background.resume.rejected_missing_owner {"source": "driver.services.backgroundLocationTask"}
 INFO  [perf-kpi] perf.js_long_task {"duration_ms": 181.68177100270987, "role": "driver", "screen": "/", "source": "perf.instrumentation", "timestamp_client": "2026-08-16T10:06:39.491Z"}
 INFO  [driver-telemetry] tracking.device_health.send_skipped {"age_ms": 2544, "reason": "throttled", "source": "driver.device_health", "trigger_reason": "health_monitor:fgs_not_running"}
 INFO  [FCM-GATE] register effect start {"enabled": true, "fcmEnabled": true, "source": "driver.notifications.bridge", "stage": "app_foreground"}
 INFO  [driver-telemetry] driver.foreground.resume.resync.coalesced {"context_id": "driver:19", "foreground_resume_resync_coalesced_total": 1, "source": "driver.sync_engine"}
 INFO  [FCM-GATE] requesting token {"source": "driver.notifications.bridge", "stage": "app_foreground"}
 INFO  [driver-telemetry] driver.push.fcm.get_token_start {"platform": "android", "source": "driver.firebaseMessaging"}
 INFO  [FCM-GATE] getDriverFcmToken start {"platform": "android"}
 INFO  [driver-telemetry] tracking.background.resume.rejected_missing_owner {"source": "driver.services.backgroundLocationTask"}
 INFO  [FCM-GATE] getToken success {"tokenLength": 142}
 INFO  [driver-telemetry] driver.push.fcm.token {"source": "driver.firebaseMessaging", "token_present": true}
 INFO  [FCM-GATE] token received {"source": "driver.notifications.bridge", "stage": "app_foreground", "tokenLength": 142}
 INFO  [driver-telemetry] driver_push.token_acquired {"provider": "fcm", "source": "driver.notifications.bridge", "stage": "app_foreground", "token_length": 142}
 INFO  [FCM-GATE] posting token {"provider": "fcm", "source": "driver.notifications.bridge", "stage": "app_foreground"}
 INFO  [driver-telemetry] driver.network.profile {"network_profile_active": "offline", "recommended_sync_interval_ms": 30000, "source": "core.api.client"}
 INFO  [driver-telemetry] driver.http.timeout {"endpoint": "/driver/me/telemetry/push", "network_profile_active": "offline", "source": "core.api.client", "timeout_ms": 2500}
 INFO  [driver-telemetry] tracking.device_health.send_skipped {"age_ms": 2751, "reason": "throttled", "source": "driver.device_health", "trigger_reason": null}
 INFO  [perf-kpi] perf.realtime.notify {"duration_ms": 0, "listener_count": 3, "role": "driver", "screen": "/", "source": "perf.instrumentation", "timestamp_client": "2026-08-16T10:06:39.709Z"}
 INFO  [driver-telemetry] realtime.transport.state {"actual_transport": "polling", "connected": true, "mode": "socket", "source": "core.realtime.manager", "transport_authority": "polling"}
 INFO  [perf-kpi] perf.realtime.notify {"duration_ms": 0, "listener_count": 3, "role": "driver", "screen": "/", "source": "perf.instrumentation", "timestamp_client": "2026-08-16T10:06:39.710Z"}
 LOG  [DriverSocket] {"contextId": "driver:19", "hasToken": true, "path": "/socket.io", "socketUrl": "http://127.0.0.1:15100", "surface": "driver", "transports": ["websocket", "polling"], "urlEnvSource": "EXPO_PUBLIC_DRIVER_SOCKET_URL"}
 INFO  [driver-telemetry] driver.network.profile {"network_profile_active": "offline", "recommended_sync_interval_ms": 30000, "source": "core.api.client"}
 INFO  [driver-telemetry] driver.http.timeout {"endpoint": "/driver/save-push-token", "network_profile_active": "offline", "source": "core.api.client", "timeout_ms": 2500}
 INFO  [perf-kpi] perf.runtime.socket_reconnect_failed_total {"context_id": "driver:19", "source": "perf.runtime_stability", "timestamp_client": "2026-08-16T10:06:39.726Z", "total": 35}
 INFO  [driver-telemetry] realtime.transport.state {"actual_transport": "polling", "connected": false, "mode": "polling", "source": "core.realtime.manager", "transport_authority": "degraded"}
 INFO  [perf-kpi] perf.realtime.notify {"duration_ms": 0, "listener_count": 3, "role": "driver", "screen": "/", "source": "perf.instrumentation", "timestamp_client": "2026-08-16T10:06:39.727Z"}
 INFO  [driver-telemetry] realtime.socket.disconnect {"context_id": "driver:19", "reason": "websocket error", "source": "core.realtime.manager"}
 INFO  [driver-telemetry] realtime.transport.mismatch {"actual_transport": "polling", "context_id": "driver:19", "desired_transport": "socket", "source": "core.realtime.manager"}
 INFO  [driver-telemetry] realtime.reconnect.circuit_breaker_blocked {"context_id": "driver:19", "source": "core.realtime.manager"}
 INFO  [driver-telemetry] tracking.device_health.send_skipped {"age_ms": 2773, "reason": "throttled", "source": "driver.device_health", "trigger_reason": "health_monitor:fgs_not_running"}
 INFO  [driver-telemetry] tracking.background.start_requested {"app_state": "active", "bg_permission": "granted", "fg_permission": "granted", "mission_id": 27, "reason": "ensure_manager_state", "source": "driver.services.backgroundLocationTask", "task_defined": true, "task_mode": "mission", "task_started": false}
 INFO  [FCM-GATE] requesting token {"source": "driver.notifications.bridge", "stage": "app_foreground"}
 INFO  [driver-telemetry] driver.push.fcm.get_token_start {"platform": "android", "source": "driver.firebaseMessaging"}
 INFO  [FCM-GATE] getDriverFcmToken start {"platform": "android"}
 INFO  [driver-telemetry] driver.network.profile {"network_profile_active": "offline", "recommended_sync_interval_ms": 30000, "source": "core.api.client"}
 INFO  [driver-telemetry] driver.http.timeout {"endpoint": "/driver/me/bookings/since", "network_profile_active": "offline", "source": "core.api.client", "timeout_ms": 2500}
 INFO  [driver-telemetry] driver.http.fail_fast_offline {"connected": false, "endpoint": "/driver/me/bookings/since", "internet_reachable": false, "network_type": "fallback", "source": "core.api.client"}
 INFO  [driver-telemetry] driver.runtime.resume.failure {"context_id": "driver:19", "reason": "resume_failed", "resume_attempt_id": "driver:19:1786874798624:14", "retry_count": 2, "source": "driver.runtime.resume", "will_retry": false}
 INFO  [FCM-GATE] getToken success {"tokenLength": 142}
 INFO  [driver-telemetry] driver.push.fcm.token {"source": "driver.firebaseMessaging", "token_present": true}
 INFO  [FCM-GATE] token received {"source": "driver.notifications.bridge", "stage": "app_foreground", "tokenLength": 142}
 INFO  [driver-telemetry] driver_push.token_acquired {"provider": "fcm", "source": "driver.notifications.bridge", "stage": "app_foreground", "token_length": 142}
 INFO  [FCM-GATE] posting token {"provider": "fcm", "source": "driver.notifications.bridge", "stage": "app_foreground"}
 INFO  [driver-telemetry] driver.network.profile {"network_profile_active": "offline", "recommended_sync_interval_ms": 30000, "source": "core.api.client"}
 INFO  [driver-telemetry] driver.http.timeout {"endpoint": "/driver/me/telemetry/push", "network_profile_active": "offline", "source": "core.api.client", "timeout_ms": 2500}
 INFO  [driver-telemetry] tracking.background.start_success {"app_state": "active", "mission_id": 27, "reason": "ensure_manager_state", "source": "driver.services.backgroundLocationTask", "task_defined": true, "task_mode": "mission", "task_started": true}
 INFO  [driver-telemetry] tracking.background.task.started {"battery_degrades_gps": false, "battery_level": 0.8899999856948853, "distance_m": 0, "interval_ms": 20000, "low_battery_mode": false, "mission_id": 27, "source": "driver.services.backgroundLocationTask", "task_mode": "mission", "task_name": "background-location-task"}
 INFO  [driver-telemetry] push.token.registered {"provider": "fcm", "source": "driver.notifications.bridge"}
 INFO  [driver-telemetry] driver_push.register_success {"provider": "fcm", "source": "driver.notifications.bridge"}
 INFO  [driver-telemetry] driver.network.profile {"network_profile_active": "offline", "recommended_sync_interval_ms": 30000, "source": "core.api.client"}
 INFO  [driver-telemetry] driver.http.timeout {"endpoint": "/driver/me/telemetry/push", "network_profile_active": "offline", "source": "core.api.client", "timeout_ms": 2500}
 INFO  [driver-telemetry] tracking.background.stop_requested {"app_state_at_request": "active", "mission_id": 27, "native_owner": null, "source": "driver.services.backgroundLocationTask", "start_in_flight": 0, "stop_attempt_id": "nlo_stop_1786874799786_8", "stop_in_flight": 1, "stop_reason": "missing_native_owner", "stop_requested_at": 1786874799786, "task_name": "background-location-task"}
 INFO  [driver-telemetry] tracking.background.stop_success {"app_state_at_request": "active", "app_state_at_resolve": "active", "mission_id": 27, "native_owner": null, "source": "driver.services.backgroundLocationTask", "start_in_flight": 0, "stop_attempt_id": "nlo_stop_1786874799786_8", "stop_in_flight": 1, "stop_reason": "missing_native_owner", "stop_requested_at": 1786874799786, "task_name": "background-location-task"}
 INFO  [driver-telemetry] tracking.background.task.stopped {"reason": "missing_native_owner", "source": "driver.services.backgroundLocationTask", "task_name": "background-location-task"}
 INFO  [driver-telemetry] auth.refresh.endpoint_used {"endpoint": "refresh-token", "source": "core.api.client"}
 INFO  [FCM-GATE] register effect start {"enabled": true, "fcmEnabled": true, "source": "driver.notifications.bridge", "stage": "app_foreground"}
 INFO  [driver-telemetry] driver.foreground.resume.resync.coalesced {"context_id": "driver:19", "foreground_resume_resync_coalesced_total": 1, "source": "driver.sync_engine"}
 INFO  [driver-telemetry] driver.runtime.resume.start {"app_state": "active", "context_id": "driver:19", "resume_attempt_id": "driver:19:1786874799944:15", "source": "driver.runtime.resume"}
 INFO  [driver-telemetry] tracking.device_health.send_skipped {"age_ms": 3043, "reason": "throttled", "source": "driver.device_health", "trigger_reason": null}
 INFO  [perf-kpi] perf.js_long_task {"duration_ms": 149.7003130018711, "role": "driver", "screen": "/", "source": "perf.instrumentation", "timestamp_client": "2026-08-16T10:06:40.001Z"}
 INFO  [driver-telemetry] tracking.device_health.send_skipped {"age_ms": 3074, "reason": "throttled", "source": "driver.device_health", "trigger_reason": "health_monitor:fgs_not_running"}
 INFO  [FCM-GATE] requesting token {"source": "driver.notifications.bridge", "stage": "app_foreground"}
 INFO  [driver-telemetry] driver.push.fcm.get_token_start {"platform": "android", "source": "driver.firebaseMessaging"}
 INFO  [FCM-GATE] getDriverFcmToken start {"platform": "android"}
 INFO  [FCM-GATE] register effect start {"enabled": true, "fcmEnabled": true, "source": "driver.notifications.bridge", "stage": "app_foreground"}
 INFO  [driver-telemetry] driver.foreground.resume.resync.coalesced {"context_id": "driver:19", "foreground_resume_resync_coalesced_total": 1, "source": "driver.sync_engine"}
 INFO  [perf-kpi] perf.js_long_task {"duration_ms": 134.00244800001383, "role": "driver", "screen": "/", "source": "perf.instrumentation", "timestamp_client": "2026-08-16T10:06:40.166Z"}
 INFO  [FCM-GATE] getToken success {"tokenLength": 142}
 INFO  [driver-telemetry] driver.push.fcm.token {"source": "driver.firebaseMessaging", "token_present": true}
 INFO  [FCM-GATE] token received {"source": "driver.notifications.bridge", "stage": "app_foreground", "tokenLength": 142}
 INFO  [driver-telemetry] driver_push.token_acquired {"provider": "fcm", "source": "driver.notifications.bridge", "stage": "app_foreground", "token_length": 142}
 INFO  [FCM-GATE] posting token {"provider": "fcm", "source": "driver.notifications.bridge", "stage": "app_foreground"}
 INFO  [driver-telemetry] driver.network.profile {"network_profile_active": "offline", "recommended_sync_interval_ms": 30000, "source": "core.api.client"}
 INFO  [driver-telemetry] driver.http.timeout {"endpoint": "/driver/me/telemetry/push", "network_profile_active": "offline", "source": "core.api.client", "timeout_ms": 2500}
 INFO  [driver-telemetry] tracking.device_health.send_skipped {"age_ms": 3263, "reason": "throttled", "source": "driver.device_health", "trigger_reason": null}
 INFO  [driver-telemetry] driver.network.profile {"network_profile_active": "offline", "recommended_sync_interval_ms": 30000, "source": "core.api.client"}
 INFO  [driver-telemetry] driver.http.timeout {"endpoint": "/driver/save-push-token", "network_profile_active": "offline", "source": "core.api.client", "timeout_ms": 2500}
 INFO  [perf-kpi] perf.realtime.notify {"duration_ms": 0, "listener_count": 3, "role": "driver", "screen": "/", "source": "perf.instrumentation", "timestamp_client": "2026-08-16T10:06:40.232Z"}
 INFO  [driver-telemetry] realtime.transport.state {"actual_transport": "polling", "connected": true, "mode": "socket", "source": "core.realtime.manager", "transport_authority": "polling"}
 INFO  [perf-kpi] perf.realtime.notify {"duration_ms": 1, "listener_count": 3, "role": "driver", "screen": "/", "source": "perf.instrumentation", "timestamp_client": "2026-08-16T10:06:40.234Z"}
 LOG  [DriverSocket] {"contextId": "driver:19", "hasToken": true, "path": "/socket.io", "socketUrl": "http://127.0.0.1:15100", "surface": "driver", "transports": ["websocket", "polling"], "urlEnvSource": "EXPO_PUBLIC_DRIVER_SOCKET_URL"}
 INFO  [driver-telemetry] tracking.device_health.send_skipped {"age_ms": 3280, "reason": "throttled", "source": "driver.device_health", "trigger_reason": "health_monitor:fgs_not_running"}
 INFO  [driver-telemetry] tracking.background.start_requested {"app_state": "active", "bg_permission": "granted", "fg_permission": "granted", "mission_id": 27, "reason": "ensure_manager_state", "source": "driver.services.backgroundLocationTask", "task_defined": true, "task_mode": "mission", "task_started": false}
 INFO  [FCM-GATE] requesting token {"source": "driver.notifications.bridge", "stage": "app_foreground"}
 INFO  [driver-telemetry] driver.push.fcm.get_token_start {"platform": "android", "source": "driver.firebaseMessaging"}
 INFO  [FCM-GATE] getDriverFcmToken start {"platform": "android"}
 INFO  [perf-kpi] perf.runtime.socket_reconnect_failed_total {"context_id": "driver:19", "source": "perf.runtime_stability", "timestamp_client": "2026-08-16T10:06:40.307Z", "total": 36}
 INFO  [driver-telemetry] realtime.transport.state {"actual_transport": "polling", "connected": false, "mode": "polling", "source": "core.realtime.manager", "transport_authority": "degraded"}
 INFO  [perf-kpi] perf.realtime.notify {"duration_ms": 0, "listener_count": 3, "role": "driver", "screen": "/", "source": "perf.instrumentation", "timestamp_client": "2026-08-16T10:06:40.308Z"}
 INFO  [driver-telemetry] realtime.socket.disconnect {"context_id": "driver:19", "reason": "websocket error", "source": "core.realtime.manager"}
 INFO  [driver-telemetry] realtime.transport.mismatch {"actual_transport": "polling", "context_id": "driver:19", "desired_transport": "socket", "source": "core.realtime.manager"}
 INFO  [driver-telemetry] realtime.reconnect.circuit_breaker_blocked {"context_id": "driver:19", "source": "core.realtime.manager"}
 INFO  [driver-telemetry] driver.network.profile {"network_profile_active": "offline", "recommended_sync_interval_ms": 30000, "source": "core.api.client"}
 INFO  [driver-telemetry] driver.http.timeout {"endpoint": "/driver/me/bookings/since", "network_profile_active": "offline", "source": "core.api.client", "timeout_ms": 2500}
 INFO  [driver-telemetry] driver.http.fail_fast_offline {"connected": false, "endpoint": "/driver/me/bookings/since", "internet_reachable": false, "network_type": "fallback", "source": "core.api.client"}
 INFO  [driver-telemetry] driver.runtime.resume.failure {"context_id": "driver:19", "reason": "resume_failed", "resume_attempt_id": "driver:19:1786874799944:15", "retry_count": 1, "source": "driver.runtime.resume", "will_retry": true}
 INFO  [driver-telemetry] tracking.background.start_success {"app_state": "active", "mission_id": 27, "reason": "ensure_manager_state", "source": "driver.services.backgroundLocationTask", "task_defined": true, "task_mode": "mission", "task_started": true}
 INFO  [driver-telemetry] tracking.background.task.started {"battery_degrades_gps": false, "battery_level": 0.8899999856948853, "distance_m": 0, "interval_ms": 20000, "low_battery_mode": false, "mission_id": 27, "source": "driver.services.backgroundLocationTask", "task_mode": "mission", "task_name": "background-location-task"}
 INFO  [driver-telemetry] push.token.registered {"provider": "fcm", "source": "driver.notifications.bridge"}
 INFO  [driver-telemetry] driver_push.register_success {"provider": "fcm", "source": "driver.notifications.bridge"}
 INFO  [driver-telemetry] driver.network.profile {"network_profile_active": "offline", "recommended_sync_interval_ms": 30000, "source": "core.api.client"}
 INFO  [driver-telemetry] driver.http.timeout {"endpoint": "/driver/me/telemetry/push", "network_profile_active": "offline", "source": "core.api.client", "timeout_ms": 2500}
 INFO  [FCM-GATE] getToken success {"tokenLength": 142}
 INFO  [driver-telemetry] driver.push.fcm.token {"source": "driver.firebaseMessaging", "token_present": true}
 INFO  [FCM-GATE] token received {"source": "driver.notifications.bridge", "stage": "app_foreground", "tokenLength": 142}
 INFO  [driver-telemetry] driver_push.token_acquired {"provider": "fcm", "source": "driver.notifications.bridge", "stage": "app_foreground", "token_length": 142}
 INFO  [FCM-GATE] posting token {"provider": "fcm", "source": "driver.notifications.bridge", "stage": "app_foreground"}
 INFO  [driver-telemetry] driver.network.profile {"network_profile_active": "offline", "recommended_sync_interval_ms": 30000, "source": "core.api.client"}
 INFO  [driver-telemetry] driver.http.timeout {"endpoint": "/driver/me/telemetry/push", "network_profile_active": "offline", "source": "core.api.client", "timeout_ms": 2500}
 INFO  [driver-telemetry] driver.network.profile {"network_profile_active": "offline", "recommended_sync_interval_ms": 30000, "source": "core.api.client"}
 INFO  [driver-telemetry] driver.http.timeout {"endpoint": "/driver/save-push-token", "network_profile_active": "offline", "source": "core.api.client", "timeout_ms": 2500}
 INFO  [driver-telemetry] tracking.background.stop_requested {"app_state_at_request": "active", "mission_id": 27, "native_owner": null, "source": "driver.services.backgroundLocationTask", "start_in_flight": 0, "stop_attempt_id": "nlo_stop_1786874800318_9", "stop_in_flight": 1, "stop_reason": "missing_native_owner", "stop_requested_at": 1786874800318, "task_name": "background-location-task"}
 INFO  [driver-telemetry] tracking.background.stop_success {"app_state_at_request": "active", "app_state_at_resolve": "active", "mission_id": 27, "native_owner": null, "source": "driver.services.backgroundLocationTask", "start_in_flight": 0, "stop_attempt_id": "nlo_stop_1786874800318_9", "stop_in_flight": 1, "stop_reason": "missing_native_owner", "stop_requested_at": 1786874800318, "task_name": "background-location-task"}
 INFO  [driver-telemetry] tracking.background.task.stopped {"reason": "missing_native_owner", "source": "driver.services.backgroundLocationTask", "task_name": "background-location-task"}
 INFO  [FCM-GATE] register effect start {"enabled": true, "fcmEnabled": true, "source": "driver.notifications.bridge", "stage": "app_foreground"}
 INFO  [driver-telemetry] driver.foreground.resume.resync.coalesced {"context_id": "driver:19", "foreground_resume_resync_coalesced_total": 1, "source": "driver.sync_engine"}
 INFO  [driver-telemetry] tracking.device_health.send_skipped {"age_ms": 3531, "reason": "throttled", "source": "driver.device_health", "trigger_reason": null}
 INFO  [driver-telemetry] push.token.registered {"provider": "fcm", "source": "driver.notifications.bridge"}
 INFO  [driver-telemetry] driver_push.register_success {"provider": "fcm", "source": "driver.notifications.bridge"}
 INFO  [driver-telemetry] driver.network.profile {"network_profile_active": "offline", "recommended_sync_interval_ms": 30000, "source": "core.api.client"}
 INFO  [driver-telemetry] driver.http.timeout {"endpoint": "/driver/me/telemetry/push", "network_profile_active": "offline", "source": "core.api.client", "timeout_ms": 2500}
 INFO  [driver-telemetry] auth.refresh.endpoint_used {"endpoint": "refresh-token", "source": "core.api.client"}
 INFO  [driver-telemetry] tracking.device_health.send_skipped {"age_ms": 3706, "reason": "throttled", "source": "driver.device_health", "trigger_reason": "health_monitor:fgs_not_running"}
 INFO  [driver-telemetry] tracking.background.start_deferred {"app_state": "background", "mission_id": 27, "reason": "ensure_manager_state", "source": "driver.services.backgroundLocationTask", "task_defined": true, "task_started": false}
 INFO  [FCM-GATE] register effect start {"enabled": true, "fcmEnabled": true, "source": "driver.notifications.bridge", "stage": "app_foreground"}
 INFO  [driver-telemetry] driver.foreground.resume.resync.coalesced {"context_id": "driver:19", "foreground_resume_resync_coalesced_total": 1, "source": "driver.sync_engine"}
 INFO  [FCM-GATE] requesting token {"source": "driver.notifications.bridge", "stage": "app_foreground"}
 INFO  [driver-telemetry] driver.push.fcm.get_token_start {"platform": "android", "source": "driver.firebaseMessaging"}
 INFO  [FCM-GATE] getDriverFcmToken start {"platform": "android"}
 INFO  [perf-kpi] perf.js_long_task {"duration_ms": 155.376458004117, "role": "driver", "screen": "/", "source": "perf.instrumentation", "timestamp_client": "2026-08-16T10:06:40.700Z"}
 INFO  [driver-telemetry] tracking.device_health.send_skipped {"age_ms": 3748, "reason": "throttled", "source": "driver.device_health", "trigger_reason": null}
 INFO  [driver-telemetry] tracking.background.resume.rejected_missing_owner {"source": "driver.services.backgroundLocationTask"}
 INFO  [FCM-GATE] getToken success {"tokenLength": 142}
 INFO  [driver-telemetry] driver.push.fcm.token {"source": "driver.firebaseMessaging", "token_present": true}
 INFO  [FCM-GATE] token received {"source": "driver.notifications.bridge", "stage": "app_foreground", "tokenLength": 142}
 INFO  [driver-telemetry] driver_push.token_acquired {"provider": "fcm", "source": "driver.notifications.bridge", "stage": "app_foreground", "token_length": 142}
 INFO  [FCM-GATE] posting token {"provider": "fcm", "source": "driver.notifications.bridge", "stage": "app_foreground"}
 INFO  [driver-telemetry] driver.network.profile {"network_profile_active": "offline", "recommended_sync_interval_ms": 30000, "source": "core.api.client"}
 INFO  [driver-telemetry] driver.http.timeout {"endpoint": "/driver/me/telemetry/push", "network_profile_active": "offline", "source": "core.api.client", "timeout_ms": 2500}
 INFO  [driver-telemetry] tracking.device_health.send_skipped {"age_ms": 3806, "reason": "throttled", "source": "driver.device_health", "trigger_reason": "health_monitor:fgs_not_running"}
 INFO  [driver-telemetry] driver.network.profile {"network_profile_active": "offline", "recommended_sync_interval_ms": 30000, "source": "core.api.client"}
 INFO  [driver-telemetry] driver.http.timeout {"endpoint": "/driver/save-push-token", "network_profile_active": "offline", "source": "core.api.client", "timeout_ms": 2500}
 INFO  [driver-telemetry] tracking.background.start_requested {"app_state": "active", "bg_permission": "granted", "fg_permission": "granted", "mission_id": 27, "reason": "ensure_manager_state", "source": "driver.services.backgroundLocationTask", "task_defined": true, "task_mode": "mission", "task_started": false}
 INFO  [FCM-GATE] requesting token {"source": "driver.notifications.bridge", "stage": "app_foreground"}
 INFO  [driver-telemetry] driver.push.fcm.get_token_start {"platform": "android", "source": "driver.firebaseMessaging"}
 INFO  [FCM-GATE] getDriverFcmToken start {"platform": "android"}
 INFO  [FCM-GATE] getToken success {"tokenLength": 142}
 INFO  [driver-telemetry] driver.push.fcm.token {"source": "driver.firebaseMessaging", "token_present": true}
 INFO  [FCM-GATE] token received {"source": "driver.notifications.bridge", "stage": "app_foreground", "tokenLength": 142}
 INFO  [driver-telemetry] driver_push.token_acquired {"provider": "fcm", "source": "driver.notifications.bridge", "stage": "app_foreground", "token_length": 142}
 INFO  [FCM-GATE] posting token {"provider": "fcm", "source": "driver.notifications.bridge", "stage": "app_foreground"}
 INFO  [driver-telemetry] driver.network.profile {"network_profile_active": "offline", "recommended_sync_interval_ms": 30000, "source": "core.api.client"}
 INFO  [driver-telemetry] driver.http.timeout {"endpoint": "/driver/me/telemetry/push", "network_profile_active": "offline", "source": "core.api.client", "timeout_ms": 2500}
 INFO  [driver-telemetry] tracking.background.start_success {"app_state": "active", "mission_id": 27, "reason": "ensure_manager_state", "source": "driver.services.backgroundLocationTask", "task_defined": true, "task_mode": "mission", "task_started": true}
 INFO  [driver-telemetry] tracking.background.task.started {"battery_degrades_gps": false, "battery_level": 0.8899999856948853, "distance_m": 0, "interval_ms": 20000, "low_battery_mode": false, "mission_id": 27, "source": "driver.services.backgroundLocationTask", "task_mode": "mission", "task_name": "background-location-task"}
 INFO  [perf-kpi] perf.realtime.notify {"duration_ms": 0, "listener_count": 3, "role": "driver", "screen": "/", "source": "perf.instrumentation", "timestamp_client": "2026-08-16T10:06:40.852Z"}
 INFO  [driver-telemetry] realtime.transport.state {"actual_transport": "polling", "connected": true, "mode": "socket", "source": "core.realtime.manager", "transport_authority": "polling"}
 INFO  [perf-kpi] perf.realtime.notify {"duration_ms": 0, "listener_count": 3, "role": "driver", "screen": "/", "source": "perf.instrumentation", "timestamp_client": "2026-08-16T10:06:40.853Z"}
 LOG  [DriverSocket] {"contextId": "driver:19", "hasToken": true, "path": "/socket.io", "socketUrl": "http://127.0.0.1:15100", "surface": "driver", "transports": ["websocket", "polling"], "urlEnvSource": "EXPO_PUBLIC_DRIVER_SOCKET_URL"}
 INFO  [driver-telemetry] push.token.registered {"provider": "fcm", "source": "driver.notifications.bridge"}
 INFO  [driver-telemetry] driver_push.register_success {"provider": "fcm", "source": "driver.notifications.bridge"}
 INFO  [driver-telemetry] driver.network.profile {"network_profile_active": "offline", "recommended_sync_interval_ms": 30000, "source": "core.api.client"}
 INFO  [driver-telemetry] driver.http.timeout {"endpoint": "/driver/me/telemetry/push", "network_profile_active": "offline", "source": "core.api.client", "timeout_ms": 2500}
 INFO  [driver-telemetry] tracking.background.stop_requested {"app_state_at_request": "active", "mission_id": null, "native_owner": null, "source": "driver.services.backgroundLocationTask", "start_in_flight": 0, "stop_attempt_id": "nlo_stop_1786874800851_10", "stop_in_flight": 1, "stop_reason": "missing_native_owner", "stop_requested_at": 1786874800851, "task_name": "background-location-task"}
 INFO  [perf-kpi] perf.runtime.socket_reconnect_failed_total {"context_id": "driver:19", "source": "perf.runtime_stability", "timestamp_client": "2026-08-16T10:06:40.895Z", "total": 37}
 INFO  [driver-telemetry] realtime.transport.state {"actual_transport": "polling", "connected": false, "mode": "polling", "source": "core.realtime.manager", "transport_authority": "degraded"}
 INFO  [perf-kpi] perf.realtime.notify {"duration_ms": 0, "listener_count": 3, "role": "driver", "screen": "/", "source": "perf.instrumentation", "timestamp_client": "2026-08-16T10:06:40.896Z"}
 INFO  [driver-telemetry] realtime.socket.disconnect {"context_id": "driver:19", "reason": "websocket error", "source": "core.realtime.manager"}
 INFO  [driver-telemetry] realtime.transport.mismatch {"actual_transport": "polling", "context_id": "driver:19", "desired_transport": "socket", "source": "core.realtime.manager"}
 INFO  [driver-telemetry] realtime.reconnect.circuit_breaker_blocked {"context_id": "driver:19", "source": "core.realtime.manager"}
 INFO  [driver-telemetry] driver.network.profile {"network_profile_active": "offline", "recommended_sync_interval_ms": 30000, "source": "core.api.client"}
 INFO  [driver-telemetry] driver.http.timeout {"endpoint": "/driver/me/bookings/since", "network_profile_active": "offline", "source": "core.api.client", "timeout_ms": 2500}
 INFO  [driver-telemetry] driver.http.fail_fast_offline {"connected": false, "endpoint": "/driver/me/bookings/since", "internet_reachable": false, "network_type": "fallback", "source": "core.api.client"}
 INFO  [driver-telemetry] driver.runtime.resume.failure {"context_id": "driver:19", "reason": "resume_failed", "resume_attempt_id": "driver:19:1786874799944:15", "retry_count": 2, "source": "driver.runtime.resume", "will_retry": false}
 INFO  [driver-telemetry] tracking.background.stop_success {"app_state_at_request": "active", "app_state_at_resolve": "active", "mission_id": null, "native_owner": null, "source": "driver.services.backgroundLocationTask", "start_in_flight": 0, "stop_attempt_id": "nlo_stop_1786874800851_10", "stop_in_flight": 1, "stop_reason": "missing_native_owner", "stop_requested_at": 1786874800851, "task_name": "background-location-task"}
 INFO  [driver-telemetry] tracking.background.task.stopped {"reason": "missing_native_owner", "source": "driver.services.backgroundLocationTask", "task_name": "background-location-task"}
 INFO  [driver-telemetry] auth.refresh.endpoint_used {"endpoint": "refresh-token", "source": "core.api.client"}
 INFO  [FCM-GATE] register effect start {"enabled": true, "fcmEnabled": true, "source": "driver.notifications.bridge", "stage": "app_foreground"}
 INFO  [driver-telemetry] driver.foreground.resume.resync.coalesced {"context_id": "driver:19", "foreground_resume_resync_coalesced_total": 1, "source": "driver.sync_engine"}
 INFO  [driver-telemetry] driver.runtime.resume.start {"app_state": "active", "context_id": "driver:19", "resume_attempt_id": "driver:19:1786874801033:16", "source": "driver.runtime.resume"}
 INFO  [perf-kpi] perf.js_long_task {"duration_ms": 110.50520800054073, "role": "driver", "screen": "/", "source": "perf.instrumentation", "timestamp_client": "2026-08-16T10:06:41.041Z"}
 INFO  [driver-telemetry] tracking.device_health.send_skipped {"age_ms": 4132, "reason": "throttled", "source": "driver.device_health", "trigger_reason": null}
 INFO  [driver-telemetry] tracking.device_health.send_skipped {"age_ms": 4160, "reason": "throttled", "source": "driver.device_health", "trigger_reason": "health_monitor:fgs_not_running"}
 INFO  [FCM-GATE] register effect start {"enabled": true, "fcmEnabled": true, "source": "driver.notifications.bridge", "stage": "app_foreground"}
 INFO  [driver-telemetry] driver.foreground.resume.resync.coalesced {"context_id": "driver:19", "foreground_resume_resync_coalesced_total": 1, "source": "driver.sync_engine"}
 INFO  [perf-kpi] perf.js_long_task {"duration_ms": 113.8170310035348, "role": "driver", "screen": "/", "source": "perf.instrumentation", "timestamp_client": "2026-08-16T10:06:41.204Z"}
 INFO  [driver-telemetry] driver.network.tick {"app_state": "active", "context_id": "driver:19", "driver_network_tick_total": 1, "mission_presence": "relevant", "network_activity_authority": "mission_active_loop", "network_profile_active": "offline", "source": "driver.realtime"}
 INFO  [driver-telemetry] driver.network.profile {"context_id": "driver:19", "network_profile_active": "offline", "recommended_sync_interval_ms": 30000, "source": "driver.realtime"}
 INFO  [driver-telemetry] driver.network.wake {"context_id": "driver:19", "driver_network_wake_cause": "polling_tick", "network_activity_authority": "mission_active_loop", "source": "driver.realtime"}
 INFO  [driver-telemetry] driver.network.profile {"network_profile_active": "offline", "recommended_sync_interval_ms": 30000, "source": "core.api.client"}
 INFO  [driver-telemetry] driver.http.timeout {"endpoint": "/driver/me/bookings", "network_profile_active": "offline", "source": "core.api.client", "timeout_ms": 2500}
 INFO  [driver-telemetry] tracking.device_health.send_skipped {"age_ms": 4259, "reason": "throttled", "source": "driver.device_health", "trigger_reason": null}
 INFO  [FCM-GATE] requesting token {"source": "driver.notifications.bridge", "stage": "app_foreground"}
 INFO  [driver-telemetry] driver.push.fcm.get_token_start {"platform": "android", "source": "driver.firebaseMessaging"}
 INFO  [FCM-GATE] getDriverFcmToken start {"platform": "android"}
 INFO  [FCM-GATE] getToken success {"tokenLength": 142}
 INFO  [driver-telemetry] driver.push.fcm.token {"source": "driver.firebaseMessaging", "token_present": true}
 INFO  [FCM-GATE] token received {"source": "driver.notifications.bridge", "stage": "app_foreground", "tokenLength": 142}
 INFO  [driver-telemetry] driver_push.token_acquired {"provider": "fcm", "source": "driver.notifications.bridge", "stage": "app_foreground", "token_length": 142}
 INFO  [FCM-GATE] posting token {"provider": "fcm", "source": "driver.notifications.bridge", "stage": "app_foreground"}
 INFO  [driver-telemetry] driver.network.profile {"network_profile_active": "offline", "recommended_sync_interval_ms": 30000, "source": "core.api.client"}
 INFO  [driver-telemetry] driver.http.timeout {"endpoint": "/driver/me/telemetry/push", "network_profile_active": "offline", "source": "core.api.client", "timeout_ms": 2500}
 INFO  [driver-telemetry] tracking.device_health.send_skipped {"age_ms": 4383, "reason": "throttled", "source": "driver.device_health", "trigger_reason": "health_monitor:fgs_not_running"}
 INFO  [driver-telemetry] realtime.transport.state {"actual_transport": "polling", "connected": false, "mode": "polling", "source": "core.realtime.manager", "transport_authority": "polling"}
 INFO  [perf-kpi] perf.realtime.notify {"duration_ms": 0, "listener_count": 3, "role": "driver", "screen": "/", "source": "perf.instrumentation", "timestamp_client": "2026-08-16T10:06:41.343Z"}
 INFO  [driver-telemetry] realtime.transport.authority {"reason": "full_polling_tick", "source": "core.realtime.manager", "transport_authority": "polling"}
 INFO  [driver-telemetry] realtime.polling.full_refetch {"context_id": "driver:19", "driver_http_calls_per_hour": 1, "mission_poll_full_refetch_total": 1, "network_activity_authority": "mission_active_loop", "source": "driver.realtime"}
 INFO  [driver-telemetry] realtime.mission.freshness {"context_id": "driver:19", "mission_state_freshness_ms": 770345, "realtime_transport_mode": "polling", "source": "driver.realtime.polling"}
 INFO  [perf-kpi] perf.realtime.notify {"duration_ms": 0, "listener_count": 3, "role": "driver", "screen": "/", "source": "perf.instrumentation", "timestamp_client": "2026-08-16T10:06:41.350Z"}
 INFO  [driver-telemetry] realtime.transport.state {"actual_transport": "polling", "connected": true, "mode": "socket", "source": "core.realtime.manager", "transport_authority": "polling"}
 INFO  [perf-kpi] perf.realtime.notify {"duration_ms": 1, "listener_count": 3, "role": "driver", "screen": "/", "source": "perf.instrumentation", "timestamp_client": "2026-08-16T10:06:41.352Z"}
 LOG  [DriverSocket] {"contextId": "driver:19", "hasToken": true, "path": "/socket.io", "socketUrl": "http://127.0.0.1:15100", "surface": "driver", "transports": ["websocket", "polling"], "urlEnvSource": "EXPO_PUBLIC_DRIVER_SOCKET_URL"}
 INFO  [driver-telemetry] tracking.session.readiness {"readiness": "CREATING", "reason": "session_conflict", "session_generation": 928, "source": "driver.tracking.queue", "tracking_session_id": "trk_sess_1786874797860_51bp4g1c"}
 INFO  [driver-telemetry] driver.network.profile {"network_profile_active": "offline", "recommended_sync_interval_ms": 30000, "source": "core.api.client"}
 INFO  [driver-telemetry] driver.http.timeout {"endpoint": "/driver/save-push-token", "network_profile_active": "offline", "source": "core.api.client", "timeout_ms": 2500}
 INFO  [FCM-GATE] requesting token {"source": "driver.notifications.bridge", "stage": "app_foreground"}
 INFO  [driver-telemetry] driver.push.fcm.get_token_start {"platform": "android", "source": "driver.firebaseMessaging"}
 INFO  [FCM-GATE] getDriverFcmToken start {"platform": "android"}
 INFO  [driver-telemetry] driver.network.profile {"network_profile_active": "offline", "recommended_sync_interval_ms": 30000, "source": "core.api.client"}
 INFO  [driver-telemetry] driver.http.timeout {"endpoint": "/driver/me/bookings/since", "network_profile_active": "offline", "source": "core.api.client", "timeout_ms": 2500}
 INFO  [driver-telemetry] driver.http.fail_fast_offline {"connected": false, "endpoint": "/driver/me/bookings/since", "internet_reachable": false, "network_type": "fallback", "source": "core.api.client"}
 INFO  [driver-telemetry] driver.runtime.resume.failure {"context_id": "driver:19", "reason": "resume_failed", "resume_attempt_id": "driver:19:1786874801033:16", "retry_count": 1, "source": "driver.runtime.resume", "will_retry": true}
 INFO  [driver-telemetry] tracking.session.readiness {"readiness": "REGISTERING", "reason": "session_conflict", "session_generation": null, "source": "driver.tracking.queue", "tracking_session_id": "trk_sess_1786874801355_leyg0g8j"}
 INFO  [driver-telemetry] tracking.session.readiness {"readiness": "REGISTERING", "reason": "register_start", "session_generation": null, "source": "driver.tracking.queue", "tracking_session_id": "trk_sess_1786874801355_leyg0g8j"}
 INFO  [driver-telemetry] driver.network.profile {"network_profile_active": "offline", "recommended_sync_interval_ms": 30000, "source": "core.api.client"}
 INFO  [driver-telemetry] driver.http.timeout {"endpoint": "/driver/me/tracking/sessions", "network_profile_active": "offline", "source": "core.api.client", "timeout_ms": 2500}
 INFO  [driver-telemetry] tracking.background.start_requested {"app_state": "active", "bg_permission": "granted", "fg_permission": "granted", "mission_id": 27, "reason": "ensure_manager_state", "source": "driver.services.backgroundLocationTask", "task_defined": true, "task_mode": "mission", "task_started": false}
 INFO  [FCM-GATE] getToken success {"tokenLength": 142}
 INFO  [driver-telemetry] driver.push.fcm.token {"source": "driver.firebaseMessaging", "token_present": true}
 INFO  [FCM-GATE] token received {"source": "driver.notifications.bridge", "stage": "app_foreground", "tokenLength": 142}
 INFO  [driver-telemetry] driver_push.token_acquired {"provider": "fcm", "source": "driver.notifications.bridge", "stage": "app_foreground", "token_length": 142}
 INFO  [FCM-GATE] posting token {"provider": "fcm", "source": "driver.notifications.bridge", "stage": "app_foreground"}
 INFO  [driver-telemetry] driver.network.profile {"network_profile_active": "offline", "recommended_sync_interval_ms": 30000, "source": "core.api.client"}
 INFO  [driver-telemetry] driver.http.timeout {"endpoint": "/driver/me/telemetry/push", "network_profile_active": "offline", "source": "core.api.client", "timeout_ms": 2500}
 INFO  [perf-kpi] perf.runtime.socket_reconnect_failed_total {"context_id": "driver:19", "source": "perf.runtime_stability", "timestamp_client": "2026-08-16T10:06:41.387Z", "total": 38}
 INFO  [driver-telemetry] realtime.transport.state {"actual_transport": "polling", "connected": false, "mode": "polling", "source": "core.realtime.manager", "transport_authority": "degraded"}
 INFO  [perf-kpi] perf.realtime.notify {"duration_ms": 0, "listener_count": 3, "role": "driver", "screen": "/", "source": "perf.instrumentation", "timestamp_client": "2026-08-16T10:06:41.388Z"}
 INFO  [driver-telemetry] realtime.socket.disconnect {"context_id": "driver:19", "reason": "websocket error", "source": "core.realtime.manager"}
 INFO  [driver-telemetry] realtime.transport.mismatch {"actual_transport": "polling", "context_id": "driver:19", "desired_transport": "socket", "source": "core.realtime.manager"}
 INFO  [driver-telemetry] realtime.reconnect.circuit_breaker_blocked {"context_id": "driver:19", "source": "core.realtime.manager"}
 INFO  [driver-telemetry] tracking.queue.flush {"backend_acked": 0, "dropped": 0, "flush_path": "http_fallback", "network_profile_active": "offline", "oldest_item_age_ms": null, "queue_depth": 0, "retried": 0, "sent": 0, "socket_emitted": 0, "source": "driver.tracking.queue", "tracking_queue_oldest_age_ms": null}
 INFO  [driver-telemetry] tracking.flush.transport {"backend_acked": 0, "sent": 0, "socket_emitted": 0, "source": "driver.tracking.queue", "transport": "http"}
 INFO  [driver-telemetry] tracking.background.start_success {"app_state": "active", "mission_id": 27, "reason": "ensure_manager_state", "source": "driver.services.backgroundLocationTask", "task_defined": true, "task_mode": "mission", "task_started": true}
 INFO  [driver-telemetry] tracking.background.task.started {"battery_degrades_gps": false, "battery_level": 0.8899999856948853, "distance_m": 0, "interval_ms": 20000, "low_battery_mode": false, "mission_id": 27, "source": "driver.services.backgroundLocationTask", "task_mode": "mission", "task_name": "background-location-task"}
 INFO  [driver-telemetry] push.token.registered {"provider": "fcm", "source": "driver.notifications.bridge"}
 INFO  [driver-telemetry] driver_push.register_success {"provider": "fcm", "source": "driver.notifications.bridge"}
 INFO  [driver-telemetry] driver.network.profile {"network_profile_active": "offline", "recommended_sync_interval_ms": 30000, "source": "core.api.client"}
 INFO  [driver-telemetry] driver.http.timeout {"endpoint": "/driver/me/telemetry/push", "network_profile_active": "offline", "source": "core.api.client", "timeout_ms": 2500}
 INFO  [driver-telemetry] tracking.session.readiness {"readiness": "READY", "reason": "register_ok", "session_generation": 929, "source": "driver.tracking.queue", "tracking_session_id": "trk_sess_1786874801355_leyg0g8j"}
 INFO  [driver-telemetry] tracking.session.reconciled {"previous_session_id": "trk_sess_1786874797860_51bp4g1c", "readiness": "READY", "rebound_count": 0, "released_socket_count": 0, "source": "driver.tracking.queue", "tracking_session_id": "trk_sess_1786874801355_leyg0g8j"}
 INFO  [driver-telemetry] tracking.queue.flush {"backend_acked": 0, "dropped": 0, "flush_path": "http_fallback", "network_profile_active": "offline", "oldest_item_age_ms": null, "queue_depth": 0, "retried": 0, "sent": 0, "socket_emitted": 0, "source": "driver.tracking.queue", "tracking_queue_oldest_age_ms": null}
 INFO  [driver-telemetry] tracking.flush.transport {"backend_acked": 0, "sent": 0, "socket_emitted": 0, "source": "driver.tracking.queue", "transport": "http"}
 INFO  [driver-telemetry] auth.refresh.endpoint_used {"endpoint": "refresh-token", "source": "core.api.client"}
 INFO  [perf-kpi] perf.realtime.notify {"duration_ms": 1, "listener_count": 3, "role": "driver", "screen": "/", "source": "perf.instrumentation", "timestamp_client": "2026-08-16T10:06:41.670Z"}
 INFO  [driver-telemetry] realtime.transport.state {"actual_transport": "polling", "connected": true, "mode": "socket", "source": "core.realtime.manager", "transport_authority": "polling"}
 INFO  [perf-kpi] perf.realtime.notify {"duration_ms": 0, "listener_count": 3, "role": "driver", "screen": "/", "source": "perf.instrumentation", "timestamp_client": "2026-08-16T10:06:41.671Z"}
 LOG  [DriverSocket] {"contextId": "driver:19", "hasToken": true, "path": "/socket.io", "socketUrl": "http://127.0.0.1:15100", "surface": "driver", "transports": ["websocket", "polling"], "urlEnvSource": "EXPO_PUBLIC_DRIVER_SOCKET_URL"}
 INFO  [driver-telemetry] driver.network.profile {"network_profile_active": "offline", "recommended_sync_interval_ms": 30000, "source": "core.api.client"}
 INFO  [driver-telemetry] driver.http.timeout {"endpoint": "/driver/me/bookings/since", "network_profile_active": "offline", "source": "core.api.client", "timeout_ms": 2500}
 INFO  [driver-telemetry] driver.http.fail_fast_offline {"connected": false, "endpoint": "/driver/me/bookings/since", "internet_reachable": false, "network_type": "fallback", "source": "core.api.client"}
 INFO  [driver-telemetry] driver.runtime.resume.failure {"context_id": "driver:19", "reason": "resume_failed", "resume_attempt_id": "driver:19:1786874801033:16", "retry_count": 2, "source": "driver.runtime.resume", "will_retry": false}
 INFO  [perf-kpi] perf.runtime.socket_reconnect_failed_total {"context_id": "driver:19", "source": "perf.runtime_stability", "timestamp_client": "2026-08-16T10:06:41.691Z", "total": 39}
 INFO  [driver-telemetry] realtime.transport.state {"actual_transport": "polling", "connected": false, "mode": "polling", "source": "core.realtime.manager", "transport_authority": "degraded"}
 INFO  [perf-kpi] perf.realtime.notify {"duration_ms": 0, "listener_count": 3, "role": "driver", "screen": "/", "source": "perf.instrumentation", "timestamp_client": "2026-08-16T10:06:41.697Z"}
 INFO  [driver-telemetry] realtime.socket.disconnect {"context_id": "driver:19", "reason": "websocket error", "source": "core.realtime.manager"}
 INFO  [driver-telemetry] realtime.transport.mismatch {"actual_transport": "polling", "context_id": "driver:19", "desired_transport": "socket", "source": "core.realtime.manager"}
 INFO  [driver-telemetry] realtime.reconnect.circuit_breaker_blocked {"context_id": "driver:19", "source": "core.realtime.manager"}
 INFO  [driver-telemetry] auth.refresh.failure {"error_code": "too_many_requests", "reason": "Request failed with status code 429", "source": "core.api.client", "status": 429}
 INFO  [driver-telemetry] driver.network.profile {"network_profile_active": "offline", "recommended_sync_interval_ms": 30000, "source": "core.api.client"}
 INFO  [driver-telemetry] driver.http.timeout {"endpoint": "/driver/me/bookings/since", "network_profile_active": "offline", "source": "core.api.client", "timeout_ms": 2500}
 INFO  [driver-telemetry] driver.http.fail_fast_offline {"connected": false, "endpoint": "/driver/me/bookings/since", "internet_reachable": false, "network_type": "fallback", "source": "core.api.client"}
 INFO  [driver-telemetry] driver.runtime.reconcile.failure {"context_id": "driver:19", "reason": "reconcile_failed", "source": "driver.sync.orchestrator", "trigger": "reconnect"}
 INFO  [driver-telemetry] realtime.degraded.entered {"degraded_hysteresis_ms": 8000, "source": "core.realtime.manager"}
 INFO  [perf-kpi] perf.realtime.notify {"duration_ms": 2, "listener_count": 3, "role": "driver", "screen": "/", "source": "perf.instrumentation", "timestamp_client": "2026-08-16T10:06:49.714Z"}
 INFO  [driver-telemetry] tracking.auth.presence.ensure_headless {"driver_id": 19, "kind": "SESSION_AVAILABLE", "path": "memory_cache"}
 INFO  [driver-telemetry] tracking.background.task.skipped {"reason": "missing_native_owner", "source": "driver.services.backgroundLocationTask", "task_name": "background-location-task"}
 INFO  [perf-kpi] perf.instrumentation.aggregate {"notify_listeners_peak": 3, "row_count": 30, "source": "perf.instrumentation", "tier": "dev", "timestamp_client": "2026-08-16T10:06:55.009Z", "top_by_count": [{"avg_ms": 42.22794381410627, "category": "js_long_task", "count": 4088, "max_ms": 517.0027080029249, "p50_ms": 41.53984399884939, "p95_ms": 68.41312500089407, "role": "driver", "screen": "/", "sub_key": "frame_budget", "sum_ms": 172627.83431206644}, {"avg_ms": 0.518796992481203, "category": "notify", "count": 133, "max_ms": 4, "p50_ms": 1, "p95_ms": 2, "role": "driver", "screen": "/", "sub_key": "lifecycle", "sum_ms": 69}, {"avg_ms": 0, "category": "http", "count": 63, "max_ms": 0, "p50_ms": 0, "p95_ms": 0, "role": "driver", "screen": "/", "sub_key": "/driver/me/telemetry/push", "sum_ms": 0}, {"avg_ms": 0, "category": "http", "count": 57, "max_ms": 0, "p50_ms": 0, "p95_ms": 0, "role": "driver", "screen": "/", "sub_key": "/driver/me/bookings/since", "sum_ms": 0}, {"avg_ms": 0, "category": "http", "count": 53, "max_ms": 0, "p50_ms": 0, "p95_ms": 0, "role": "driver", "screen": "/", "sub_key": "/auth/refresh-token", "sum_ms": 0}, {"avg_ms": 0, "category": "http", "count": 28, "max_ms": 0, "p50_ms": 0, "p95_ms": 0, "role": "driver", "screen": "/", "sub_key": "/driver/save-push-token", "sum_ms": 0}, {"avg_ms": 0, "category": "http", "count": 18, "max_ms": 0, "p50_ms": 0, "p95_ms": 0, "role": "driver", "screen": "/", "sub_key": "/messages/3", "sum_ms": 0}, {"avg_ms": 0, "category": "http", "count": 15, "max_ms": 0, "p50_ms": 0, "p95_ms": 0, "role": "driver", "screen": "/", "sub_key": "/driver/me/location", "sum_ms": 0}, {"avg_ms": 0, "category": "http", "count": 14, "max_ms": 0, "p50_ms": 0, "p95_ms": 0, "role": "driver", "screen": "/", "sub_key": "/driver/me/tracking/sessions", "sum_ms": 0}, {"avg_ms": 0, "category": "http", "count": 12, "max_ms": 0, "p50_ms": 0, "p95_ms": 0, "role": "driver", "screen": "/", "sub_key": "/messages/3/hub/unread-count", "sum_ms": 0}], "top_by_sum_ms": [{"avg_ms": 42.22794381410627, "category": "js_long_task", "count": 4088, "max_ms": 517.0027080029249, "p50_ms": 41.53984399884939, "p95_ms": 68.41312500089407, "role": "driver", "screen": "/", "sub_key": "frame_budget", "sum_ms": 172627.83431206644}, {"avg_ms": 1249, "category": "page_load", "count": 1, "max_ms": 1249, "p50_ms": 1249, "p95_ms": 1249, "role": "driver", "screen": "/", "sub_key": "driver.inbox", "sum_ms": 1249}, {"avg_ms": 437, "category": "page_load", "count": 1, "max_ms": 437, "p50_ms": 437, "p95_ms": 437, "role": "driver", "screen": "/", "sub_key": "driver.hub", "sum_ms": 437}, {"avg_ms": 434, "category": "page_load", "count": 1, "max_ms": 434, "p50_ms": 434, "p95_ms": 434, "role": "driver", "screen": "/", "sub_key": "driver.missions", "sum_ms": 434}, {"avg_ms": 24.8918437987566, "category": "js_long_task", "count": 5, "max_ms": 33.602292001247406, "p50_ms": 25.013801999390125, "p95_ms": 33.602292001247406, "role": "unknown", "screen": "app.root", "sub_key": "frame_budget", "sum_ms": 124.459218993783}, {"avg_ms": 0.518796992481203, "category": "notify", "count": 133, "max_ms": 4, "p50_ms": 1, "p95_ms": 2, "role": "driver", "screen": "/", "sub_key": "lifecycle", "sum_ms": 69}, {"avg_ms": 0, "category": "http", "count": 3, "max_ms": 0, "p50_ms": 0, "p95_ms": 0, "role": "unknown", "screen": "app.root", "sub_key": "/driver/me/telemetry/push", "sum_ms": 0}, {"avg_ms": 0, "category": "http", "count": 1, "max_ms": 0, "p50_ms": 0, "p95_ms": 0, "role": "unknown", "screen": "app.root", "sub_key": "/auth/csrf-token", "sum_ms": 0}, {"avg_ms": 0, "category": "http", "count": 2, "max_ms": 0, "p50_ms": 0, "p95_ms": 0, "role": "unknown", "screen": "app.root", "sub_key": "/auth/refresh-token", "sum_ms": 0}, {"avg_ms": 0, "category": "http", "count": 1, "max_ms": 0, "p50_ms": 0, "p95_ms": 0, "role": "unknown", "screen": "app.root", "sub_key": "/auth/bootstrap", "sum_ms": 0}]}
 INFO  [driver-telemetry] driver.runtime.heartbeat {"app_state": "active", "context_id": "driver:19", "feature_flags_version": null, "mission_runtime_in_flight": 0, "mission_runtime_known": 1, "session_valid": true, "socket_connected": false, "source": "driver.hooks.realtime", "tracking_active": true, "tracking_queue_depth": 0}
 INFO  [driver-telemetry] driver.network.tick {"app_state": "active", "context_id": "driver:19", "driver_network_tick_total": 1, "mission_presence": "relevant", "network_activity_authority": "mission_active_loop", "network_profile_active": "offline", "source": "driver.realtime"}
 INFO  [driver-telemetry] driver.network.profile {"context_id": "driver:19", "network_profile_active": "offline", "recommended_sync_interval_ms": 30000, "source": "driver.realtime"}
 INFO  [driver-telemetry] driver.network.wake {"context_id": "driver:19", "driver_network_wake_cause": "polling_tick", "network_activity_authority": "mission_active_loop", "source": "driver.realtime"}
 INFO  [driver-telemetry] driver.network.tick.skipped {"context_id": "driver:19", "driver_network_tick_skipped_total": 1, "network_activity_authority": "mission_active_loop", "reason": "idle_rate_limit", "source": "driver.realtime"}
 INFO  [driver-telemetry] driver.network.tick {"app_state": "active", "context_id": "driver:19", "driver_network_tick_total": 1, "mission_presence": "relevant", "network_activity_authority": "mission_active_loop", "source": "driver.sync_engine"}
 INFO  [driver-telemetry] driver.network.wake {"context_id": "driver:19", "driver_network_wake_cause": "sync_engine", "network_activity_authority": "mission_active_loop", "source": "driver.sync_engine"}
 INFO  [driver-telemetry] driver.sync_engine.flush.skipped {"context_id": "driver:19", "reason": "queue_empty_or_tracking_idle", "source": "driver.sync_engine"}
 INFO  [driver-telemetry] realtime.transport.state {"actual_transport": "polling", "connected": false, "mode": "polling", "source": "core.realtime.manager", "transport_authority": "reconcile"}
 INFO  [perf-kpi] perf.realtime.notify {"duration_ms": 1, "listener_count": 3, "role": "driver", "screen": "/", "source": "perf.instrumentation", "timestamp_client": "2026-08-16T10:06:56.264Z"}
 INFO  [driver-telemetry] realtime.transport.authority {"reason": "sync_engine_tick", "source": "core.realtime.manager", "transport_authority": "reconcile"}
 INFO  [driver-telemetry] driver.sync_engine.heartbeat {"allow_gps_flush": false, "allow_socket": false, "app_state": "active", "context_id": "driver:19", "driver_sync_engine_active_ms": 30000, "interval_ms": 30000, "network_activity_authority": "mission_active_loop", "network_mode": "offline", "source": "driver.sync_engine"}
 INFO  [driver-telemetry] tracking.health_monitor.constraint_changed {"constraint_reason": null, "ok": true, "source": "driver.background_tracking_health_monitor"}
 INFO  [driver-telemetry] driver.network.profile {"network_profile_active": "offline", "recommended_sync_interval_ms": 30000, "source": "core.api.client"}
 INFO  [driver-telemetry] driver.http.timeout {"endpoint": "/driver/me/device-health", "network_profile_active": "offline", "source": "core.api.client", "timeout_ms": 2500}
 INFO  [driver-telemetry] tracking.device_health.sent {"battery_optimized": false, "constraint_reason": null, "fgs_running": true, "kind": "tracking_health", "source": "driver.device_health", "trigger_reason": "health_monitor_ok"}
 INFO  [driver-telemetry] driver.network.profile {"network_profile_active": "offline", "recommended_sync_interval_ms": 30000, "source": "core.api.client"}
 INFO  [driver-telemetry] driver.http.timeout {"endpoint": "/driver/me/bookings/since", "network_profile_active": "offline", "source": "core.api.client", "timeout_ms": 2500}
 INFO  [driver-telemetry] driver.http.fail_fast_offline {"connected": false, "endpoint": "/driver/me/bookings/since", "internet_reachable": false, "network_type": "fallback", "source": "core.api.client"}
 INFO  [driver-telemetry] driver.runtime.reconcile.failure {"context_id": "driver:19", "reason": "reconcile_failed", "source": "driver.sync.orchestrator", "trigger": "manual"}
 INFO  [FCM-GATE] register effect start {"enabled": true, "fcmEnabled": true, "source": "driver.notifications.bridge", "stage": "app_foreground"}
 INFO  [driver-telemetry] driver.foreground.resume.resync {"context_id": "driver:19", "foreground_resume_resync_total": 1, "source": "driver.sync_engine"}
 INFO  [driver-telemetry] driver.runtime.resume.start {"app_state": "active", "context_id": "driver:19", "resume_attempt_id": "driver:19:1786874821319:17", "source": "driver.runtime.resume"}
 INFO  [driver-telemetry] tracking.device_health.send_skipped {"age_ms": 4925, "reason": "throttled", "source": "driver.device_health", "trigger_reason": null}
 INFO  [perf-kpi] perf.js_long_task {"duration_ms": 102.27479100227356, "role": "driver", "screen": "/", "source": "perf.instrumentation", "timestamp_client": "2026-08-16T10:07:01.323Z"}
 INFO  [driver-telemetry] tracking.device_health.send_skipped {"age_ms": 4970, "reason": "throttled", "source": "driver.device_health", "trigger_reason": "health_monitor_ok"}
 WARN  MapViewDirections Error: Error on GMAPS route request: This IP, site or mobile application is not authorized to use this API key. Request received from IP address 194.230.196.30, with empty referer
 INFO  [FCM-GATE] requesting token {"source": "driver.notifications.bridge", "stage": "app_foreground"}
 INFO  [driver-telemetry] driver.push.fcm.get_token_start {"platform": "android", "source": "driver.firebaseMessaging"}
 INFO  [FCM-GATE] getDriverFcmToken start {"platform": "android"}
 INFO  [FCM-GATE] getToken success {"tokenLength": 142}
 INFO  [driver-telemetry] driver.push.fcm.token {"source": "driver.firebaseMessaging", "token_present": true}
 INFO  [FCM-GATE] token received {"source": "driver.notifications.bridge", "stage": "app_foreground", "tokenLength": 142}
 INFO  [driver-telemetry] driver_push.token_acquired {"provider": "fcm", "source": "driver.notifications.bridge", "stage": "app_foreground", "token_length": 142}
 INFO  [FCM-GATE] posting token {"provider": "fcm", "source": "driver.notifications.bridge", "stage": "app_foreground"}
 INFO  [driver-telemetry] driver.network.profile {"network_profile_active": "offline", "recommended_sync_interval_ms": 30000, "source": "core.api.client"}
 INFO  [driver-telemetry] driver.http.timeout {"endpoint": "/driver/me/telemetry/push", "network_profile_active": "offline", "source": "core.api.client", "timeout_ms": 2500}
 INFO  [driver-telemetry] driver.network.profile {"network_profile_active": "offline", "recommended_sync_interval_ms": 30000, "source": "core.api.client"}
 INFO  [driver-telemetry] driver.http.timeout {"endpoint": "/driver/save-push-token", "network_profile_active": "offline", "source": "core.api.client", "timeout_ms": 2500}
 INFO  [driver-telemetry] push.token.registered {"provider": "fcm", "source": "driver.notifications.bridge"}
 INFO  [driver-telemetry] driver_push.register_success {"provider": "fcm", "source": "driver.notifications.bridge"}
 INFO  [driver-telemetry] driver.network.profile {"network_profile_active": "offline", "recommended_sync_interval_ms": 30000, "source": "core.api.client"}
 INFO  [driver-telemetry] driver.http.timeout {"endpoint": "/driver/me/telemetry/push", "network_profile_active": "offline", "source": "core.api.client", "timeout_ms": 2500}
 INFO  [driver-telemetry] auth.refresh.endpoint_used {"endpoint": "refresh-token", "source": "core.api.client"}
 INFO  [perf-kpi] perf.realtime.notify {"duration_ms": 1, "listener_count": 3, "role": "driver", "screen": "/", "source": "perf.instrumentation", "timestamp_client": "2026-08-16T10:07:01.596Z"}
 INFO  [driver-telemetry] realtime.transport.state {"actual_transport": "polling", "connected": true, "mode": "socket", "source": "core.realtime.manager", "transport_authority": "polling"}
 INFO  [perf-kpi] perf.realtime.notify {"duration_ms": 1, "listener_count": 3, "role": "driver", "screen": "/", "source": "perf.instrumentation", "timestamp_client": "2026-08-16T10:07:01.600Z"}
 LOG  [DriverSocket] {"contextId": "driver:19", "hasToken": true, "path": "/socket.io", "socketUrl": "http://127.0.0.1:15100", "surface": "driver", "transports": ["websocket", "polling"], "urlEnvSource": "EXPO_PUBLIC_DRIVER_SOCKET_URL"}
 INFO  [driver-telemetry] tracking.session.readiness {"readiness": "CREATING", "reason": "session_conflict", "session_generation": 929, "source": "driver.tracking.queue", "tracking_session_id": "trk_sess_1786874801355_leyg0g8j"}
 INFO  [driver-telemetry] tracking.session.readiness {"readiness": "REGISTERING", "reason": "session_conflict", "session_generation": null, "source": "driver.tracking.queue", "tracking_session_id": "trk_sess_1786874821604_soa3440g"}
 INFO  [driver-telemetry] tracking.session.readiness {"readiness": "REGISTERING", "reason": "register_start", "session_generation": null, "source": "driver.tracking.queue", "tracking_session_id": "trk_sess_1786874821604_soa3440g"}
 INFO  [driver-telemetry] driver.network.profile {"network_profile_active": "offline", "recommended_sync_interval_ms": 30000, "source": "core.api.client"}
 INFO  [driver-telemetry] driver.http.timeout {"endpoint": "/driver/me/tracking/sessions", "network_profile_active": "offline", "source": "core.api.client", "timeout_ms": 2500}
 INFO  [perf-kpi] perf.runtime.socket_reconnect_failed_total {"context_id": "driver:19", "source": "perf.runtime_stability", "timestamp_client": "2026-08-16T10:07:01.616Z", "total": 40}
 INFO  [driver-telemetry] realtime.transport.state {"actual_transport": "polling", "connected": false, "mode": "polling", "source": "core.realtime.manager", "transport_authority": "degraded"}
 INFO  [perf-kpi] perf.realtime.notify {"duration_ms": 0, "listener_count": 3, "role": "driver", "screen": "/", "source": "perf.instrumentation", "timestamp_client": "2026-08-16T10:07:01.617Z"}
 INFO  [driver-telemetry] realtime.socket.disconnect {"context_id": "driver:19", "reason": "websocket error", "source": "core.realtime.manager"}
 INFO  [driver-telemetry] realtime.transport.mismatch {"actual_transport": "polling", "context_id": "driver:19", "desired_transport": "socket", "source": "core.realtime.manager"}
 INFO  [driver-telemetry] realtime.reconnect.circuit_breaker_blocked {"context_id": "driver:19", "source": "core.realtime.manager"}
 INFO  [driver-telemetry] tracking.queue.flush {"backend_acked": 0, "dropped": 0, "flush_path": "http_fallback", "network_profile_active": "offline", "oldest_item_age_ms": null, "queue_depth": 0, "retried": 0, "sent": 0, "socket_emitted": 0, "source": "driver.tracking.queue", "tracking_queue_oldest_age_ms": null}
 INFO  [driver-telemetry] tracking.flush.transport {"backend_acked": 0, "sent": 0, "socket_emitted": 0, "source": "driver.tracking.queue", "transport": "http"}
 INFO  [driver-telemetry] driver.network.profile {"network_profile_active": "offline", "recommended_sync_interval_ms": 30000, "source": "core.api.client"}
 INFO  [driver-telemetry] driver.http.timeout {"endpoint": "/driver/me/bookings/since", "network_profile_active": "offline", "source": "core.api.client", "timeout_ms": 2500}
 INFO  [driver-telemetry] driver.http.fail_fast_offline {"connected": false, "endpoint": "/driver/me/bookings/since", "internet_reachable": false, "network_type": "fallback", "source": "core.api.client"}
 INFO  [driver-telemetry] driver.runtime.resume.failure {"context_id": "driver:19", "reason": "resume_failed", "resume_attempt_id": "driver:19:1786874821319:17", "retry_count": 1, "source": "driver.runtime.resume", "will_retry": true}
 INFO  [driver-telemetry] tracking.session.readiness {"readiness": "READY", "reason": "register_ok", "session_generation": 930, "source": "driver.tracking.queue", "tracking_session_id": "trk_sess_1786874821604_soa3440g"}
 INFO  [driver-telemetry] tracking.session.reconciled {"previous_session_id": "trk_sess_1786874801355_leyg0g8j", "readiness": "READY", "rebound_count": 0, "released_socket_count": 0, "source": "driver.tracking.queue", "tracking_session_id": "trk_sess_1786874821604_soa3440g"}
 INFO  [driver-telemetry] tracking.queue.flush {"backend_acked": 0, "dropped": 0, "flush_path": "http_fallback", "network_profile_active": "offline", "oldest_item_age_ms": null, "queue_depth": 0, "retried": 0, "sent": 0, "socket_emitted": 0, "source": "driver.tracking.queue", "tracking_queue_oldest_age_ms": null}
 INFO  [driver-telemetry] tracking.flush.transport {"backend_acked": 0, "sent": 0, "socket_emitted": 0, "source": "driver.tracking.queue", "transport": "http"}
 INFO  [driver-telemetry] auth.refresh.endpoint_used {"endpoint": "refresh-token", "source": "core.api.client"}
 INFO  [perf-kpi] perf.realtime.notify {"duration_ms": 1, "listener_count": 3, "role": "driver", "screen": "/", "source": "perf.instrumentation", "timestamp_client": "2026-08-16T10:07:01.759Z"}
 INFO  [driver-telemetry] realtime.transport.state {"actual_transport": "polling", "connected": true, "mode": "socket", "source": "core.realtime.manager", "transport_authority": "polling"}
 INFO  [perf-kpi] perf.realtime.notify {"duration_ms": 0, "listener_count": 3, "role": "driver", "screen": "/", "source": "perf.instrumentation", "timestamp_client": "2026-08-16T10:07:01.761Z"}
 LOG  [DriverSocket] {"contextId": "driver:19", "hasToken": true, "path": "/socket.io", "socketUrl": "http://127.0.0.1:15100", "surface": "driver", "transports": ["websocket", "polling"], "urlEnvSource": "EXPO_PUBLIC_DRIVER_SOCKET_URL"}
 INFO  [driver-telemetry] driver.network.profile {"network_profile_active": "offline", "recommended_sync_interval_ms": 30000, "source": "core.api.client"}
 INFO  [driver-telemetry] driver.http.timeout {"endpoint": "/driver/me/bookings/since", "network_profile_active": "offline", "source": "core.api.client", "timeout_ms": 2500}
 INFO  [driver-telemetry] driver.http.fail_fast_offline {"connected": false, "endpoint": "/driver/me/bookings/since", "internet_reachable": false, "network_type": "fallback", "source": "core.api.client"}
 INFO  [driver-telemetry] driver.runtime.resume.failure {"context_id": "driver:19", "reason": "resume_failed", "resume_attempt_id": "driver:19:1786874821319:17", "retry_count": 2, "source": "driver.runtime.resume", "will_retry": false}
 INFO  [perf-kpi] perf.runtime.socket_reconnect_failed_total {"context_id": "driver:19", "source": "perf.runtime_stability", "timestamp_client": "2026-08-16T10:07:01.778Z", "total": 41}
 INFO  [driver-telemetry] realtime.transport.state {"actual_transport": "polling", "connected": false, "mode": "polling", "source": "core.realtime.manager", "transport_authority": "degraded"}
 INFO  [perf-kpi] perf.realtime.notify {"duration_ms": 0, "listener_count": 3, "role": "driver", "screen": "/", "source": "perf.instrumentation", "timestamp_client": "2026-08-16T10:07:01.780Z"}
 INFO  [driver-telemetry] realtime.socket.disconnect {"context_id": "driver:19", "reason": "websocket error", "source": "core.realtime.manager"}
 INFO  [driver-telemetry] realtime.transport.mismatch {"actual_transport": "polling", "context_id": "driver:19", "desired_transport": "socket", "source": "core.realtime.manager"}
 INFO  [driver-telemetry] realtime.reconnect.circuit_breaker_blocked {"context_id": "driver:19", "source": "core.realtime.manager"}
 INFO  [driver-telemetry] auth.refresh.endpoint_used {"endpoint": "refresh-token", "source": "core.api.client"}
 INFO  [driver-telemetry] driver.network.profile {"network_profile_active": "offline", "recommended_sync_interval_ms": 30000, "source": "core.api.client"}
 INFO  [driver-telemetry] driver.http.timeout {"endpoint": "/driver/me/bookings/since", "network_profile_active": "offline", "source": "core.api.client", "timeout_ms": 2500}
 INFO  [driver-telemetry] driver.http.fail_fast_offline {"connected": false, "endpoint": "/driver/me/bookings/since", "internet_reachable": false, "network_type": "fallback", "source": "core.api.client"}
 INFO  [driver-telemetry] driver.runtime.reconcile.failure {"context_id": "driver:19", "reason": "reconcile_failed", "source": "driver.sync.orchestrator", "trigger": "reconnect"}
 INFO  [driver-telemetry] driver.network.profile {"network_profile_active": "offline", "recommended_sync_interval_ms": 30000, "source": "core.api.client"}
 INFO  [driver-telemetry] driver.http.timeout {"endpoint": "/driver/me/bookings/eta", "network_profile_active": "offline", "source": "core.api.client", "timeout_ms": 2500}
 INFO  [driver-telemetry] driver.http.fail_fast_offline {"connected": false, "endpoint": "/driver/me/bookings/eta", "internet_reachable": false, "network_type": "fallback", "source": "core.api.client"}
 INFO  [driver-telemetry] tracking.queue.enqueued {"app_state": "active", "location_mode": "mission_live", "mission_id": 27, "oldest_item_age_ms": 12, "queue_depth": 1, "sequence_id": 1, "source": "driver.tracking.queue", "tracking_session_id": "trk_sess_1786874821604_soa3440g"}
 INFO  [driver-telemetry] driver.network.profile {"network_profile_active": "offline", "recommended_sync_interval_ms": 30000, "source": "core.api.client"}
 INFO  [driver-telemetry] driver.http.timeout {"endpoint": "/driver/me/location", "network_profile_active": "offline", "source": "core.api.client", "timeout_ms": 28000}
 INFO  [driver-telemetry] driver.network.profile {"network_profile_active": "offline", "recommended_sync_interval_ms": 30000, "source": "core.api.client"}
 INFO  [driver-telemetry] driver.http.timeout {"endpoint": "/driver/me/bookings/eta", "network_profile_active": "offline", "source": "core.api.client", "timeout_ms": 2500}
 INFO  [driver-telemetry] driver.http.fail_fast_offline {"connected": false, "endpoint": "/driver/me/bookings/eta", "internet_reachable": false, "network_type": "fallback", "source": "core.api.client"}
 INFO  [driver-telemetry] tracking.ingest.ack {"accept_reason": "", "ack_status": "persisted", "durability": "persisted_sync", "flush_path": "http_fallback", "mission_id": 27, "queue_item_id": "trk_1786874823594_6gkhlm8f", "source": "driver.tracking.queue", "trace_id": "mob_msvn4tyx_e1wryq3w"}
 INFO  [driver-telemetry] tracking.queue.flush {"backend_acked": 1, "dropped": 0, "flush_path": "http_fallback", "network_profile_active": "offline", "oldest_item_age_ms": 4188, "queue_depth": 0, "retried": 0, "sent": 1, "socket_emitted": 0, "source": "driver.tracking.queue", "tracking_queue_oldest_age_ms": 4188}
 INFO  [driver-telemetry] tracking.flush.transport {"backend_acked": 1, "sent": 1, "socket_emitted": 0, "source": "driver.tracking.queue", "transport": "http"}
 INFO  [driver-telemetry] tracking.bridge.health {"backend_ack_latency_ms": 6306, "mission_id": 27, "network_profile_active": "offline", "oldest_item_age_ms": 4192, "queue_depth": 0, "socket_emit_without_backend_ack_total": 0, "source": "driver.tracking.bridge", "tracking_flush_batch_size": 1}
 INFO  [driver-telemetry] realtime.degraded.entered {"degraded_hysteresis_ms": 8000, "source": "core.realtime.manager"}
 INFO  [perf-kpi] perf.realtime.notify {"duration_ms": 2, "listener_count": 3, "role": "driver", "screen": "/", "source": "perf.instrumentation", "timestamp_client": "2026-08-16T10:07:09.804Z"}
 INFO  [driver-telemetry] driver.network.tick {"app_state": "active", "context_id": "driver:19", "driver_network_tick_total": 1, "mission_presence": "relevant", "network_activity_authority": "mission_active_loop", "network_profile_active": "offline", "source": "driver.realtime"}
 INFO  [driver-telemetry] driver.network.profile {"context_id": "driver:19", "network_profile_active": "offline", "recommended_sync_interval_ms": 30000, "source": "driver.realtime"}
 INFO  [driver-telemetry] driver.network.wake {"context_id": "driver:19", "driver_network_wake_cause": "polling_tick", "network_activity_authority": "mission_active_loop", "source": "driver.realtime"}
 INFO  [driver-telemetry] driver.network.profile {"network_profile_active": "offline", "recommended_sync_interval_ms": 30000, "source": "core.api.client"}
 INFO  [driver-telemetry] driver.http.timeout {"endpoint": "/driver/me/bookings", "network_profile_active": "offline", "source": "core.api.client", "timeout_ms": 2500}
 INFO  [driver-telemetry] realtime.transport.state {"actual_transport": "polling", "connected": false, "mode": "polling", "source": "core.realtime.manager", "transport_authority": "polling"}
 INFO  [perf-kpi] perf.realtime.notify {"duration_ms": 1, "listener_count": 3, "role": "driver", "screen": "/", "source": "perf.instrumentation", "timestamp_client": "2026-08-16T10:07:11.321Z"}
 INFO  [driver-telemetry] realtime.transport.authority {"reason": "full_polling_tick", "source": "core.realtime.manager", "transport_authority": "polling"}
 INFO  [driver-telemetry] realtime.polling.full_refetch {"context_id": "driver:19", "driver_http_calls_per_hour": 1, "mission_poll_full_refetch_total": 1, "network_activity_authority": "mission_active_loop", "source": "driver.realtime"}
 INFO  [driver-telemetry] realtime.mission.freshness {"context_id": "driver:19", "mission_state_freshness_ms": 800324, "realtime_transport_mode": "polling", "source": "driver.realtime.polling"}
 INFO  [driver-telemetry] tracking.auth.presence.ensure_headless {"driver_id": 19, "kind": "SESSION_AVAILABLE", "path": "memory_cache"}
 INFO  [driver-telemetry] tracking.background.task.skipped {"reason": "missing_native_owner", "source": "driver.services.backgroundLocationTask", "task_name": "background-location-task"}
 INFO  [FCM-GATE] register effect start {"enabled": true, "fcmEnabled": true, "source": "driver.notifications.bridge", "stage": "app_foreground"}
 INFO  [driver-telemetry] driver.foreground.resume.resync {"context_id": "driver:19", "foreground_resume_resync_total": 1, "source": "driver.sync_engine"}
 INFO  [driver-telemetry] driver.runtime.resume.start {"app_state": "active", "context_id": "driver:19", "resume_attempt_id": "driver:19:1786874841449:18", "source": "driver.runtime.resume"}
 INFO  [driver-telemetry] tracking.device_health.send_skipped {"age_ms": 25058, "reason": "throttled", "source": "driver.device_health", "trigger_reason": null}
 INFO  [driver-telemetry] tracking.device_health.send_skipped {"age_ms": 25112, "reason": "throttled", "source": "driver.device_health", "trigger_reason": "health_monitor_ok"}
 INFO  [FCM-GATE] requesting token {"source": "driver.notifications.bridge", "stage": "app_foreground"}
 INFO  [driver-telemetry] driver.push.fcm.get_token_start {"platform": "android", "source": "driver.firebaseMessaging"}
 INFO  [FCM-GATE] getDriverFcmToken start {"platform": "android"}
 INFO  [FCM-GATE] getToken success {"tokenLength": 142}
 INFO  [driver-telemetry] driver.push.fcm.token {"source": "driver.firebaseMessaging", "token_present": true}
 INFO  [FCM-GATE] token received {"source": "driver.notifications.bridge", "stage": "app_foreground", "tokenLength": 142}
 INFO  [driver-telemetry] driver_push.token_acquired {"provider": "fcm", "source": "driver.notifications.bridge", "stage": "app_foreground", "token_length": 142}
 INFO  [FCM-GATE] posting token {"provider": "fcm", "source": "driver.notifications.bridge", "stage": "app_foreground"}
 INFO  [driver-telemetry] driver.network.profile {"network_profile_active": "offline", "recommended_sync_interval_ms": 30000, "source": "core.api.client"}
 INFO  [driver-telemetry] driver.http.timeout {"endpoint": "/driver/me/telemetry/push", "network_profile_active": "offline", "source": "core.api.client", "timeout_ms": 2500}
 INFO  [driver-telemetry] driver.network.profile {"network_profile_active": "offline", "recommended_sync_interval_ms": 30000, "source": "core.api.client"}
 INFO  [driver-telemetry] driver.http.timeout {"endpoint": "/driver/save-push-token", "network_profile_active": "offline", "source": "core.api.client", "timeout_ms": 2500}
 INFO  [driver-telemetry] push.token.registered {"provider": "fcm", "source": "driver.notifications.bridge"}
 INFO  [driver-telemetry] driver_push.register_success {"provider": "fcm", "source": "driver.notifications.bridge"}
 INFO  [driver-telemetry] driver.network.profile {"network_profile_active": "offline", "recommended_sync_interval_ms": 30000, "source": "core.api.client"}
 INFO  [driver-telemetry] driver.http.timeout {"endpoint": "/driver/me/telemetry/push", "network_profile_active": "offline", "source": "core.api.client", "timeout_ms": 2500}
 INFO  [driver-telemetry] auth.refresh.endpoint_used {"endpoint": "refresh-token", "source": "core.api.client"}
 INFO  [perf-kpi] perf.realtime.notify {"duration_ms": 1, "listener_count": 3, "role": "driver", "screen": "/", "source": "perf.instrumentation", "timestamp_client": "2026-08-16T10:07:21.692Z"}
 INFO  [driver-telemetry] realtime.transport.state {"actual_transport": "polling", "connected": true, "mode": "socket", "source": "core.realtime.manager", "transport_authority": "polling"}
 INFO  [perf-kpi] perf.realtime.notify {"duration_ms": 0, "listener_count": 3, "role": "driver", "screen": "/", "source": "perf.instrumentation", "timestamp_client": "2026-08-16T10:07:21.694Z"}
 LOG  [DriverSocket] {"contextId": "driver:19", "hasToken": true, "path": "/socket.io", "socketUrl": "http://127.0.0.1:15100", "surface": "driver", "transports": ["websocket", "polling"], "urlEnvSource": "EXPO_PUBLIC_DRIVER_SOCKET_URL"}
 INFO  [driver-telemetry] tracking.session.readiness {"readiness": "CREATING", "reason": "session_conflict", "session_generation": 930, "source": "driver.tracking.queue", "tracking_session_id": "trk_sess_1786874821604_soa3440g"}
 INFO  [driver-telemetry] tracking.session.readiness {"readiness": "REGISTERING", "reason": "session_conflict", "session_generation": null, "source": "driver.tracking.queue", "tracking_session_id": "trk_sess_1786874841698_xmjhn52t"}
 INFO  [driver-telemetry] tracking.session.readiness {"readiness": "REGISTERING", "reason": "register_start", "session_generation": null, "source": "driver.tracking.queue", "tracking_session_id": "trk_sess_1786874841698_xmjhn52t"}
 INFO  [driver-telemetry] driver.network.profile {"network_profile_active": "offline", "recommended_sync_interval_ms": 30000, "source": "core.api.client"}
 INFO  [driver-telemetry] driver.http.timeout {"endpoint": "/driver/me/tracking/sessions", "network_profile_active": "offline", "source": "core.api.client", "timeout_ms": 2500}
 INFO  [perf-kpi] perf.runtime.socket_reconnect_failed_total {"context_id": "driver:19", "source": "perf.runtime_stability", "timestamp_client": "2026-08-16T10:07:21.711Z", "total": 42}
 INFO  [driver-telemetry] realtime.transport.state {"actual_transport": "polling", "connected": false, "mode": "polling", "source": "core.realtime.manager", "transport_authority": "degraded"}
 INFO  [perf-kpi] perf.realtime.notify {"duration_ms": 1, "listener_count": 3, "role": "driver", "screen": "/", "source": "perf.instrumentation", "timestamp_client": "2026-08-16T10:07:21.713Z"}
 INFO  [driver-telemetry] realtime.socket.disconnect {"context_id": "driver:19", "reason": "websocket error", "source": "core.realtime.manager"}
 INFO  [driver-telemetry] realtime.transport.mismatch {"actual_transport": "polling", "context_id": "driver:19", "desired_transport": "socket", "source": "core.realtime.manager"}
 INFO  [driver-telemetry] realtime.reconnect.circuit_breaker_blocked {"context_id": "driver:19", "source": "core.realtime.manager"}
 INFO  [driver-telemetry] tracking.queue.flush {"backend_acked": 0, "dropped": 0, "flush_path": "http_fallback", "network_profile_active": "offline", "oldest_item_age_ms": null, "queue_depth": 0, "retried": 0, "sent": 0, "socket_emitted": 0, "source": "driver.tracking.queue", "tracking_queue_oldest_age_ms": null}
 INFO  [driver-telemetry] tracking.flush.transport {"backend_acked": 0, "sent": 0, "socket_emitted": 0, "source": "driver.tracking.queue", "transport": "http"}
 INFO  [driver-telemetry] driver.network.profile {"network_profile_active": "offline", "recommended_sync_interval_ms": 30000, "source": "core.api.client"}
 INFO  [driver-telemetry] driver.http.timeout {"endpoint": "/driver/me/bookings/since", "network_profile_active": "offline", "source": "core.api.client", "timeout_ms": 2500}
 INFO  [driver-telemetry] driver.http.fail_fast_offline {"connected": false, "endpoint": "/driver/me/bookings/since", "internet_reachable": false, "network_type": "fallback", "source": "core.api.client"}
 INFO  [driver-telemetry] driver.runtime.resume.failure {"context_id": "driver:19", "reason": "resume_failed", "resume_attempt_id": "driver:19:1786874841449:18", "retry_count": 1, "source": "driver.runtime.resume", "will_retry": true}
 INFO  [driver-telemetry] tracking.session.readiness {"readiness": "READY", "reason": "register_ok", "session_generation": 931, "source": "driver.tracking.queue", "tracking_session_id": "trk_sess_1786874841698_xmjhn52t"}
 INFO  [driver-telemetry] tracking.session.reconciled {"previous_session_id": "trk_sess_1786874821604_soa3440g", "readiness": "READY", "rebound_count": 0, "released_socket_count": 0, "source": "driver.tracking.queue", "tracking_session_id": "trk_sess_1786874841698_xmjhn52t"}
 INFO  [driver-telemetry] tracking.queue.flush {"backend_acked": 0, "dropped": 0, "flush_path": "http_fallback", "network_profile_active": "offline", "oldest_item_age_ms": null, "queue_depth": 0, "retried": 0, "sent": 0, "socket_emitted": 0, "source": "driver.tracking.queue", "tracking_queue_oldest_age_ms": null}
 INFO  [driver-telemetry] tracking.flush.transport {"backend_acked": 0, "sent": 0, "socket_emitted": 0, "source": "driver.tracking.queue", "transport": "http"}
 INFO  [driver-telemetry] auth.refresh.endpoint_used {"endpoint": "refresh-token", "source": "core.api.client"}
 INFO  [perf-kpi] perf.realtime.notify {"duration_ms": 0, "listener_count": 3, "role": "driver", "screen": "/", "source": "perf.instrumentation", "timestamp_client": "2026-08-16T10:07:21.868Z"}
 INFO  [driver-telemetry] realtime.transport.state {"actual_transport": "polling", "connected": true, "mode": "socket", "source": "core.realtime.manager", "transport_authority": "polling"}
 INFO  [perf-kpi] perf.realtime.notify {"duration_ms": 1, "listener_count": 3, "role": "driver", "screen": "/", "source": "perf.instrumentation", "timestamp_client": "2026-08-16T10:07:21.871Z"}
 LOG  [DriverSocket] {"contextId": "driver:19", "hasToken": true, "path": "/socket.io", "socketUrl": "http://127.0.0.1:15100", "surface": "driver", "transports": ["websocket", "polling"], "urlEnvSource": "EXPO_PUBLIC_DRIVER_SOCKET_URL"}
 INFO  [perf-kpi] perf.runtime.socket_reconnect_failed_total {"context_id": "driver:19", "source": "perf.runtime_stability", "timestamp_client": "2026-08-16T10:07:21.884Z", "total": 43}
 INFO  [driver-telemetry] realtime.transport.state {"actual_transport": "polling", "connected": false, "mode": "polling", "source": "core.realtime.manager", "transport_authority": "degraded"}
 INFO  [perf-kpi] perf.realtime.notify {"duration_ms": 0, "listener_count": 3, "role": "driver", "screen": "/", "source": "perf.instrumentation", "timestamp_client": "2026-08-16T10:07:21.886Z"}
 INFO  [driver-telemetry] realtime.socket.disconnect {"context_id": "driver:19", "reason": "websocket error", "source": "core.realtime.manager"}
 INFO  [driver-telemetry] realtime.transport.mismatch {"actual_transport": "polling", "context_id": "driver:19", "desired_transport": "socket", "source": "core.realtime.manager"}
 INFO  [driver-telemetry] realtime.reconnect.circuit_breaker_blocked {"context_id": "driver:19", "source": "core.realtime.manager"}
 INFO  [driver-telemetry] driver.network.profile {"network_profile_active": "offline", "recommended_sync_interval_ms": 30000, "source": "core.api.client"}
 INFO  [driver-telemetry] driver.http.timeout {"endpoint": "/driver/me/bookings/since", "network_profile_active": "offline", "source": "core.api.client", "timeout_ms": 2500}
 INFO  [driver-telemetry] driver.http.fail_fast_offline {"connected": false, "endpoint": "/driver/me/bookings/since", "internet_reachable": false, "network_type": "fallback", "source": "core.api.client"}
 INFO  [driver-telemetry] driver.runtime.resume.failure {"context_id": "driver:19", "reason": "resume_failed", "resume_attempt_id": "driver:19:1786874841449:18", "retry_count": 2, "source": "driver.runtime.resume", "will_retry": false}
 INFO  [driver-telemetry] auth.refresh.endpoint_used {"endpoint": "refresh-token", "source": "core.api.client"}
 INFO  [driver-telemetry] driver.network.profile {"network_profile_active": "offline", "recommended_sync_interval_ms": 30000, "source": "core.api.client"}
 INFO  [driver-telemetry] driver.http.timeout {"endpoint": "/driver/me/bookings/since", "network_profile_active": "offline", "source": "core.api.client", "timeout_ms": 2500}
 INFO  [driver-telemetry] driver.http.fail_fast_offline {"connected": false, "endpoint": "/driver/me/bookings/since", "internet_reachable": false, "network_type": "fallback", "source": "core.api.client"}
 INFO  [driver-telemetry] driver.runtime.reconcile.failure {"context_id": "driver:19", "reason": "reconcile_failed", "source": "driver.sync.orchestrator", "trigger": "reconnect"}
 INFO  [driver-telemetry] tracking.queue.enqueued {"app_state": "active", "location_mode": "mission_live", "mission_id": 27, "oldest_item_age_ms": 8, "queue_depth": 1, "sequence_id": 1, "source": "driver.tracking.queue", "tracking_session_id": "trk_sess_1786874841698_xmjhn52t"}
 INFO  [driver-telemetry] driver.network.profile {"network_profile_active": "offline", "recommended_sync_interval_ms": 30000, "source": "core.api.client"}
 INFO  [driver-telemetry] driver.http.timeout {"endpoint": "/driver/me/location", "network_profile_active": "offline", "source": "core.api.client", "timeout_ms": 28000}
 INFO  [driver-telemetry] tracking.ingest.ack {"accept_reason": "", "ack_status": "persisted", "durability": "persisted_sync", "flush_path": "http_fallback", "mission_id": 27, "queue_item_id": "trk_1786874843731_0b7qm2te", "source": "driver.tracking.queue", "trace_id": "mob_msvn59i6_h30f9slt"}
 INFO  [driver-telemetry] tracking.queue.flush {"backend_acked": 1, "dropped": 0, "flush_path": "http_fallback", "network_profile_active": "offline", "oldest_item_age_ms": 147, "queue_depth": 0, "retried": 0, "sent": 1, "socket_emitted": 0, "source": "driver.tracking.queue", "tracking_queue_oldest_age_ms": 147}
 INFO  [driver-telemetry] tracking.flush.transport {"backend_acked": 1, "sent": 1, "socket_emitted": 0, "source": "driver.tracking.queue", "transport": "http"}
 INFO  [driver-telemetry] tracking.bridge.health {"backend_ack_latency_ms": 2283, "mission_id": 27, "network_profile_active": "offline", "oldest_item_age_ms": 149, "queue_depth": 0, "socket_emit_without_backend_ack_total": 0, "source": "driver.tracking.bridge", "tracking_flush_batch_size": 1}
 INFO  [driver-telemetry] driver.network.tick {"app_state": "active", "context_id": "driver:19", "driver_network_tick_total": 1, "mission_presence": "relevant", "network_activity_authority": "mission_active_loop", "network_profile_active": "offline", "source": "driver.realtime"}
 INFO  [driver-telemetry] driver.network.profile {"context_id": "driver:19", "network_profile_active": "offline", "recommended_sync_interval_ms": 30000, "source": "driver.realtime"}
 INFO  [driver-telemetry] driver.network.wake {"context_id": "driver:19", "driver_network_wake_cause": "polling_tick", "network_activity_authority": "mission_active_loop", "source": "driver.realtime"}
 INFO  [driver-telemetry] driver.network.tick.skipped {"context_id": "driver:19", "driver_network_tick_skipped_total": 1, "network_activity_authority": "mission_active_loop", "reason": "idle_rate_limit", "source": "driver.realtime"}
 INFO  [driver-telemetry] driver.network.tick {"app_state": "active", "context_id": "driver:19", "driver_network_tick_total": 1, "mission_presence": "relevant", "network_activity_authority": "mission_active_loop", "source": "driver.sync_engine"}
 INFO  [driver-telemetry] driver.network.wake {"context_id": "driver:19", "driver_network_wake_cause": "sync_engine", "network_activity_authority": "mission_active_loop", "source": "driver.sync_engine"}
 INFO  [driver-telemetry] driver.sync_engine.flush.skipped {"context_id": "driver:19", "reason": "queue_empty_or_tracking_idle", "source": "driver.sync_engine"}
 INFO  [driver-telemetry] realtime.transport.state {"actual_transport": "polling", "connected": false, "mode": "polling", "source": "core.realtime.manager", "transport_authority": "reconcile"}
 INFO  [perf-kpi] perf.realtime.notify {"duration_ms": 1, "listener_count": 3, "role": "driver", "screen": "/", "source": "perf.instrumentation", "timestamp_client": "2026-08-16T10:07:26.270Z"}
 INFO  [driver-telemetry] realtime.transport.authority {"reason": "sync_engine_tick", "source": "core.realtime.manager", "transport_authority": "reconcile"}
 INFO  [driver-telemetry] driver.sync_engine.heartbeat {"allow_gps_flush": false, "allow_socket": false, "app_state": "active", "context_id": "driver:19", "driver_sync_engine_active_ms": 30000, "interval_ms": 30000, "network_activity_authority": "mission_active_loop", "network_mode": "offline", "source": "driver.sync_engine"}
 INFO  [driver-telemetry] driver.network.profile {"network_profile_active": "offline", "recommended_sync_interval_ms": 30000, "source": "core.api.client"}
 INFO  [driver-telemetry] driver.http.timeout {"endpoint": "/driver/me/bookings/since", "network_profile_active": "offline", "source": "core.api.client", "timeout_ms": 2500}
 INFO  [driver-telemetry] driver.http.fail_fast_offline {"connected": false, "endpoint": "/driver/me/bookings/since", "internet_reachable": false, "network_type": "fallback", "source": "core.api.client"}
 INFO  [driver-telemetry] driver.runtime.reconcile.failure {"context_id": "driver:19", "reason": "reconcile_failed", "source": "driver.sync.orchestrator", "trigger": "manual"}
 INFO  [driver-telemetry] realtime.degraded.entered {"degraded_hysteresis_ms": 8000, "source": "core.realtime.manager"}
 INFO  [driver-telemetry] realtime.transport.state {"actual_transport": "polling", "connected": false, "mode": "polling", "source": "core.realtime.manager", "transport_authority": "degraded"}
 INFO  [perf-kpi] perf.realtime.notify {"duration_ms": 1, "listener_count": 3, "role": "driver", "screen": "/", "source": "perf.instrumentation", "timestamp_client": "2026-08-16T10:07:29.888Z"}
 INFO  [driver-telemetry] tracking.auth.presence.ensure_headless {"driver_id": 19, "kind": "SESSION_AVAILABLE", "path": "memory_cache"}
 INFO  [driver-telemetry] tracking.background.task.skipped {"reason": "missing_native_owner", "source": "driver.services.backgroundLocationTask", "task_name": "background-location-task"}
 INFO  [driver-telemetry] driver.network.profile {"network_profile_active": "offline", "recommended_sync_interval_ms": 30000, "source": "core.api.client"}
 INFO  [driver-telemetry] driver.http.timeout {"endpoint": "/driver/me/bookings/eta", "network_profile_active": "offline", "source": "core.api.client", "timeout_ms": 2500}
 INFO  [driver-telemetry] driver.http.fail_fast_offline {"connected": false, "endpoint": "/driver/me/bookings/eta", "internet_reachable": false, "network_type": "fallback", "source": "core.api.client"}
 INFO  [driver-telemetry] driver.network.profile {"network_profile_active": "offline", "recommended_sync_interval_ms": 30000, "source": "core.api.client"}
 INFO  [driver-telemetry] driver.http.timeout {"endpoint": "/driver/me/bookings/eta", "network_profile_active": "offline", "source": "core.api.client", "timeout_ms": 2500}
 INFO  [driver-telemetry] driver.http.fail_fast_offline {"connected": false, "endpoint": "/driver/me/bookings/eta", "internet_reachable": false, "network_type": "fallback", "source": "core.api.client"}
 INFO  [driver-telemetry] driver.network.tick {"app_state": "active", "context_id": "driver:19", "driver_network_tick_total": 1, "mission_presence": "relevant", "network_activity_authority": "mission_active_loop", "network_profile_active": "offline", "source": "driver.realtime"}
 INFO  [driver-telemetry] driver.network.profile {"context_id": "driver:19", "network_profile_active": "offline", "recommended_sync_interval_ms": 30000, "source": "driver.realtime"}
 INFO  [driver-telemetry] driver.network.wake {"context_id": "driver:19", "driver_network_wake_cause": "polling_tick", "network_activity_authority": "mission_active_loop", "source": "driver.realtime"}
 INFO  [driver-telemetry] driver.network.profile {"network_profile_active": "offline", "recommended_sync_interval_ms": 30000, "source": "core.api.client"}
 INFO  [driver-telemetry] driver.http.timeout {"endpoint": "/driver/me/bookings", "network_profile_active": "offline", "source": "core.api.client", "timeout_ms": 2500}
 INFO  [driver-telemetry] realtime.transport.state {"actual_transport": "polling", "connected": false, "mode": "polling", "source": "core.realtime.manager", "transport_authority": "polling"}
 INFO  [perf-kpi] perf.realtime.notify {"duration_ms": 1, "listener_count": 3, "role": "driver", "screen": "/", "source": "perf.instrumentation", "timestamp_client": "2026-08-16T10:07:41.328Z"}
 INFO  [driver-telemetry] realtime.transport.authority {"reason": "full_polling_tick", "source": "core.realtime.manager", "transport_authority": "polling"}
 INFO  [driver-telemetry] realtime.polling.full_refetch {"context_id": "driver:19", "driver_http_calls_per_hour": 1, "mission_poll_full_refetch_total": 1, "network_activity_authority": "mission_active_loop", "source": "driver.realtime"}
 INFO  [driver-telemetry] realtime.mission.freshness {"context_id": "driver:19", "mission_state_freshness_ms": 830331, "realtime_transport_mode": "polling", "source": "driver.realtime.polling"}
 INFO  [FCM-GATE] register effect start {"enabled": true, "fcmEnabled": true, "source": "driver.notifications.bridge", "stage": "app_foreground"}
 INFO  [driver-telemetry] driver.foreground.resume.resync {"context_id": "driver:19", "foreground_resume_resync_total": 1, "source": "driver.sync_engine"}
 INFO  [driver-telemetry] driver.runtime.resume.start {"app_state": "active", "context_id": "driver:19", "resume_attempt_id": "driver:19:1786874861624:19", "source": "driver.runtime.resume"}
 INFO  [driver-telemetry] tracking.device_health.send_skipped {"age_ms": 45230, "reason": "throttled", "source": "driver.device_health", "trigger_reason": null}
 INFO  [perf-kpi] perf.js_long_task {"duration_ms": 142.7845309972763, "role": "driver", "screen": "/", "source": "perf.instrumentation", "timestamp_client": "2026-08-16T10:07:41.627Z"}
 INFO  [driver-telemetry] tracking.device_health.send_skipped {"age_ms": 45295, "reason": "throttled", "source": "driver.device_health", "trigger_reason": "health_monitor_ok"}
 INFO  [FCM-GATE] requesting token {"source": "driver.notifications.bridge", "stage": "app_foreground"}
 INFO  [driver-telemetry] driver.push.fcm.get_token_start {"platform": "android", "source": "driver.firebaseMessaging"}
 INFO  [FCM-GATE] getDriverFcmToken start {"platform": "android"}
 INFO  [FCM-GATE] getToken success {"tokenLength": 142}
 INFO  [driver-telemetry] driver.push.fcm.token {"source": "driver.firebaseMessaging", "token_present": true}
 INFO  [FCM-GATE] token received {"source": "driver.notifications.bridge", "stage": "app_foreground", "tokenLength": 142}
 INFO  [driver-telemetry] driver_push.token_acquired {"provider": "fcm", "source": "driver.notifications.bridge", "stage": "app_foreground", "token_length": 142}
 INFO  [FCM-GATE] posting token {"provider": "fcm", "source": "driver.notifications.bridge", "stage": "app_foreground"}
 INFO  [driver-telemetry] driver.network.profile {"network_profile_active": "offline", "recommended_sync_interval_ms": 30000, "source": "core.api.client"}
 INFO  [driver-telemetry] driver.http.timeout {"endpoint": "/driver/me/telemetry/push", "network_profile_active": "offline", "source": "core.api.client", "timeout_ms": 2500}
 INFO  [driver-telemetry] driver.network.profile {"network_profile_active": "offline", "recommended_sync_interval_ms": 30000, "source": "core.api.client"}
 INFO  [driver-telemetry] driver.http.timeout {"endpoint": "/driver/save-push-token", "network_profile_active": "offline", "source": "core.api.client", "timeout_ms": 2500}
 INFO  [driver-telemetry] push.token.registered {"provider": "fcm", "source": "driver.notifications.bridge"}
 INFO  [driver-telemetry] driver_push.register_success {"provider": "fcm", "source": "driver.notifications.bridge"}
 INFO  [driver-telemetry] driver.network.profile {"network_profile_active": "offline", "recommended_sync_interval_ms": 30000, "source": "core.api.client"}
 INFO  [driver-telemetry] driver.http.timeout {"endpoint": "/driver/me/telemetry/push", "network_profile_active": "offline", "source": "core.api.client", "timeout_ms": 2500}
 INFO  [driver-telemetry] auth.refresh.endpoint_used {"endpoint": "refresh-token", "source": "core.api.client"}
 INFO  [perf-kpi] perf.realtime.notify {"duration_ms": 1, "listener_count": 3, "role": "driver", "screen": "/", "source": "perf.instrumentation", "timestamp_client": "2026-08-16T10:07:41.881Z"}
 INFO  [driver-telemetry] realtime.transport.state {"actual_transport": "polling", "connected": true, "mode": "socket", "source": "core.realtime.manager", "transport_authority": "polling"}
 INFO  [perf-kpi] perf.realtime.notify {"duration_ms": 1, "listener_count": 3, "role": "driver", "screen": "/", "source": "perf.instrumentation", "timestamp_client": "2026-08-16T10:07:41.883Z"}
 LOG  [DriverSocket] {"contextId": "driver:19", "hasToken": true, "path": "/socket.io", "socketUrl": "http://127.0.0.1:15100", "surface": "driver", "transports": ["websocket", "polling"], "urlEnvSource": "EXPO_PUBLIC_DRIVER_SOCKET_URL"}
 INFO  [driver-telemetry] tracking.session.readiness {"readiness": "CREATING", "reason": "session_conflict", "session_generation": 931, "source": "driver.tracking.queue", "tracking_session_id": "trk_sess_1786874841698_xmjhn52t"}
 INFO  [driver-telemetry] tracking.session.readiness {"readiness": "REGISTERING", "reason": "session_conflict", "session_generation": null, "source": "driver.tracking.queue", "tracking_session_id": "trk_sess_1786874861886_sxdyaug5"}
 INFO  [driver-telemetry] tracking.session.readiness {"readiness": "REGISTERING", "reason": "register_start", "session_generation": null, "source": "driver.tracking.queue", "tracking_session_id": "trk_sess_1786874861886_sxdyaug5"}
 INFO  [driver-telemetry] driver.network.profile {"network_profile_active": "offline", "recommended_sync_interval_ms": 30000, "source": "core.api.client"}
 INFO  [driver-telemetry] driver.http.timeout {"endpoint": "/driver/me/tracking/sessions", "network_profile_active": "offline", "source": "core.api.client", "timeout_ms": 2500}
 INFO  [perf-kpi] perf.runtime.socket_reconnect_failed_total {"context_id": "driver:19", "source": "perf.runtime_stability", "timestamp_client": "2026-08-16T10:07:41.897Z", "total": 44}
 INFO  [driver-telemetry] realtime.transport.state {"actual_transport": "polling", "connected": false, "mode": "polling", "source": "core.realtime.manager", "transport_authority": "degraded"}
 INFO  [perf-kpi] perf.realtime.notify {"duration_ms": 0, "listener_count": 3, "role": "driver", "screen": "/", "source": "perf.instrumentation", "timestamp_client": "2026-08-16T10:07:41.898Z"}
 INFO  [driver-telemetry] realtime.socket.disconnect {"context_id": "driver:19", "reason": "websocket error", "source": "core.realtime.manager"}
 INFO  [driver-telemetry] realtime.transport.mismatch {"actual_transport": "polling", "context_id": "driver:19", "desired_transport": "socket", "source": "core.realtime.manager"}
 INFO  [driver-telemetry] realtime.reconnect.circuit_breaker_blocked {"context_id": "driver:19", "source": "core.realtime.manager"}
 INFO  [driver-telemetry] tracking.queue.flush {"backend_acked": 0, "dropped": 0, "flush_path": "http_fallback", "network_profile_active": "offline", "oldest_item_age_ms": null, "queue_depth": 0, "retried": 0, "sent": 0, "socket_emitted": 0, "source": "driver.tracking.queue", "tracking_queue_oldest_age_ms": null}
 INFO  [driver-telemetry] tracking.flush.transport {"backend_acked": 0, "sent": 0, "socket_emitted": 0, "source": "driver.tracking.queue", "transport": "http"}
 INFO  [driver-telemetry] driver.network.profile {"network_profile_active": "offline", "recommended_sync_interval_ms": 30000, "source": "core.api.client"}
 INFO  [driver-telemetry] driver.http.timeout {"endpoint": "/driver/me/bookings/since", "network_profile_active": "offline", "source": "core.api.client", "timeout_ms": 2500}
 INFO  [driver-telemetry] driver.http.fail_fast_offline {"connected": false, "endpoint": "/driver/me/bookings/since", "internet_reachable": false, "network_type": "fallback", "source": "core.api.client"}
 INFO  [driver-telemetry] driver.runtime.resume.failure {"context_id": "driver:19", "reason": "resume_failed", "resume_attempt_id": "driver:19:1786874861624:19", "retry_count": 1, "source": "driver.runtime.resume", "will_retry": true}
 INFO  [driver-telemetry] tracking.session.readiness {"readiness": "READY", "reason": "register_ok", "session_generation": 932, "source": "driver.tracking.queue", "tracking_session_id": "trk_sess_1786874861886_sxdyaug5"}
 INFO  [driver-telemetry] tracking.session.reconciled {"previous_session_id": "trk_sess_1786874841698_xmjhn52t", "readiness": "READY", "rebound_count": 0, "released_socket_count": 0, "source": "driver.tracking.queue", "tracking_session_id": "trk_sess_1786874861886_sxdyaug5"}
 INFO  [driver-telemetry] tracking.queue.flush {"backend_acked": 0, "dropped": 0, "flush_path": "http_fallback", "network_profile_active": "offline", "oldest_item_age_ms": null, "queue_depth": 0, "retried": 0, "sent": 0, "socket_emitted": 0, "source": "driver.tracking.queue", "tracking_queue_oldest_age_ms": null}
 INFO  [driver-telemetry] tracking.flush.transport {"backend_acked": 0, "sent": 0, "socket_emitted": 0, "source": "driver.tracking.queue", "transport": "http"}
 INFO  [driver-telemetry] auth.refresh.endpoint_used {"endpoint": "refresh-token", "source": "core.api.client"}
 INFO  [perf-kpi] perf.realtime.notify {"duration_ms": 0, "listener_count": 3, "role": "driver", "screen": "/", "source": "perf.instrumentation", "timestamp_client": "2026-08-16T10:07:42.044Z"}
 INFO  [driver-telemetry] realtime.transport.state {"actual_transport": "polling", "connected": true, "mode": "socket", "source": "core.realtime.manager", "transport_authority": "polling"}
 INFO  [perf-kpi] perf.realtime.notify {"duration_ms": 0, "listener_count": 3, "role": "driver", "screen": "/", "source": "perf.instrumentation", "timestamp_client": "2026-08-16T10:07:42.046Z"}
 LOG  [DriverSocket] {"contextId": "driver:19", "hasToken": true, "path": "/socket.io", "socketUrl": "http://127.0.0.1:15100", "surface": "driver", "transports": ["websocket", "polling"], "urlEnvSource": "EXPO_PUBLIC_DRIVER_SOCKET_URL"}
 INFO  [perf-kpi] perf.runtime.socket_reconnect_failed_total {"context_id": "driver:19", "source": "perf.runtime_stability", "timestamp_client": "2026-08-16T10:07:42.061Z", "total": 45}
 INFO  [driver-telemetry] realtime.transport.state {"actual_transport": "polling", "connected": false, "mode": "polling", "source": "core.realtime.manager", "transport_authority": "degraded"}
 INFO  [perf-kpi] perf.realtime.notify {"duration_ms": 0, "listener_count": 3, "role": "driver", "screen": "/", "source": "perf.instrumentation", "timestamp_client": "2026-08-16T10:07:42.063Z"}
 INFO  [driver-telemetry] realtime.socket.disconnect {"context_id": "driver:19", "reason": "websocket error", "source": "core.realtime.manager"}
 INFO  [driver-telemetry] realtime.transport.mismatch {"actual_transport": "polling", "context_id": "driver:19", "desired_transport": "socket", "source": "core.realtime.manager"}
 INFO  [driver-telemetry] realtime.reconnect.circuit_breaker_blocked {"context_id": "driver:19", "source": "core.realtime.manager"}
 INFO  [driver-telemetry] driver.network.profile {"network_profile_active": "offline", "recommended_sync_interval_ms": 30000, "source": "core.api.client"}
 INFO  [driver-telemetry] driver.http.timeout {"endpoint": "/driver/me/bookings/since", "network_profile_active": "offline", "source": "core.api.client", "timeout_ms": 2500}
 INFO  [driver-telemetry] driver.http.fail_fast_offline {"connected": false, "endpoint": "/driver/me/bookings/since", "internet_reachable": false, "network_type": "fallback", "source": "core.api.client"}
 INFO  [driver-telemetry] driver.runtime.resume.failure {"context_id": "driver:19", "reason": "resume_failed", "resume_attempt_id": "driver:19:1786874861624:19", "retry_count": 2, "source": "driver.runtime.resume", "will_retry": false}
 INFO  [driver-telemetry] auth.refresh.endpoint_used {"endpoint": "refresh-token", "source": "core.api.client"}
 INFO  [driver-telemetry] driver.network.profile {"network_profile_active": "offline", "recommended_sync_interval_ms": 30000, "source": "core.api.client"}
 INFO  [driver-telemetry] driver.http.timeout {"endpoint": "/driver/me/bookings/since", "network_profile_active": "offline", "source": "core.api.client", "timeout_ms": 2500}
 INFO  [driver-telemetry] driver.http.fail_fast_offline {"connected": false, "endpoint": "/driver/me/bookings/since", "internet_reachable": false, "network_type": "fallback", "source": "core.api.client"}
 INFO  [driver-telemetry] driver.runtime.reconcile.failure {"context_id": "driver:19", "reason": "reconcile_failed", "source": "driver.sync.orchestrator", "trigger": "reconnect"}
 INFO  [driver-telemetry] tracking.queue.enqueued {"app_state": "active", "location_mode": "mission_live", "mission_id": 27, "oldest_item_age_ms": 9, "queue_depth": 1, "sequence_id": 1, "source": "driver.tracking.queue", "tracking_session_id": "trk_sess_1786874861886_sxdyaug5"}
 INFO  [driver-telemetry] driver.network.profile {"network_profile_active": "offline", "recommended_sync_interval_ms": 30000, "source": "core.api.client"}
 INFO  [driver-telemetry] driver.http.timeout {"endpoint": "/driver/me/location", "network_profile_active": "offline", "source": "core.api.client", "timeout_ms": 28000}
 INFO  [driver-telemetry] tracking.ingest.ack {"accept_reason": "", "ack_status": "persisted", "durability": "persisted_sync", "flush_path": "http_fallback", "mission_id": 27, "queue_item_id": "trk_1786874863913_jlyubd7i", "source": "driver.tracking.queue", "trace_id": "mob_msvn5p2v_fmcmhg0u"}
 INFO  [driver-telemetry] tracking.queue.flush {"backend_acked": 1, "dropped": 0, "flush_path": "http_fallback", "network_profile_active": "offline", "oldest_item_age_ms": 158, "queue_depth": 0, "retried": 0, "sent": 1, "socket_emitted": 0, "source": "driver.tracking.queue", "tracking_queue_oldest_age_ms": 158}
 INFO  [driver-telemetry] tracking.flush.transport {"backend_acked": 1, "sent": 1, "socket_emitted": 0, "source": "driver.tracking.queue", "transport": "http"}
 INFO  [driver-telemetry] tracking.bridge.health {"backend_ack_latency_ms": 2293, "mission_id": 27, "network_profile_active": "offline", "oldest_item_age_ms": 160, "queue_depth": 0, "socket_emit_without_backend_ack_total": 0, "source": "driver.tracking.bridge", "tracking_flush_batch_size": 1}
 INFO  [driver-telemetry] realtime.degraded.entered {"degraded_hysteresis_ms": 8000, "source": "core.realtime.manager"}
 INFO  [perf-kpi] perf.realtime.notify {"duration_ms": 2, "listener_count": 3, "role": "driver", "screen": "/", "source": "perf.instrumentation", "timestamp_client": "2026-08-16T10:07:50.056Z"}
 INFO  [driver-telemetry] tracking.auth.presence.ensure_headless {"driver_id": 19, "kind": "SESSION_AVAILABLE", "path": "memory_cache"}
 INFO  [driver-telemetry] tracking.background.task.skipped {"reason": "missing_native_owner", "source": "driver.services.backgroundLocationTask", "task_name": "background-location-task"}
 INFO  [perf-kpi] perf.instrumentation.aggregate {"notify_listeners_peak": 3, "row_count": 30, "source": "perf.instrumentation", "tier": "dev", "timestamp_client": "2026-08-16T10:07:55.010Z", "top_by_count": [{"avg_ms": 42.205922073890704, "category": "js_long_task", "count": 5455, "max_ms": 517.0027080029249, "p50_ms": 41.53984399884939, "p95_ms": 68.41312500089407, "role": "driver", "screen": "/", "sub_key": "frame_budget", "sum_ms": 230233.30491307378}, {"avg_ms": 0.5443037974683544, "category": "notify", "count": 158, "max_ms": 4, "p50_ms": 1, "p95_ms": 2, "role": "driver", "screen": "/", "sub_key": "lifecycle", "sum_ms": 86}, {"avg_ms": 0, "category": "http", "count": 69, "max_ms": 0, "p50_ms": 0, "p95_ms": 0, "role": "driver", "screen": "/", "sub_key": "/driver/me/telemetry/push", "sum_ms": 0}, {"avg_ms": 0, "category": "http", "count": 68, "max_ms": 0, "p50_ms": 0, "p95_ms": 0, "role": "driver", "screen": "/", "sub_key": "/driver/me/bookings/since", "sum_ms": 0}, {"avg_ms": 0, "category": "http", "count": 62, "max_ms": 0, "p50_ms": 0, "p95_ms": 0, "role": "driver", "screen": "/", "sub_key": "/auth/refresh-token", "sum_ms": 0}, {"avg_ms": 0, "category": "http", "count": 31, "max_ms": 0, "p50_ms": 0, "p95_ms": 0, "role": "driver", "screen": "/", "sub_key": "/driver/save-push-token", "sum_ms": 0}, {"avg_ms": 0, "category": "http", "count": 24, "max_ms": 0, "p50_ms": 0, "p95_ms": 0, "role": "driver", "screen": "/", "sub_key": "/messages/3", "sum_ms": 0}, {"avg_ms": 0, "category": "http", "count": 18, "max_ms": 0, "p50_ms": 0, "p95_ms": 0, "role": "driver", "screen": "/", "sub_key": "/driver/me/location", "sum_ms": 0}, {"avg_ms": 0, "category": "http", "count": 17, "max_ms": 0, "p50_ms": 0, "p95_ms": 0, "role": "driver", "screen": "/", "sub_key": "/driver/me/tracking/sessions", "sum_ms": 0}, {"avg_ms": 0, "category": "http", "count": 16, "max_ms": 0, "p50_ms": 0, "p95_ms": 0, "role": "driver", "screen": "/", "sub_key": "/messages/3/hub/unread-count", "sum_ms": 0}], "top_by_sum_ms": [{"avg_ms": 42.205922073890704, "category": "js_long_task", "count": 5455, "max_ms": 517.0027080029249, "p50_ms": 41.53984399884939, "p95_ms": 68.41312500089407, "role": "driver", "screen": "/", "sub_key": "frame_budget", "sum_ms": 230233.30491307378}, {"avg_ms": 1249, "category": "page_load", "count": 1, "max_ms": 1249, "p50_ms": 1249, "p95_ms": 1249, "role": "driver", "screen": "/", "sub_key": "driver.inbox", "sum_ms": 1249}, {"avg_ms": 437, "category": "page_load", "count": 1, "max_ms": 437, "p50_ms": 437, "p95_ms": 437, "role": "driver", "screen": "/", "sub_key": "driver.hub", "sum_ms": 437}, {"avg_ms": 434, "category": "page_load", "count": 1, "max_ms": 434, "p50_ms": 434, "p95_ms": 434, "role": "driver", "screen": "/", "sub_key": "driver.missions", "sum_ms": 434}, {"avg_ms": 24.8918437987566, "category": "js_long_task", "count": 5, "max_ms": 33.602292001247406, "p50_ms": 25.013801999390125, "p95_ms": 33.602292001247406, "role": "unknown", "screen": "app.root", "sub_key": "frame_budget", "sum_ms": 124.459218993783}, {"avg_ms": 0.5443037974683544, "category": "notify", "count": 158, "max_ms": 4, "p50_ms": 1, "p95_ms": 2, "role": "driver", "screen": "/", "sub_key": "lifecycle", "sum_ms": 86}, {"avg_ms": 0, "category": "http", "count": 3, "max_ms": 0, "p50_ms": 0, "p95_ms": 0, "role": "unknown", "screen": "app.root", "sub_key": "/driver/me/telemetry/push", "sum_ms": 0}, {"avg_ms": 0, "category": "http", "count": 1, "max_ms": 0, "p50_ms": 0, "p95_ms": 0, "role": "unknown", "screen": "app.root", "sub_key": "/auth/csrf-token", "sum_ms": 0}, {"avg_ms": 0, "category": "http", "count": 2, "max_ms": 0, "p50_ms": 0, "p95_ms": 0, "role": "unknown", "screen": "app.root", "sub_key": "/auth/refresh-token", "sum_ms": 0}, {"avg_ms": 0, "category": "http", "count": 1, "max_ms": 0, "p50_ms": 0, "p95_ms": 0, "role": "unknown", "screen": "app.root", "sub_key": "/auth/bootstrap", "sum_ms": 0}]}
 INFO  [driver-telemetry] tracking.device_health.send_skipped {"age_ms": 59128, "reason": "throttled", "source": "driver.device_health", "trigger_reason": null}
 INFO  [driver-telemetry] driver.runtime.heartbeat {"app_state": "active", "context_id": "driver:19", "feature_flags_version": null, "mission_runtime_in_flight": 0, "mission_runtime_known": 1, "session_valid": true, "socket_connected": false, "source": "driver.hooks.realtime", "tracking_active": true, "tracking_queue_depth": 0}
 INFO  [driver-telemetry] driver.network.tick {"app_state": "active", "context_id": "driver:19", "driver_network_tick_total": 1, "mission_presence": "relevant", "network_activity_authority": "mission_active_loop", "network_profile_active": "offline", "source": "driver.realtime"}
 INFO  [driver-telemetry] driver.network.profile {"context_id": "driver:19", "network_profile_active": "offline", "recommended_sync_interval_ms": 30000, "source": "driver.realtime"}
 INFO  [driver-telemetry] driver.network.wake {"context_id": "driver:19", "driver_network_wake_cause": "polling_tick", "network_activity_authority": "mission_active_loop", "source": "driver.realtime"}
 INFO  [driver-telemetry] driver.network.tick.skipped {"context_id": "driver:19", "driver_network_tick_skipped_total": 1, "network_activity_authority": "mission_active_loop", "reason": "idle_rate_limit", "source": "driver.realtime"}
 INFO  [driver-telemetry] driver.network.tick {"app_state": "active", "context_id": "driver:19", "driver_network_tick_total": 1, "mission_presence": "relevant", "network_activity_authority": "mission_active_loop", "source": "driver.sync_engine"}
 INFO  [driver-telemetry] driver.network.wake {"context_id": "driver:19", "driver_network_wake_cause": "sync_engine", "network_activity_authority": "mission_active_loop", "source": "driver.sync_engine"}
 INFO  [driver-telemetry] driver.sync_engine.flush.skipped {"context_id": "driver:19", "reason": "queue_empty_or_tracking_idle", "source": "driver.sync_engine"}
 INFO  [driver-telemetry] realtime.transport.state {"actual_transport": "polling", "connected": false, "mode": "polling", "source": "core.realtime.manager", "transport_authority": "reconcile"}
 INFO  [perf-kpi] perf.realtime.notify {"duration_ms": 0, "listener_count": 3, "role": "driver", "screen": "/", "source": "perf.instrumentation", "timestamp_client": "2026-08-16T10:07:56.279Z"}
 INFO  [driver-telemetry] realtime.transport.authority {"reason": "sync_engine_tick", "source": "core.realtime.manager", "transport_authority": "reconcile"}
 INFO  [driver-telemetry] driver.sync_engine.heartbeat {"allow_gps_flush": false, "allow_socket": false, "app_state": "active", "context_id": "driver:19", "driver_sync_engine_active_ms": 30000, "interval_ms": 30000, "network_activity_authority": "mission_active_loop", "network_mode": "offline", "source": "driver.sync_engine"}
 INFO  [driver-telemetry] driver.network.profile {"network_profile_active": "offline", "recommended_sync_interval_ms": 30000, "source": "core.api.client"}
 INFO  [driver-telemetry] driver.http.timeout {"endpoint": "/driver/me/device-health", "network_profile_active": "offline", "source": "core.api.client", "timeout_ms": 2500}
 INFO  [driver-telemetry] tracking.device_health.sent {"battery_optimized": false, "constraint_reason": null, "fgs_running": true, "kind": "tracking_health", "source": "driver.device_health", "trigger_reason": "health_monitor_ok"}
 INFO  [driver-telemetry] driver.network.profile {"network_profile_active": "offline", "recommended_sync_interval_ms": 30000, "source": "core.api.client"}
 INFO  [driver-telemetry] driver.http.timeout {"endpoint": "/driver/me/bookings/since", "network_profile_active": "offline", "source": "core.api.client", "timeout_ms": 2500}
 INFO  [driver-telemetry] driver.http.fail_fast_offline {"connected": false, "endpoint": "/driver/me/bookings/since", "internet_reachable": false, "network_type": "fallback", "source": "core.api.client"}
 INFO  [driver-telemetry] driver.runtime.reconcile.failure {"context_id": "driver:19", "reason": "reconcile_failed", "source": "driver.sync.orchestrator", "trigger": "manual"}
 INFO  [FCM-GATE] register effect start {"enabled": true, "fcmEnabled": true, "source": "driver.notifications.bridge", "stage": "app_foreground"}
 INFO  [driver-telemetry] driver.foreground.resume.resync {"context_id": "driver:19", "foreground_resume_resync_total": 1, "source": "driver.sync_engine"}
 INFO  [driver-telemetry] driver.runtime.resume.start {"app_state": "active", "context_id": "driver:19", "resume_attempt_id": "driver:19:1786874881753:20", "source": "driver.runtime.resume"}
 INFO  [driver-telemetry] tracking.device_health.send_skipped {"age_ms": 5363, "reason": "throttled", "source": "driver.device_health", "trigger_reason": null}
 INFO  [perf-kpi] perf.js_long_task {"duration_ms": 112.32354100048542, "role": "driver", "screen": "/", "source": "perf.instrumentation", "timestamp_client": "2026-08-16T10:08:01.762Z"}
 INFO  [driver-telemetry] tracking.device_health.send_skipped {"age_ms": 5414, "reason": "throttled", "source": "driver.device_health", "trigger_reason": "health_monitor_ok"}
 INFO  [FCM-GATE] requesting token {"source": "driver.notifications.bridge", "stage": "app_foreground"}
 INFO  [driver-telemetry] driver.push.fcm.get_token_start {"platform": "android", "source": "driver.firebaseMessaging"}
 INFO  [FCM-GATE] getDriverFcmToken start {"platform": "android"}
 INFO  [FCM-GATE] getToken success {"tokenLength": 142}
 INFO  [driver-telemetry] driver.push.fcm.token {"source": "driver.firebaseMessaging", "token_present": true}
 INFO  [FCM-GATE] token received {"source": "driver.notifications.bridge", "stage": "app_foreground", "tokenLength": 142}
 INFO  [driver-telemetry] driver_push.token_acquired {"provider": "fcm", "source": "driver.notifications.bridge", "stage": "app_foreground", "token_length": 142}
 INFO  [FCM-GATE] posting token {"provider": "fcm", "source": "driver.notifications.bridge", "stage": "app_foreground"}
 INFO  [driver-telemetry] driver.network.profile {"network_profile_active": "offline", "recommended_sync_interval_ms": 30000, "source": "core.api.client"}
 INFO  [driver-telemetry] driver.http.timeout {"endpoint": "/driver/me/telemetry/push", "network_profile_active": "offline", "source": "core.api.client", "timeout_ms": 2500}
 INFO  [driver-telemetry] driver.network.profile {"network_profile_active": "offline", "recommended_sync_interval_ms": 30000, "source": "core.api.client"}
 INFO  [driver-telemetry] driver.http.timeout {"endpoint": "/driver/save-push-token", "network_profile_active": "offline", "source": "core.api.client", "timeout_ms": 2500}
 INFO  [driver-telemetry] push.token.registered {"provider": "fcm", "source": "driver.notifications.bridge"}
 INFO  [driver-telemetry] driver_push.register_success {"provider": "fcm", "source": "driver.notifications.bridge"}
 INFO  [driver-telemetry] driver.network.profile {"network_profile_active": "offline", "recommended_sync_interval_ms": 30000, "source": "core.api.client"}
 INFO  [driver-telemetry] driver.http.timeout {"endpoint": "/driver/me/telemetry/push", "network_profile_active": "offline", "source": "core.api.client", "timeout_ms": 2500}
 INFO  [driver-telemetry] auth.refresh.endpoint_used {"endpoint": "refresh-token", "source": "core.api.client"}
 INFO  [perf-kpi] perf.realtime.notify {"duration_ms": 0, "listener_count": 3, "role": "driver", "screen": "/", "source": "perf.instrumentation", "timestamp_client": "2026-08-16T10:08:02.018Z"}
 INFO  [driver-telemetry] realtime.transport.state {"actual_transport": "polling", "connected": true, "mode": "socket", "source": "core.realtime.manager", "transport_authority": "polling"}
 INFO  [perf-kpi] perf.realtime.notify {"duration_ms": 1, "listener_count": 3, "role": "driver", "screen": "/", "source": "perf.instrumentation", "timestamp_client": "2026-08-16T10:08:02.020Z"}
 LOG  [DriverSocket] {"contextId": "driver:19", "hasToken": true, "path": "/socket.io", "socketUrl": "http://127.0.0.1:15100", "surface": "driver", "transports": ["websocket", "polling"], "urlEnvSource": "EXPO_PUBLIC_DRIVER_SOCKET_URL"}
 INFO  [driver-telemetry] tracking.session.readiness {"readiness": "CREATING", "reason": "session_conflict", "session_generation": 932, "source": "driver.tracking.queue", "tracking_session_id": "trk_sess_1786874861886_sxdyaug5"}
 INFO  [driver-telemetry] tracking.session.readiness {"readiness": "REGISTERING", "reason": "session_conflict", "session_generation": null, "source": "driver.tracking.queue", "tracking_session_id": "trk_sess_1786874882023_t2q9pygk"}
 INFO  [driver-telemetry] tracking.session.readiness {"readiness": "REGISTERING", "reason": "register_start", "session_generation": null, "source": "driver.tracking.queue", "tracking_session_id": "trk_sess_1786874882023_t2q9pygk"}
 INFO  [driver-telemetry] driver.network.profile {"network_profile_active": "offline", "recommended_sync_interval_ms": 30000, "source": "core.api.client"}
 INFO  [driver-telemetry] driver.http.timeout {"endpoint": "/driver/me/tracking/sessions", "network_profile_active": "offline", "source": "core.api.client", "timeout_ms": 2500}
 INFO  [perf-kpi] perf.runtime.socket_reconnect_failed_total {"context_id": "driver:19", "source": "perf.runtime_stability", "timestamp_client": "2026-08-16T10:08:02.035Z", "total": 46}
 INFO  [driver-telemetry] realtime.transport.state {"actual_transport": "polling", "connected": false, "mode": "polling", "source": "core.realtime.manager", "transport_authority": "degraded"}
 INFO  [perf-kpi] perf.realtime.notify {"duration_ms": 1, "listener_count": 3, "role": "driver", "screen": "/", "source": "perf.instrumentation", "timestamp_client": "2026-08-16T10:08:02.037Z"}
 INFO  [driver-telemetry] realtime.socket.disconnect {"context_id": "driver:19", "reason": "websocket error", "source": "core.realtime.manager"}
 INFO  [driver-telemetry] realtime.transport.mismatch {"actual_transport": "polling", "context_id": "driver:19", "desired_transport": "socket", "source": "core.realtime.manager"}
 INFO  [perf-kpi] perf.realtime.notify {"duration_ms": 0, "listener_count": 3, "role": "driver", "screen": "/", "source": "perf.instrumentation", "timestamp_client": "2026-08-16T10:08:02.038Z"}
 INFO  [driver-telemetry] tracking.queue.flush {"backend_acked": 0, "dropped": 0, "flush_path": "http_fallback", "network_profile_active": "offline", "oldest_item_age_ms": null, "queue_depth": 0, "retried": 0, "sent": 0, "socket_emitted": 0, "source": "driver.tracking.queue", "tracking_queue_oldest_age_ms": null}
 INFO  [driver-telemetry] tracking.flush.transport {"backend_acked": 0, "sent": 0, "socket_emitted": 0, "source": "driver.tracking.queue", "transport": "http"}
 INFO  [driver-telemetry] driver.network.profile {"network_profile_active": "offline", "recommended_sync_interval_ms": 30000, "source": "core.api.client"}
 INFO  [driver-telemetry] driver.http.timeout {"endpoint": "/driver/me/bookings/since", "network_profile_active": "offline", "source": "core.api.client", "timeout_ms": 2500}
 INFO  [driver-telemetry] driver.http.fail_fast_offline {"connected": false, "endpoint": "/driver/me/bookings/since", "internet_reachable": false, "network_type": "fallback", "source": "core.api.client"}
 INFO  [driver-telemetry] driver.runtime.resume.failure {"context_id": "driver:19", "reason": "resume_failed", "resume_attempt_id": "driver:19:1786874881753:20", "retry_count": 1, "source": "driver.runtime.resume", "will_retry": true}
 INFO  [driver-telemetry] tracking.session.readiness {"readiness": "READY", "reason": "register_ok", "session_generation": 933, "source": "driver.tracking.queue", "tracking_session_id": "trk_sess_1786874882023_t2q9pygk"}
 INFO  [driver-telemetry] tracking.session.reconciled {"previous_session_id": "trk_sess_1786874861886_sxdyaug5", "readiness": "READY", "rebound_count": 0, "released_socket_count": 0, "source": "driver.tracking.queue", "tracking_session_id": "trk_sess_1786874882023_t2q9pygk"}
 INFO  [driver-telemetry] tracking.queue.flush {"backend_acked": 0, "dropped": 0, "flush_path": "http_fallback", "network_profile_active": "offline", "oldest_item_age_ms": null, "queue_depth": 0, "retried": 0, "sent": 0, "socket_emitted": 0, "source": "driver.tracking.queue", "tracking_queue_oldest_age_ms": null}
 INFO  [driver-telemetry] tracking.flush.transport {"backend_acked": 0, "sent": 0, "socket_emitted": 0, "source": "driver.tracking.queue", "transport": "http"}
 INFO  [driver-telemetry] auth.refresh.endpoint_used {"endpoint": "refresh-token", "source": "core.api.client"}
 INFO  [perf-kpi] perf.realtime.notify {"duration_ms": 0, "listener_count": 3, "role": "driver", "screen": "/", "source": "perf.instrumentation", "timestamp_client": "2026-08-16T10:08:02.179Z"}
 INFO  [driver-telemetry] realtime.transport.state {"actual_transport": "polling", "connected": true, "mode": "socket", "source": "core.realtime.manager", "transport_authority": "polling"}
 INFO  [perf-kpi] perf.realtime.notify {"duration_ms": 0, "listener_count": 3, "role": "driver", "screen": "/", "source": "perf.instrumentation", "timestamp_client": "2026-08-16T10:08:02.181Z"}
 LOG  [DriverSocket] {"contextId": "driver:19", "hasToken": true, "path": "/socket.io", "socketUrl": "http://127.0.0.1:15100", "surface": "driver", "transports": ["websocket", "polling"], "urlEnvSource": "EXPO_PUBLIC_DRIVER_SOCKET_URL"}
 INFO  [perf-kpi] perf.runtime.socket_reconnect_failed_total {"context_id": "driver:19", "source": "perf.runtime_stability", "timestamp_client": "2026-08-16T10:08:02.199Z", "total": 47}
 INFO  [driver-telemetry] realtime.transport.state {"actual_transport": "polling", "connected": false, "mode": "polling", "source": "core.realtime.manager", "transport_authority": "degraded"}
 INFO  [perf-kpi] perf.realtime.notify {"duration_ms": 0, "listener_count": 3, "role": "driver", "screen": "/", "source": "perf.instrumentation", "timestamp_client": "2026-08-16T10:08:02.200Z"}
 INFO  [driver-telemetry] realtime.socket.disconnect {"context_id": "driver:19", "reason": "websocket error", "source": "core.realtime.manager"}
 INFO  [driver-telemetry] realtime.transport.mismatch {"actual_transport": "polling", "context_id": "driver:19", "desired_transport": "socket", "source": "core.realtime.manager"}
 INFO  [perf-kpi] perf.realtime.notify {"duration_ms": 0, "listener_count": 3, "role": "driver", "screen": "/", "source": "perf.instrumentation", "timestamp_client": "2026-08-16T10:08:02.202Z"}
 INFO  [driver-telemetry] driver.network.profile {"network_profile_active": "offline", "recommended_sync_interval_ms": 30000, "source": "core.api.client"}
 INFO  [driver-telemetry] driver.http.timeout {"endpoint": "/driver/me/bookings/since", "network_profile_active": "offline", "source": "core.api.client", "timeout_ms": 2500}
 INFO  [driver-telemetry] driver.http.fail_fast_offline {"connected": false, "endpoint": "/driver/me/bookings/since", "internet_reachable": false, "network_type": "fallback", "source": "core.api.client"}
 INFO  [driver-telemetry] driver.runtime.resume.failure {"context_id": "driver:19", "reason": "resume_failed", "resume_attempt_id": "driver:19:1786874881753:20", "retry_count": 2, "source": "driver.runtime.resume", "will_retry": false}
 INFO  [driver-telemetry] auth.refresh.endpoint_used {"endpoint": "refresh-token", "source": "core.api.client"}
 INFO  [driver-telemetry] driver.network.profile {"network_profile_active": "offline", "recommended_sync_interval_ms": 30000, "source": "core.api.client"}
 INFO  [driver-telemetry] driver.http.timeout {"endpoint": "/driver/me/bookings/since", "network_profile_active": "offline", "source": "core.api.client", "timeout_ms": 2500}
 INFO  [driver-telemetry] driver.http.fail_fast_offline {"connected": false, "endpoint": "/driver/me/bookings/since", "internet_reachable": false, "network_type": "fallback", "source": "core.api.client"}
 INFO  [driver-telemetry] driver.runtime.reconcile.failure {"context_id": "driver:19", "reason": "reconcile_failed", "source": "driver.sync.orchestrator", "trigger": "reconnect"}
 INFO  [driver-telemetry] tracking.queue.enqueued {"app_state": "active", "location_mode": "mission_live", "mission_id": 27, "oldest_item_age_ms": 8, "queue_depth": 1, "sequence_id": 1, "source": "driver.tracking.queue", "tracking_session_id": "trk_sess_1786874882023_t2q9pygk"}
 INFO  [driver-telemetry] driver.network.profile {"network_profile_active": "offline", "recommended_sync_interval_ms": 30000, "source": "core.api.client"}
 INFO  [driver-telemetry] driver.http.timeout {"endpoint": "/driver/me/location", "network_profile_active": "offline", "source": "core.api.client", "timeout_ms": 28000}
 INFO  [driver-telemetry] tracking.ingest.ack {"accept_reason": "", "ack_status": "persisted", "durability": "persisted_sync", "flush_path": "http_fallback", "mission_id": 27, "queue_item_id": "trk_1786874884078_mpfwu9op", "source": "driver.tracking.queue", "trace_id": "mob_msvn64mx_6l25rlqe"}
 INFO  [driver-telemetry] tracking.queue.flush {"backend_acked": 1, "dropped": 0, "flush_path": "http_fallback", "network_profile_active": "offline", "oldest_item_age_ms": 140, "queue_depth": 0, "retried": 0, "sent": 1, "socket_emitted": 0, "source": "driver.tracking.queue", "tracking_queue_oldest_age_ms": 140}
 INFO  [driver-telemetry] tracking.flush.transport {"backend_acked": 1, "sent": 1, "socket_emitted": 0, "source": "driver.tracking.queue", "transport": "http"}
 INFO  [driver-telemetry] tracking.bridge.health {"backend_ack_latency_ms": 2316, "mission_id": 27, "network_profile_active": "offline", "oldest_item_age_ms": 142, "queue_depth": 0, "socket_emit_without_backend_ack_total": 0, "source": "driver.tracking.bridge", "tracking_flush_batch_size": 1}
 INFO  [driver-telemetry] auth.refresh.endpoint_used {"endpoint": "refresh-token", "source": "core.api.client"}
 LOG  [DriverSocket] {"contextId": "driver:19", "hasToken": true, "path": "/socket.io", "socketUrl": "http://127.0.0.1:15100", "surface": "driver", "transports": ["websocket", "polling"], "urlEnvSource": "EXPO_PUBLIC_DRIVER_SOCKET_URL"}
 INFO  [perf-kpi] perf.runtime.socket_reconnect_failed_total {"context_id": "driver:19", "source": "perf.runtime_stability", "timestamp_client": "2026-08-16T10:08:04.350Z", "total": 48}
 INFO  [perf-kpi] perf.realtime.notify {"duration_ms": 0, "listener_count": 3, "role": "driver", "screen": "/", "source": "perf.instrumentation", "timestamp_client": "2026-08-16T10:08:04.352Z"}
 INFO  [driver-telemetry] realtime.socket.disconnect {"context_id": "driver:19", "reason": "websocket error", "source": "core.realtime.manager"}
 INFO  [driver-telemetry] realtime.transport.mismatch {"actual_transport": "polling", "context_id": "driver:19", "desired_transport": "socket", "source": "core.realtime.manager"}
 INFO  [perf-kpi] perf.realtime.notify {"duration_ms": 1, "listener_count": 3, "role": "driver", "screen": "/", "source": "perf.instrumentation", "timestamp_client": "2026-08-16T10:08:04.356Z"}
 INFO  [driver-telemetry] auth.refresh.endpoint_used {"endpoint": "refresh-token", "source": "core.api.client"}
 INFO  [driver-telemetry] driver.network.profile {"network_profile_active": "offline", "recommended_sync_interval_ms": 30000, "source": "core.api.client"}
 INFO  [driver-telemetry] driver.http.timeout {"endpoint": "/driver/me/bookings/eta", "network_profile_active": "offline", "source": "core.api.client", "timeout_ms": 2500}
 INFO  [driver-telemetry] driver.http.fail_fast_offline {"connected": false, "endpoint": "/driver/me/bookings/eta", "internet_reachable": false, "network_type": "fallback", "source": "core.api.client"}
 INFO  [driver-telemetry] driver.network.profile {"network_profile_active": "offline", "recommended_sync_interval_ms": 30000, "source": "core.api.client"}
 INFO  [driver-telemetry] driver.http.timeout {"endpoint": "/driver/me/bookings/eta", "network_profile_active": "offline", "source": "core.api.client", "timeout_ms": 2500}
 INFO  [driver-telemetry] driver.http.fail_fast_offline {"connected": false, "endpoint": "/driver/me/bookings/eta", "internet_reachable": false, "network_type": "fallback", "source": "core.api.client"}
 INFO  [driver-telemetry] auth.refresh.endpoint_used {"endpoint": "refresh-token", "source": "core.api.client"}
 LOG  [DriverSocket] {"contextId": "driver:19", "hasToken": true, "path": "/socket.io", "socketUrl": "http://127.0.0.1:15100", "surface": "driver", "transports": ["websocket", "polling"], "urlEnvSource": "EXPO_PUBLIC_DRIVER_SOCKET_URL"}
 INFO  [perf-kpi] perf.runtime.socket_reconnect_failed_total {"context_id": "driver:19", "source": "perf.runtime_stability", "timestamp_client": "2026-08-16T10:08:08.812Z", "total": 49}
 INFO  [perf-kpi] perf.realtime.notify {"duration_ms": 0, "listener_count": 3, "role": "driver", "screen": "/", "source": "perf.instrumentation", "timestamp_client": "2026-08-16T10:08:08.813Z"}
 INFO  [driver-telemetry] realtime.socket.disconnect {"context_id": "driver:19", "reason": "websocket error", "source": "core.realtime.manager"}
 INFO  [driver-telemetry] realtime.transport.mismatch {"actual_transport": "polling", "context_id": "driver:19", "desired_transport": "socket", "source": "core.realtime.manager"}
 INFO  [perf-kpi] perf.realtime.notify {"duration_ms": 0, "listener_count": 3, "role": "driver", "screen": "/", "source": "perf.instrumentation", "timestamp_client": "2026-08-16T10:08:08.815Z"}
 INFO  [driver-telemetry] auth.refresh.endpoint_used {"endpoint": "refresh-token", "source": "core.api.client"}
 INFO  [driver-telemetry] realtime.degraded.entered {"degraded_hysteresis_ms": 8000, "source": "core.realtime.manager"}
 INFO  [perf-kpi] perf.realtime.notify {"duration_ms": 2, "listener_count": 3, "role": "driver", "screen": "/", "source": "perf.instrumentation", "timestamp_client": "2026-08-16T10:08:10.192Z"}
 INFO  [driver-telemetry] driver.network.tick {"app_state": "active", "context_id": "driver:19", "driver_network_tick_total": 1, "mission_presence": "relevant", "network_activity_authority": "mission_active_loop", "network_profile_active": "offline", "source": "driver.realtime"}
 INFO  [driver-telemetry] driver.network.profile {"context_id": "driver:19", "network_profile_active": "offline", "recommended_sync_interval_ms": 30000, "source": "driver.realtime"}
 INFO  [driver-telemetry] driver.network.wake {"context_id": "driver:19", "driver_network_wake_cause": "polling_tick", "network_activity_authority": "mission_active_loop", "source": "driver.realtime"}
 INFO  [driver-telemetry] driver.network.profile {"network_profile_active": "offline", "recommended_sync_interval_ms": 30000, "source": "core.api.client"}
 INFO  [driver-telemetry] driver.http.timeout {"endpoint": "/driver/me/bookings", "network_profile_active": "offline", "source": "core.api.client", "timeout_ms": 2500}
 INFO  [driver-telemetry] realtime.transport.state {"actual_transport": "polling", "connected": false, "mode": "polling", "source": "core.realtime.manager", "transport_authority": "polling"}
 INFO  [perf-kpi] perf.realtime.notify {"duration_ms": 1, "listener_count": 3, "role": "driver", "screen": "/", "source": "perf.instrumentation", "timestamp_client": "2026-08-16T10:08:11.343Z"}
 INFO  [driver-telemetry] realtime.transport.authority {"reason": "full_polling_tick", "source": "core.realtime.manager", "transport_authority": "polling"}
 INFO  [driver-telemetry] realtime.polling.full_refetch {"context_id": "driver:19", "driver_http_calls_per_hour": 1, "mission_poll_full_refetch_total": 1, "network_activity_authority": "mission_active_loop", "source": "driver.realtime"}
 INFO  [driver-telemetry] realtime.mission.freshness {"context_id": "driver:19", "mission_state_freshness_ms": 860346, "realtime_transport_mode": "polling", "source": "driver.realtime.polling"}
 INFO  [driver-telemetry] tracking.auth.presence.ensure_headless {"driver_id": 19, "kind": "SESSION_AVAILABLE", "path": "memory_cache"}
 INFO  [driver-telemetry] tracking.background.task.skipped {"reason": "missing_native_owner", "source": "driver.services.backgroundLocationTask", "task_name": "background-location-task"}
 INFO  [driver-telemetry] auth.refresh.endpoint_used {"endpoint": "refresh-token", "source": "core.api.client"}
 LOG  [DriverSocket] {"contextId": "driver:19", "hasToken": true, "path": "/socket.io", "socketUrl": "http://127.0.0.1:15100", "surface": "driver", "transports": ["websocket", "polling"], "urlEnvSource": "EXPO_PUBLIC_DRIVER_SOCKET_URL"}
 INFO  [perf-kpi] perf.runtime.socket_reconnect_failed_total {"context_id": "driver:19", "source": "perf.runtime_stability", "timestamp_client": "2026-08-16T10:08:17.027Z", "total": 50}
 INFO  [driver-telemetry] realtime.transport.state {"actual_transport": "polling", "connected": false, "mode": "polling", "source": "core.realtime.manager", "transport_authority": "degraded"}
 INFO  [perf-kpi] perf.realtime.notify {"duration_ms": 0, "listener_count": 3, "role": "driver", "screen": "/", "source": "perf.instrumentation", "timestamp_client": "2026-08-16T10:08:17.029Z"}
 INFO  [driver-telemetry] realtime.socket.disconnect {"context_id": "driver:19", "reason": "websocket error", "source": "core.realtime.manager"}
 INFO  [driver-telemetry] realtime.transport.mismatch {"actual_transport": "polling", "context_id": "driver:19", "desired_transport": "socket", "source": "core.realtime.manager"}
 INFO  [perf-kpi] perf.realtime.notify {"duration_ms": 1, "listener_count": 3, "role": "driver", "screen": "/", "source": "perf.instrumentation", "timestamp_client": "2026-08-16T10:08:17.032Z"}
 INFO  [driver-telemetry] auth.refresh.endpoint_used {"endpoint": "refresh-token", "source": "core.api.client"}
 INFO  [FCM-GATE] register effect start {"enabled": true, "fcmEnabled": true, "source": "driver.notifications.bridge", "stage": "app_foreground"}
 INFO  [driver-telemetry] driver.foreground.resume.resync {"context_id": "driver:19", "foreground_resume_resync_total": 1, "source": "driver.sync_engine"}
 INFO  [driver-telemetry] driver.runtime.resume.start {"app_state": "active", "context_id": "driver:19", "resume_attempt_id": "driver:19:1786874901873:21", "source": "driver.runtime.resume"}
 INFO  [driver-telemetry] tracking.device_health.send_skipped {"age_ms": 25479, "reason": "throttled", "source": "driver.device_health", "trigger_reason": null}
 INFO  [perf-kpi] perf.js_long_task {"duration_ms": 107.35817699879408, "role": "driver", "screen": "/", "source": "perf.instrumentation", "timestamp_client": "2026-08-16T10:08:21.876Z"}
 INFO  [driver-telemetry] tracking.device_health.send_skipped {"age_ms": 25522, "reason": "throttled", "source": "driver.device_health", "trigger_reason": "health_monitor_ok"}
 INFO  [FCM-GATE] requesting token {"source": "driver.notifications.bridge", "stage": "app_foreground"}
 INFO  [driver-telemetry] driver.push.fcm.get_token_start {"platform": "android", "source": "driver.firebaseMessaging"}
 INFO  [FCM-GATE] getDriverFcmToken start {"platform": "android"}
 INFO  [FCM-GATE] getToken success {"tokenLength": 142}
 INFO  [driver-telemetry] driver.push.fcm.token {"source": "driver.firebaseMessaging", "token_present": true}
 INFO  [FCM-GATE] token received {"source": "driver.notifications.bridge", "stage": "app_foreground", "tokenLength": 142}
 INFO  [driver-telemetry] driver_push.token_acquired {"provider": "fcm", "source": "driver.notifications.bridge", "stage": "app_foreground", "token_length": 142}
 INFO  [FCM-GATE] posting token {"provider": "fcm", "source": "driver.notifications.bridge", "stage": "app_foreground"}
 INFO  [driver-telemetry] driver.network.profile {"network_profile_active": "offline", "recommended_sync_interval_ms": 30000, "source": "core.api.client"}
 INFO  [driver-telemetry] driver.http.timeout {"endpoint": "/driver/me/telemetry/push", "network_profile_active": "offline", "source": "core.api.client", "timeout_ms": 2500}
 INFO  [driver-telemetry] driver.network.profile {"network_profile_active": "offline", "recommended_sync_interval_ms": 30000, "source": "core.api.client"}
 INFO  [driver-telemetry] driver.http.timeout {"endpoint": "/driver/save-push-token", "network_profile_active": "offline", "source": "core.api.client", "timeout_ms": 2500}
 INFO  [driver-telemetry] push.token.registered {"provider": "fcm", "source": "driver.notifications.bridge"}
 INFO  [driver-telemetry] driver_push.register_success {"provider": "fcm", "source": "driver.notifications.bridge"}
 INFO  [driver-telemetry] driver.network.profile {"network_profile_active": "offline", "recommended_sync_interval_ms": 30000, "source": "core.api.client"}
 INFO  [driver-telemetry] driver.http.timeout {"endpoint": "/driver/me/telemetry/push", "network_profile_active": "offline", "source": "core.api.client", "timeout_ms": 2500}
 INFO  [driver-telemetry] auth.refresh.endpoint_used {"endpoint": "refresh-token", "source": "core.api.client"}
 INFO  [perf-kpi] perf.realtime.notify {"duration_ms": 0, "listener_count": 3, "role": "driver", "screen": "/", "source": "perf.instrumentation", "timestamp_client": "2026-08-16T10:08:22.098Z"}
 INFO  [driver-telemetry] realtime.transport.state {"actual_transport": "polling", "connected": true, "mode": "socket", "source": "core.realtime.manager", "transport_authority": "polling"}
 INFO  [perf-kpi] perf.realtime.notify {"duration_ms": 1, "listener_count": 3, "role": "driver", "screen": "/", "source": "perf.instrumentation", "timestamp_client": "2026-08-16T10:08:22.101Z"}
 LOG  [DriverSocket] {"contextId": "driver:19", "hasToken": true, "path": "/socket.io", "socketUrl": "http://127.0.0.1:15100", "surface": "driver", "transports": ["websocket", "polling"], "urlEnvSource": "EXPO_PUBLIC_DRIVER_SOCKET_URL"}
 INFO  [driver-telemetry] tracking.session.readiness {"readiness": "CREATING", "reason": "session_conflict", "session_generation": 933, "source": "driver.tracking.queue", "tracking_session_id": "trk_sess_1786874882023_t2q9pygk"}
 INFO  [perf-kpi] perf.runtime.socket_reconnect_failed_total {"context_id": "driver:19", "source": "perf.runtime_stability", "timestamp_client": "2026-08-16T10:08:22.116Z", "total": 51}
 INFO  [driver-telemetry] realtime.transport.state {"actual_transport": "polling", "connected": false, "mode": "polling", "source": "core.realtime.manager", "transport_authority": "degraded"}
 INFO  [perf-kpi] perf.realtime.notify {"duration_ms": 0, "listener_count": 3, "role": "driver", "screen": "/", "source": "perf.instrumentation", "timestamp_client": "2026-08-16T10:08:22.118Z"}
 INFO  [driver-telemetry] realtime.socket.disconnect {"context_id": "driver:19", "reason": "websocket error", "source": "core.realtime.manager"}
 INFO  [driver-telemetry] realtime.transport.mismatch {"actual_transport": "polling", "context_id": "driver:19", "desired_transport": "socket", "source": "core.realtime.manager"}
 INFO  [perf-kpi] perf.realtime.notify {"duration_ms": 0, "listener_count": 3, "role": "driver", "screen": "/", "source": "perf.instrumentation", "timestamp_client": "2026-08-16T10:08:22.121Z"}
 INFO  [driver-telemetry] tracking.session.readiness {"readiness": "REGISTERING", "reason": "session_conflict", "session_generation": null, "source": "driver.tracking.queue", "tracking_session_id": "trk_sess_1786874902104_xdtfhb2o"}
 INFO  [driver-telemetry] tracking.session.readiness {"readiness": "REGISTERING", "reason": "register_start", "session_generation": null, "source": "driver.tracking.queue", "tracking_session_id": "trk_sess_1786874902104_xdtfhb2o"}
 INFO  [driver-telemetry] driver.network.profile {"network_profile_active": "offline", "recommended_sync_interval_ms": 30000, "source": "core.api.client"}
 INFO  [driver-telemetry] driver.http.timeout {"endpoint": "/driver/me/tracking/sessions", "network_profile_active": "offline", "source": "core.api.client", "timeout_ms": 2500}
 INFO  [driver-telemetry] tracking.queue.flush {"backend_acked": 0, "dropped": 0, "flush_path": "http_fallback", "network_profile_active": "offline", "oldest_item_age_ms": null, "queue_depth": 0, "retried": 0, "sent": 0, "socket_emitted": 0, "source": "driver.tracking.queue", "tracking_queue_oldest_age_ms": null}
 INFO  [driver-telemetry] tracking.flush.transport {"backend_acked": 0, "sent": 0, "socket_emitted": 0, "source": "driver.tracking.queue", "transport": "http"}
 INFO  [driver-telemetry] driver.network.profile {"network_profile_active": "offline", "recommended_sync_interval_ms": 30000, "source": "core.api.client"}
 INFO  [driver-telemetry] driver.http.timeout {"endpoint": "/driver/me/bookings/since", "network_profile_active": "offline", "source": "core.api.client", "timeout_ms": 2500}
 INFO  [driver-telemetry] driver.http.fail_fast_offline {"connected": false, "endpoint": "/driver/me/bookings/since", "internet_reachable": false, "network_type": "fallback", "source": "core.api.client"}
 INFO  [driver-telemetry] driver.runtime.resume.failure {"context_id": "driver:19", "reason": "resume_failed", "resume_attempt_id": "driver:19:1786874901873:21", "retry_count": 1, "source": "driver.runtime.resume", "will_retry": true}
 INFO  [driver-telemetry] tracking.session.readiness {"readiness": "READY", "reason": "register_ok", "session_generation": 934, "source": "driver.tracking.queue", "tracking_session_id": "trk_sess_1786874902104_xdtfhb2o"}
 INFO  [driver-telemetry] tracking.session.reconciled {"previous_session_id": "trk_sess_1786874882023_t2q9pygk", "readiness": "READY", "rebound_count": 0, "released_socket_count": 0, "source": "driver.tracking.queue", "tracking_session_id": "trk_sess_1786874902104_xdtfhb2o"}
 INFO  [driver-telemetry] tracking.queue.flush {"backend_acked": 0, "dropped": 0, "flush_path": "http_fallback", "network_profile_active": "offline", "oldest_item_age_ms": null, "queue_depth": 0, "retried": 0, "sent": 0, "socket_emitted": 0, "source": "driver.tracking.queue", "tracking_queue_oldest_age_ms": null}
 INFO  [driver-telemetry] tracking.flush.transport {"backend_acked": 0, "sent": 0, "socket_emitted": 0, "source": "driver.tracking.queue", "transport": "http"}
 INFO  [driver-telemetry] auth.refresh.endpoint_used {"endpoint": "refresh-token", "source": "core.api.client"}
 INFO  [perf-kpi] perf.realtime.notify {"duration_ms": 0, "listener_count": 3, "role": "driver", "screen": "/", "source": "perf.instrumentation", "timestamp_client": "2026-08-16T10:08:22.260Z"}
 INFO  [driver-telemetry] realtime.transport.state {"actual_transport": "polling", "connected": true, "mode": "socket", "source": "core.realtime.manager", "transport_authority": "polling"}
 INFO  [perf-kpi] perf.realtime.notify {"duration_ms": 0, "listener_count": 3, "role": "driver", "screen": "/", "source": "perf.instrumentation", "timestamp_client": "2026-08-16T10:08:22.262Z"}
 LOG  [DriverSocket] {"contextId": "driver:19", "hasToken": true, "path": "/socket.io", "socketUrl": "http://127.0.0.1:15100", "surface": "driver", "transports": ["websocket", "polling"], "urlEnvSource": "EXPO_PUBLIC_DRIVER_SOCKET_URL"}
 INFO  [perf-kpi] perf.runtime.socket_reconnect_failed_total {"context_id": "driver:19", "source": "perf.runtime_stability", "timestamp_client": "2026-08-16T10:08:22.275Z", "total": 52}
 INFO  [driver-telemetry] realtime.transport.state {"actual_transport": "polling", "connected": false, "mode": "polling", "source": "core.realtime.manager", "transport_authority": "degraded"}
 INFO  [perf-kpi] perf.realtime.notify {"duration_ms": 1, "listener_count": 3, "role": "driver", "screen": "/", "source": "perf.instrumentation", "timestamp_client": "2026-08-16T10:08:22.277Z"}
 INFO  [driver-telemetry] realtime.socket.disconnect {"context_id": "driver:19", "reason": "websocket error", "source": "core.realtime.manager"}
 INFO  [driver-telemetry] realtime.transport.mismatch {"actual_transport": "polling", "context_id": "driver:19", "desired_transport": "socket", "source": "core.realtime.manager"}
 INFO  [perf-kpi] perf.realtime.notify {"duration_ms": 1, "listener_count": 3, "role": "driver", "screen": "/", "source": "perf.instrumentation", "timestamp_client": "2026-08-16T10:08:22.279Z"}
 INFO  [driver-telemetry] driver.network.profile {"network_profile_active": "offline", "recommended_sync_interval_ms": 30000, "source": "core.api.client"}
 INFO  [driver-telemetry] driver.http.timeout {"endpoint": "/driver/me/bookings/since", "network_profile_active": "offline", "source": "core.api.client", "timeout_ms": 2500}
 INFO  [driver-telemetry] driver.http.fail_fast_offline {"connected": false, "endpoint": "/driver/me/bookings/since", "internet_reachable": false, "network_type": "fallback", "source": "core.api.client"}
 INFO  [driver-telemetry] driver.runtime.resume.failure {"context_id": "driver:19", "reason": "resume_failed", "resume_attempt_id": "driver:19:1786874901873:21", "retry_count": 2, "source": "driver.runtime.resume", "will_retry": false}
 INFO  [driver-telemetry] auth.refresh.endpoint_used {"endpoint": "refresh-token", "source": "core.api.client"}
 INFO  [driver-telemetry] driver.network.profile {"network_profile_active": "offline", "recommended_sync_interval_ms": 30000, "source": "core.api.client"}
 INFO  [driver-telemetry] driver.http.timeout {"endpoint": "/driver/me/bookings/since", "network_profile_active": "offline", "source": "core.api.client", "timeout_ms": 2500}
 INFO  [driver-telemetry] driver.http.fail_fast_offline {"connected": false, "endpoint": "/driver/me/bookings/since", "internet_reachable": false, "network_type": "fallback", "source": "core.api.client"}
 INFO  [driver-telemetry] driver.runtime.reconcile.failure {"context_id": "driver:19", "reason": "reconcile_failed", "source": "driver.sync.orchestrator", "trigger": "reconnect"}
 INFO  [driver-telemetry] tracking.queue.enqueued {"app_state": "active", "location_mode": "mission_live", "mission_id": 27, "oldest_item_age_ms": 7, "queue_depth": 1, "sequence_id": 1, "source": "driver.tracking.queue", "tracking_session_id": "trk_sess_1786874902104_xdtfhb2o"}
 INFO  [driver-telemetry] driver.network.profile {"network_profile_active": "offline", "recommended_sync_interval_ms": 30000, "source": "core.api.client"}
 INFO  [driver-telemetry] driver.http.timeout {"endpoint": "/driver/me/location", "network_profile_active": "offline", "source": "core.api.client", "timeout_ms": 28000}
 INFO  [driver-telemetry] auth.refresh.endpoint_used {"endpoint": "refresh-token", "source": "core.api.client"}
 LOG  [DriverSocket] {"contextId": "driver:19", "hasToken": true, "path": "/socket.io", "socketUrl": "http://127.0.0.1:15100", "surface": "driver", "transports": ["websocket", "polling"], "urlEnvSource": "EXPO_PUBLIC_DRIVER_SOCKET_URL"}
 INFO  [perf-kpi] perf.runtime.socket_reconnect_failed_total {"context_id": "driver:19", "source": "perf.runtime_stability", "timestamp_client": "2026-08-16T10:08:24.459Z", "total": 53}
 INFO  [perf-kpi] perf.realtime.notify {"duration_ms": 1, "listener_count": 3, "role": "driver", "screen": "/", "source": "perf.instrumentation", "timestamp_client": "2026-08-16T10:08:24.461Z"}
 INFO  [driver-telemetry] realtime.socket.disconnect {"context_id": "driver:19", "reason": "websocket error", "source": "core.realtime.manager"}
 INFO  [driver-telemetry] realtime.transport.mismatch {"actual_transport": "polling", "context_id": "driver:19", "desired_transport": "socket", "source": "core.realtime.manager"}
 INFO  [driver-telemetry] realtime.reconnect.circuit_breaker_blocked {"context_id": "driver:19", "source": "core.realtime.manager"}
 INFO  [driver-telemetry] auth.refresh.endpoint_used {"endpoint": "refresh-token", "source": "core.api.client"}
 INFO  [driver-telemetry] driver.network.tick {"app_state": "active", "context_id": "driver:19", "driver_network_tick_total": 1, "mission_presence": "relevant", "network_activity_authority": "mission_active_loop", "source": "driver.sync_engine"}
 INFO  [driver-telemetry] driver.network.wake {"context_id": "driver:19", "driver_network_wake_cause": "sync_engine", "network_activity_authority": "mission_active_loop", "source": "driver.sync_engine"}
 INFO  [driver-telemetry] driver.sync_engine.flush.skipped {"context_id": "driver:19", "reason": "queue_empty_or_tracking_idle", "source": "driver.sync_engine"}
 INFO  [driver-telemetry] realtime.transport.state {"actual_transport": "polling", "connected": false, "mode": "polling", "source": "core.realtime.manager", "transport_authority": "reconcile"}
 INFO  [perf-kpi] perf.realtime.notify {"duration_ms": 0, "listener_count": 3, "role": "driver", "screen": "/", "source": "perf.instrumentation", "timestamp_client": "2026-08-16T10:08:26.307Z"}
 INFO  [driver-telemetry] realtime.transport.authority {"reason": "sync_engine_tick", "source": "core.realtime.manager", "transport_authority": "reconcile"}
 INFO  [driver-telemetry] driver.sync_engine.heartbeat {"allow_gps_flush": false, "allow_socket": false, "app_state": "active", "context_id": "driver:19", "driver_sync_engine_active_ms": 30000, "interval_ms": 30000, "network_activity_authority": "mission_active_loop", "network_mode": "offline", "source": "driver.sync_engine"}
 INFO  [driver-telemetry] driver.network.tick {"app_state": "active", "context_id": "driver:19", "driver_network_tick_total": 1, "mission_presence": "relevant", "network_activity_authority": "mission_active_loop", "network_profile_active": "offline", "source": "driver.realtime"}
 INFO  [driver-telemetry] driver.network.profile {"context_id": "driver:19", "network_profile_active": "offline", "recommended_sync_interval_ms": 30000, "source": "driver.realtime"}
 INFO  [driver-telemetry] driver.network.wake {"context_id": "driver:19", "driver_network_wake_cause": "polling_tick", "network_activity_authority": "mission_active_loop", "source": "driver.realtime"}
 INFO  [driver-telemetry] driver.network.tick.skipped {"context_id": "driver:19", "driver_network_tick_skipped_total": 1, "network_activity_authority": "mission_active_loop", "reason": "idle_rate_limit", "source": "driver.realtime"}
 INFO  [driver-telemetry] driver.network.profile {"network_profile_active": "offline", "recommended_sync_interval_ms": 30000, "source": "core.api.client"}
 INFO  [driver-telemetry] driver.http.timeout {"endpoint": "/driver/me/bookings/since", "network_profile_active": "offline", "source": "core.api.client", "timeout_ms": 2500}
 INFO  [driver-telemetry] driver.http.fail_fast_offline {"connected": false, "endpoint": "/driver/me/bookings/since", "internet_reachable": false, "network_type": "fallback", "source": "core.api.client"}
 INFO  [driver-telemetry] driver.runtime.reconcile.failure {"context_id": "driver:19", "reason": "reconcile_failed", "source": "driver.sync.orchestrator", "trigger": "manual"}
 INFO  [driver-telemetry] tracking.ingest.ack {"accept_reason": "", "ack_status": "persisted", "durability": "persisted_sync", "flush_path": "http_fallback", "mission_id": 27, "queue_item_id": "trk_1786874904192_h7lehn6g", "source": "driver.tracking.queue", "trace_id": "mob_msvn6k5m_1n8xrgiz"}
 INFO  [driver-telemetry] tracking.queue.flush {"backend_acked": 1, "dropped": 0, "flush_path": "http_fallback", "network_profile_active": "offline", "oldest_item_age_ms": 4138, "queue_depth": 0, "retried": 0, "sent": 1, "socket_emitted": 0, "source": "driver.tracking.queue", "tracking_queue_oldest_age_ms": 4138}
 INFO  [driver-telemetry] tracking.flush.transport {"backend_acked": 1, "sent": 1, "socket_emitted": 0, "source": "driver.tracking.queue", "transport": "http"}
 INFO  [driver-telemetry] tracking.bridge.health {"backend_ack_latency_ms": 6321, "mission_id": 27, "network_profile_active": "offline", "oldest_item_age_ms": 4142, "queue_depth": 0, "socket_emit_without_backend_ack_total": 0, "source": "driver.tracking.bridge", "tracking_flush_batch_size": 1}
 INFO  [driver-telemetry] realtime.degraded.entered {"degraded_hysteresis_ms": 8000, "source": "core.realtime.manager"}
 INFO  [driver-telemetry] realtime.transport.state {"actual_transport": "polling", "connected": false, "mode": "polling", "source": "core.realtime.manager", "transport_authority": "degraded"}
 INFO  [perf-kpi] perf.realtime.notify {"duration_ms": 2, "listener_count": 3, "role": "driver", "screen": "/", "source": "perf.instrumentation", "timestamp_client": "2026-08-16T10:08:30.301Z"}
 INFO  [driver-telemetry] tracking.auth.presence.ensure_headless {"driver_id": 19, "kind": "SESSION_AVAILABLE", "path": "memory_cache"}
 INFO  [driver-telemetry] tracking.background.task.skipped {"reason": "missing_native_owner", "source": "driver.services.backgroundLocationTask", "task_name": "background-location-task"}
 INFO  [driver-telemetry] driver.network.profile {"network_profile_active": "offline", "recommended_sync_interval_ms": 30000, "source": "core.api.client"}
 INFO  [driver-telemetry] driver.http.timeout {"endpoint": "/driver/me/bookings/eta", "network_profile_active": "offline", "source": "core.api.client", "timeout_ms": 2500}
 INFO  [driver-telemetry] driver.http.fail_fast_offline {"connected": false, "endpoint": "/driver/me/bookings/eta", "internet_reachable": false, "network_type": "fallback", "source": "core.api.client"}
 INFO  [driver-telemetry] driver.network.profile {"network_profile_active": "offline", "recommended_sync_interval_ms": 30000, "source": "core.api.client"}
 INFO  [driver-telemetry] driver.http.timeout {"endpoint": "/driver/me/bookings/eta", "network_profile_active": "offline", "source": "core.api.client", "timeout_ms": 2500}
 INFO  [driver-telemetry] driver.http.fail_fast_offline {"connected": false, "endpoint": "/driver/me/bookings/eta", "internet_reachable": false, "network_type": "fallback", "source": "core.api.client"}
 INFO  [driver-telemetry] driver.network.tick {"app_state": "active", "context_id": "driver:19", "driver_network_tick_total": 1, "mission_presence": "relevant", "network_activity_authority": "mission_active_loop", "network_profile_active": "offline", "source": "driver.realtime"}
 INFO  [driver-telemetry] driver.network.profile {"context_id": "driver:19", "network_profile_active": "offline", "recommended_sync_interval_ms": 30000, "source": "driver.realtime"}
 INFO  [driver-telemetry] driver.network.wake {"context_id": "driver:19", "driver_network_wake_cause": "polling_tick", "network_activity_authority": "mission_active_loop", "source": "driver.realtime"}
 INFO  [driver-telemetry] driver.network.profile {"network_profile_active": "offline", "recommended_sync_interval_ms": 30000, "source": "core.api.client"}
 INFO  [driver-telemetry] driver.http.timeout {"endpoint": "/driver/me/bookings", "network_profile_active": "offline", "source": "core.api.client", "timeout_ms": 2500}
 INFO  [driver-telemetry] realtime.transport.state {"actual_transport": "polling", "connected": false, "mode": "polling", "source": "core.realtime.manager", "transport_authority": "polling"}
 INFO  [perf-kpi] perf.realtime.notify {"duration_ms": 0, "listener_count": 3, "role": "driver", "screen": "/", "source": "perf.instrumentation", "timestamp_client": "2026-08-16T10:08:41.432Z"}
 INFO  [driver-telemetry] realtime.transport.authority {"reason": "full_polling_tick", "source": "core.realtime.manager", "transport_authority": "polling"}
 INFO  [driver-telemetry] realtime.polling.full_refetch {"context_id": "driver:19", "driver_http_calls_per_hour": 1, "mission_poll_full_refetch_total": 1, "network_activity_authority": "mission_active_loop", "source": "driver.realtime"}
 INFO  [driver-telemetry] realtime.mission.freshness {"context_id": "driver:19", "mission_state_freshness_ms": 890436, "realtime_transport_mode": "polling", "source": "driver.realtime.polling"}
 INFO  [FCM-GATE] register effect start {"enabled": true, "fcmEnabled": true, "source": "driver.notifications.bridge", "stage": "app_foreground"}
 INFO  [driver-telemetry] driver.foreground.resume.resync {"context_id": "driver:19", "foreground_resume_resync_total": 1, "source": "driver.sync_engine"}
 INFO  [driver-telemetry] driver.runtime.resume.start {"app_state": "active", "context_id": "driver:19", "resume_attempt_id": "driver:19:1786874921976:22", "source": "driver.runtime.resume"}
 INFO  [perf-kpi] perf.js_long_task {"duration_ms": 101.04723899811506, "role": "driver", "screen": "/", "source": "perf.instrumentation", "timestamp_client": "2026-08-16T10:08:41.977Z"}
 INFO  [driver-telemetry] tracking.device_health.send_skipped {"age_ms": 45584, "reason": "throttled", "source": "driver.device_health", "trigger_reason": null}
 INFO  [driver-telemetry] tracking.device_health.send_skipped {"age_ms": 45635, "reason": "throttled", "source": "driver.device_health", "trigger_reason": "health_monitor_ok"}
 INFO  [FCM-GATE] requesting token {"source": "driver.notifications.bridge", "stage": "app_foreground"}
 INFO  [driver-telemetry] driver.push.fcm.get_token_start {"platform": "android", "source": "driver.firebaseMessaging"}
 INFO  [FCM-GATE] getDriverFcmToken start {"platform": "android"}
 INFO  [FCM-GATE] getToken success {"tokenLength": 142}
 INFO  [driver-telemetry] driver.push.fcm.token {"source": "driver.firebaseMessaging", "token_present": true}
 INFO  [FCM-GATE] token received {"source": "driver.notifications.bridge", "stage": "app_foreground", "tokenLength": 142}
 INFO  [driver-telemetry] driver_push.token_acquired {"provider": "fcm", "source": "driver.notifications.bridge", "stage": "app_foreground", "token_length": 142}
 INFO  [FCM-GATE] posting token {"provider": "fcm", "source": "driver.notifications.bridge", "stage": "app_foreground"}
 INFO  [driver-telemetry] driver.network.profile {"network_profile_active": "offline", "recommended_sync_interval_ms": 30000, "source": "core.api.client"}
 INFO  [driver-telemetry] driver.http.timeout {"endpoint": "/driver/me/telemetry/push", "network_profile_active": "offline", "source": "core.api.client", "timeout_ms": 2500}
 INFO  [driver-telemetry] driver.network.profile {"network_profile_active": "offline", "recommended_sync_interval_ms": 30000, "source": "core.api.client"}
 INFO  [driver-telemetry] driver.http.timeout {"endpoint": "/driver/save-push-token", "network_profile_active": "offline", "source": "core.api.client", "timeout_ms": 2500}
 INFO  [driver-telemetry] push.token.registered {"provider": "fcm", "source": "driver.notifications.bridge"}
 INFO  [driver-telemetry] driver_push.register_success {"provider": "fcm", "source": "driver.notifications.bridge"}
 INFO  [driver-telemetry] driver.network.profile {"network_profile_active": "offline", "recommended_sync_interval_ms": 30000, "source": "core.api.client"}
 INFO  [driver-telemetry] driver.http.timeout {"endpoint": "/driver/me/telemetry/push", "network_profile_active": "offline", "source": "core.api.client", "timeout_ms": 2500}
 INFO  [driver-telemetry] auth.refresh.endpoint_used {"endpoint": "refresh-token", "source": "core.api.client"}
 INFO  [perf-kpi] perf.realtime.notify {"duration_ms": 0, "listener_count": 3, "role": "driver", "screen": "/", "source": "perf.instrumentation", "timestamp_client": "2026-08-16T10:08:42.253Z"}
 INFO  [driver-telemetry] realtime.transport.state {"actual_transport": "polling", "connected": true, "mode": "socket", "source": "core.realtime.manager", "transport_authority": "polling"}
 INFO  [perf-kpi] perf.realtime.notify {"duration_ms": 1, "listener_count": 3, "role": "driver", "screen": "/", "source": "perf.instrumentation", "timestamp_client": "2026-08-16T10:08:42.256Z"}
 LOG  [DriverSocket] {"contextId": "driver:19", "hasToken": true, "path": "/socket.io", "socketUrl": "http://127.0.0.1:15100", "surface": "driver", "transports": ["websocket", "polling"], "urlEnvSource": "EXPO_PUBLIC_DRIVER_SOCKET_URL"}
 INFO  [driver-telemetry] tracking.session.readiness {"readiness": "CREATING", "reason": "session_conflict", "session_generation": 934, "source": "driver.tracking.queue", "tracking_session_id": "trk_sess_1786874902104_xdtfhb2o"}
 INFO  [driver-telemetry] driver.network.profile {"network_profile_active": "offline", "recommended_sync_interval_ms": 30000, "source": "core.api.client"}
 INFO  [driver-telemetry] driver.http.timeout {"endpoint": "/driver/me/bookings/since", "network_profile_active": "offline", "source": "core.api.client", "timeout_ms": 2500}
 INFO  [driver-telemetry] driver.http.fail_fast_offline {"connected": false, "endpoint": "/driver/me/bookings/since", "internet_reachable": false, "network_type": "fallback", "source": "core.api.client"}
 INFO  [driver-telemetry] driver.runtime.resume.failure {"context_id": "driver:19", "reason": "resume_failed", "resume_attempt_id": "driver:19:1786874921976:22", "retry_count": 1, "source": "driver.runtime.resume", "will_retry": true}
 INFO  [driver-telemetry] tracking.session.readiness {"readiness": "REGISTERING", "reason": "session_conflict", "session_generation": null, "source": "driver.tracking.queue", "tracking_session_id": "trk_sess_1786874922260_rx84u71g"}
 INFO  [driver-telemetry] tracking.session.readiness {"readiness": "REGISTERING", "reason": "register_start", "session_generation": null, "source": "driver.tracking.queue", "tracking_session_id": "trk_sess_1786874922260_rx84u71g"}
 INFO  [driver-telemetry] driver.network.profile {"network_profile_active": "offline", "recommended_sync_interval_ms": 30000, "source": "core.api.client"}
 INFO  [driver-telemetry] driver.http.timeout {"endpoint": "/driver/me/tracking/sessions", "network_profile_active": "offline", "source": "core.api.client", "timeout_ms": 2500}
 INFO  [perf-kpi] perf.runtime.socket_reconnect_failed_total {"context_id": "driver:19", "source": "perf.runtime_stability", "timestamp_client": "2026-08-16T10:08:42.276Z", "total": 54}
 INFO  [driver-telemetry] realtime.transport.state {"actual_transport": "polling", "connected": false, "mode": "polling", "source": "core.realtime.manager", "transport_authority": "degraded"}
 INFO  [perf-kpi] perf.realtime.notify {"duration_ms": 0, "listener_count": 3, "role": "driver", "screen": "/", "source": "perf.instrumentation", "timestamp_client": "2026-08-16T10:08:42.277Z"}
 INFO  [driver-telemetry] realtime.socket.disconnect {"context_id": "driver:19", "reason": "websocket error", "source": "core.realtime.manager"}
 INFO  [driver-telemetry] realtime.transport.mismatch {"actual_transport": "polling", "context_id": "driver:19", "desired_transport": "socket", "source": "core.realtime.manager"}
 INFO  [driver-telemetry] realtime.reconnect.circuit_breaker_blocked {"context_id": "driver:19", "source": "core.realtime.manager"}
 INFO  [driver-telemetry] tracking.queue.flush {"backend_acked": 0, "dropped": 0, "flush_path": "http_fallback", "network_profile_active": "offline", "oldest_item_age_ms": null, "queue_depth": 0, "retried": 0, "sent": 0, "socket_emitted": 0, "source": "driver.tracking.queue", "tracking_queue_oldest_age_ms": null}
 INFO  [driver-telemetry] tracking.flush.transport {"backend_acked": 0, "sent": 0, "socket_emitted": 0, "source": "driver.tracking.queue", "transport": "http"}
 INFO  [driver-telemetry] tracking.session.readiness {"readiness": "READY", "reason": "register_ok", "session_generation": 935, "source": "driver.tracking.queue", "tracking_session_id": "trk_sess_1786874922260_rx84u71g"}
 INFO  [driver-telemetry] tracking.session.reconciled {"previous_session_id": "trk_sess_1786874902104_xdtfhb2o", "readiness": "READY", "rebound_count": 0, "released_socket_count": 0, "source": "driver.tracking.queue", "tracking_session_id": "trk_sess_1786874922260_rx84u71g"}
 INFO  [driver-telemetry] tracking.queue.flush {"backend_acked": 0, "dropped": 0, "flush_path": "http_fallback", "network_profile_active": "offline", "oldest_item_age_ms": null, "queue_depth": 0, "retried": 0, "sent": 0, "socket_emitted": 0, "source": "driver.tracking.queue", "tracking_queue_oldest_age_ms": null}
 INFO  [driver-telemetry] tracking.flush.transport {"backend_acked": 0, "sent": 0, "socket_emitted": 0, "source": "driver.tracking.queue", "transport": "http"}
 INFO  [driver-telemetry] auth.refresh.endpoint_used {"endpoint": "refresh-token", "source": "core.api.client"}
 INFO  [perf-kpi] perf.realtime.notify {"duration_ms": 1, "listener_count": 3, "role": "driver", "screen": "/", "source": "perf.instrumentation", "timestamp_client": "2026-08-16T10:08:42.442Z"}
 INFO  [driver-telemetry] realtime.transport.state {"actual_transport": "polling", "connected": true, "mode": "socket", "source": "core.realtime.manager", "transport_authority": "polling"}
 INFO  [perf-kpi] perf.realtime.notify {"duration_ms": 1, "listener_count": 3, "role": "driver", "screen": "/", "source": "perf.instrumentation", "timestamp_client": "2026-08-16T10:08:42.444Z"}
 LOG  [DriverSocket] {"contextId": "driver:19", "hasToken": true, "path": "/socket.io", "socketUrl": "http://127.0.0.1:15100", "surface": "driver", "transports": ["websocket", "polling"], "urlEnvSource": "EXPO_PUBLIC_DRIVER_SOCKET_URL"}
 INFO  [perf-kpi] perf.runtime.socket_reconnect_failed_total {"context_id": "driver:19", "source": "perf.runtime_stability", "timestamp_client": "2026-08-16T10:08:42.456Z", "total": 55}
 INFO  [driver-telemetry] realtime.transport.state {"actual_transport": "polling", "connected": false, "mode": "polling", "source": "core.realtime.manager", "transport_authority": "degraded"}
 INFO  [perf-kpi] perf.realtime.notify {"duration_ms": 0, "listener_count": 3, "role": "driver", "screen": "/", "source": "perf.instrumentation", "timestamp_client": "2026-08-16T10:08:42.457Z"}
 INFO  [driver-telemetry] realtime.socket.disconnect {"context_id": "driver:19", "reason": "websocket error", "source": "core.realtime.manager"}
 INFO  [driver-telemetry] realtime.transport.mismatch {"actual_transport": "polling", "context_id": "driver:19", "desired_transport": "socket", "source": "core.realtime.manager"}
 INFO  [driver-telemetry] realtime.reconnect.circuit_breaker_blocked {"context_id": "driver:19", "source": "core.realtime.manager"}
 INFO  [driver-telemetry] driver.network.profile {"network_profile_active": "offline", "recommended_sync_interval_ms": 30000, "source": "core.api.client"}
 INFO  [driver-telemetry] driver.http.timeout {"endpoint": "/driver/me/bookings/since", "network_profile_active": "offline", "source": "core.api.client", "timeout_ms": 2500}
 INFO  [driver-telemetry] driver.http.fail_fast_offline {"connected": false, "endpoint": "/driver/me/bookings/since", "internet_reachable": false, "network_type": "fallback", "source": "core.api.client"}
 INFO  [driver-telemetry] driver.runtime.resume.failure {"context_id": "driver:19", "reason": "resume_failed", "resume_attempt_id": "driver:19:1786874921976:22", "retry_count": 2, "source": "driver.runtime.resume", "will_retry": false}
 INFO  [driver-telemetry] auth.refresh.endpoint_used {"endpoint": "refresh-token", "source": "core.api.client"}
 INFO  [driver-telemetry] driver.network.profile {"network_profile_active": "offline", "recommended_sync_interval_ms": 30000, "source": "core.api.client"}
 INFO  [driver-telemetry] driver.http.timeout {"endpoint": "/driver/me/bookings/since", "network_profile_active": "offline", "source": "core.api.client", "timeout_ms": 2500}
 INFO  [driver-telemetry] driver.http.fail_fast_offline {"connected": false, "endpoint": "/driver/me/bookings/since", "internet_reachable": false, "network_type": "fallback", "source": "core.api.client"}
 INFO  [driver-telemetry] driver.runtime.reconcile.failure {"context_id": "driver:19", "reason": "reconcile_failed", "source": "driver.sync.orchestrator", "trigger": "reconnect"}
 INFO  [driver-telemetry] tracking.queue.enqueued {"app_state": "active", "location_mode": "mission_live", "mission_id": 27, "oldest_item_age_ms": 13, "queue_depth": 1, "sequence_id": 1, "source": "driver.tracking.queue", "tracking_session_id": "trk_sess_1786874922260_rx84u71g"}
 INFO  [driver-telemetry] driver.network.profile {"network_profile_active": "offline", "recommended_sync_interval_ms": 30000, "source": "core.api.client"}
 INFO  [driver-telemetry] driver.http.timeout {"endpoint": "/driver/me/location", "network_profile_active": "offline", "source": "core.api.client", "timeout_ms": 28000}
 INFO  [driver-telemetry] tracking.ingest.ack {"accept_reason": "", "ack_status": "persisted", "durability": "persisted_sync", "flush_path": "http_fallback", "mission_id": 27, "queue_item_id": "trk_1786874924829_ifz2l2ie", "source": "driver.tracking.queue", "trace_id": "mob_msvn7037_aatft0ov"}
 INFO  [driver-telemetry] tracking.queue.flush {"backend_acked": 1, "dropped": 0, "flush_path": "http_fallback", "network_profile_active": "offline", "oldest_item_age_ms": 212, "queue_depth": 0, "retried": 0, "sent": 1, "socket_emitted": 0, "source": "driver.tracking.queue", "tracking_queue_oldest_age_ms": 212}
 INFO  [driver-telemetry] tracking.flush.transport {"backend_acked": 1, "sent": 1, "socket_emitted": 0, "source": "driver.tracking.queue", "transport": "http"}
 INFO  [driver-telemetry] tracking.bridge.health {"backend_ack_latency_ms": 2918, "mission_id": 27, "network_profile_active": "offline", "oldest_item_age_ms": 217, "queue_depth": 0, "socket_emit_without_backend_ack_total": 0, "source": "driver.tracking.bridge", "tracking_flush_batch_size": 1}
 INFO  [driver-telemetry] tracking.auth.presence.ensure_headless {"driver_id": 19, "kind": "SESSION_AVAILABLE", "path": "memory_cache"}
 INFO  [driver-telemetry] tracking.background.task.skipped {"reason": "missing_native_owner", "source": "driver.services.backgroundLocationTask", "task_name": "background-location-task"}
 INFO  [driver-telemetry] tracking.auth.presence.ensure_headless {"driver_id": 19, "kind": "SESSION_AVAILABLE", "path": "memory_cache"}
 INFO  [driver-telemetry] tracking.background.task.skipped {"reason": "missing_native_owner", "source": "driver.services.backgroundLocationTask", "task_name": "background-location-task"}
 INFO  [driver-telemetry] tracking.auth.presence.ensure_headless {"driver_id": 19, "kind": "SESSION_AVAILABLE", "path": "memory_cache"}
 INFO  [driver-telemetry] tracking.background.task.skipped {"reason": "missing_native_owner", "source": "driver.services.backgroundLocationTask", "task_name": "background-location-task"}
 INFO  [driver-telemetry] tracking.auth.presence.ensure_headless {"driver_id": 19, "kind": "SESSION_AVAILABLE", "path": "memory_cache"}
 INFO  [driver-telemetry] tracking.background.task.skipped {"reason": "missing_native_owner", "source": "driver.services.backgroundLocationTask", "task_name": "background-location-task"}
 INFO  [driver-telemetry] tracking.auth.presence.ensure_headless {"driver_id": 19, "kind": "SESSION_AVAILABLE", "path": "memory_cache"}
 INFO  [driver-telemetry] tracking.background.task.skipped {"reason": "missing_native_owner", "source": "driver.services.backgroundLocationTask", "task_name": "background-location-task"}
 INFO  [driver-telemetry] tracking.auth.presence.ensure_headless {"driver_id": 19, "kind": "SESSION_AVAILABLE", "path": "memory_cache"}
 INFO  [driver-telemetry] tracking.background.task.skipped {"reason": "missing_native_owner", "source": "driver.services.backgroundLocationTask", "task_name": "background-location-task"}
 INFO  [driver-telemetry] tracking.auth.presence.ensure_headless {"driver_id": 19, "kind": "SESSION_AVAILABLE", "path": "memory_cache"}
 INFO  [driver-telemetry] tracking.background.task.skipped {"reason": "missing_native_owner", "source": "driver.services.backgroundLocationTask", "task_name": "background-location-task"}
 INFO  [driver-telemetry] tracking.auth.presence.ensure_headless {"driver_id": 19, "kind": "SESSION_AVAILABLE", "path": "memory_cache"}
 INFO  [driver-telemetry] tracking.background.task.skipped {"reason": "missing_native_owner", "source": "driver.services.backgroundLocationTask", "task_name": "background-location-task"}
 INFO  [driver-telemetry] tracking.auth.presence.ensure_headless {"driver_id": 19, "kind": "SESSION_AVAILABLE", "path": "memory_cache"}
 INFO  [driver-telemetry] tracking.background.task.skipped {"reason": "missing_native_owner", "source": "driver.services.backgroundLocationTask", "task_name": "background-location-task"}
 INFO  [driver-telemetry] tracking.auth.presence.ensure_headless {"driver_id": 19, "kind": "SESSION_AVAILABLE", "path": "memory_cache"}
 INFO  [driver-telemetry] tracking.background.task.skipped {"reason": "missing_native_owner", "source": "driver.services.backgroundLocationTask", "task_name": "background-location-task"}
 INFO  [driver-telemetry] tracking.auth.presence.ensure_headless {"driver_id": 19, "kind": "SESSION_AVAILABLE", "path": "memory_cache"}
 INFO  [driver-telemetry] tracking.background.task.skipped {"reason": "missing_native_owner", "source": "driver.services.backgroundLocationTask", "task_name": "background-location-task"}
 INFO  [driver-telemetry] tracking.auth.presence.ensure_headless {"driver_id": 19, "kind": "SESSION_AVAILABLE", "path": "memory_cache"}
 INFO  [driver-telemetry] tracking.background.task.skipped {"reason": "missing_native_owner", "source": "driver.services.backgroundLocationTask", "task_name": "background-location-task"}
 INFO  [driver-telemetry] tracking.queue.flush {"backend_acked": 0, "dropped": 0, "flush_path": "http_fallback", "network_profile_active": "offline", "oldest_item_age_ms": null, "queue_depth": 0, "retried": 0, "sent": 0, "socket_emitted": 0, "source": "driver.tracking.queue", "tracking_queue_oldest_age_ms": null}
 INFO  [driver-telemetry] tracking.flush.transport {"backend_acked": 0, "sent": 0, "socket_emitted": 0, "source": "driver.tracking.queue", "transport": "http"}
 INFO  [driver-telemetry] tracking.background.wake_restart {"mission_id": 27, "reason": "background_task_tick", "source": "driver.services.backgroundLocationTask"}
 INFO  [driver-telemetry] driver.network.profile {"network_profile_active": "offline", "recommended_sync_interval_ms": 30000, "source": "core.api.client"}
 INFO  [driver-telemetry] driver.http.timeout {"endpoint": "/driver/me/device-health", "network_profile_active": "offline", "source": "core.api.client", "timeout_ms": 2500}
 INFO  [driver-telemetry] tracking.device_health.sent {"battery_optimized": false, "constraint_reason": null, "fgs_running": true, "kind": "tracking_health", "source": "driver.device_health", "trigger_reason": "background_task_tick"}
 INFO  [driver-telemetry] tracking.background.task.tick {"queue_depth": 0, "source": "driver.tasks.locationTask"}
 INFO  [driver-telemetry] tracking.auth.presence.ensure_headless {"driver_id": 19, "kind": "SESSION_AVAILABLE", "path": "memory_cache"}
 INFO  [driver-telemetry] tracking.background.task.skipped {"reason": "missing_native_owner", "source": "driver.services.backgroundLocationTask", "task_name": "background-location-task"}
 INFO  [driver-telemetry] tracking.auth.presence.ensure_headless {"driver_id": 19, "kind": "SESSION_AVAILABLE", "path": "memory_cache"}
 INFO  [driver-telemetry] tracking.background.task.skipped {"reason": "missing_native_owner", "source": "driver.services.backgroundLocationTask", "task_name": "background-location-task"}
 INFO  [driver-telemetry] tracking.auth.presence.ensure_headless {"driver_id": 19, "kind": "SESSION_AVAILABLE", "path": "memory_cache"}
 INFO  [driver-telemetry] tracking.background.task.skipped {"reason": "missing_native_owner", "source": "driver.services.backgroundLocationTask", "task_name": "background-location-task"}
 INFO  [driver-telemetry] tracking.auth.presence.ensure_headless {"driver_id": 19, "kind": "SESSION_AVAILABLE", "path": "memory_cache"}
 INFO  [driver-telemetry] tracking.background.task.skipped {"reason": "missing_native_owner", "source": "driver.services.backgroundLocationTask", "task_name": "background-location-task"}
