{
  "standard_scaler": {
    "columns": [
      "time_of_day",
      "day_of_week",
      "month",
      "distance_km",
      "duration_seconds",
      "booking_priority",
      "driver_total_bookings",
      "traffic_density",
      "weather_factor",
      "distance_x_traffic",
      "distance_x_weather",
      "traffic_x_weather",
      "medical_x_distance",
      "urgent_x_traffic",
      "hour_sin",
      "hour_cos",
      "day_sin",
      "day_cos",
      "delay_by_hour",
      "delay_by_day",
      "driver_experience_level",
      "distance_category",
      "traffic_level",
      "distance_squared",
      "traffic_squared",
      "driver_exp_log"
    ],
    "mean": [
      13.199,
      3.02875,
      6.4815,
      8.482959999999999,
      3919.389,
      0.5702750000000001,
      225.6695,
      0.55892,
      0.579606,
      4.737329809999999,
      4.916039189999999,
      0.32367193250000004,
      1.2662999999999998,
      0.05451050000000001,
      -0.12261502000849765,
      -0.39230811672307275,
      -0.01143663260702349,
      0.0021969250541923396,
      6.283424699870171,
      6.271366108286594,
      1.39725,
      0.94025,
      1.01775,
      137.74132605,
      0.354658975,
      5.102849130700359
    ],
    "scale": [
      4.54735076720501,
      2.0105778864545387,
      3.4773061053062326,
      8.110531159449422,
      3857.6515376170255,
      0.12705874379593088,
      147.80047283330998,
      0.2055903903396265,
      0.14456566765314646,
      5.040093896129264,
      5.049613512006632,
      0.14612704635065832,
      4.359319259930385,
      0.17962329578801853,
      0.7925636331145695,
      0.45044731754750833,
      0.7058908029691852,
      0.7082249298340445,
      1.337079988385352,
      0.8652760853197581,
      0.7020985952841666,
      0.9413713069241063,
      0.7200242617440055,
      425.7097667236895,
      0.23689669543802921,
      0.9165222111422199
    ]
  }
}